:020000041000EA
:10E0000000000220E93901101D380110273A0110E3
:10E01000293A01102B3A01102D3A0110000000009E
:10E020000000000000000000000000002F3A011076
:10E03000313A011000000000333A0110353A011066
:10E04000393A01103B3A01103D3A01103F3A0110B4
:10E05000413A0110433A0110453A0110473A011084
:10E06000493A01104B3A01104D3A01104F3A011054
:10E07000513A0110533A0110553A0110573A011024
:10E08000593A01105B3A01105D3A01105F3A0110F4
:10E09000613A0110633A0110653A0110673A0110C4
:10E0A000A1370110A93701106D3A01106F3A011024
:10E0B000713A0110733A0110753A0110773A011064
:10E0C000793A01107B3A01107D3A01107F3A011034
:10E0D000813A0110833A0110853A0110873A011004
:10E0E000893A01108B3A01108D3A01108F3A0110D4
:10E0F000913A0110933A0110953A0110973A0110A4
:10E10000993A01109B3A01109D3A01109F3A011073
:10E11000A13A0110A33A0110A53A0110A73A011043
:10E12000A93A0110AB3A0110AD3A0110AF3A011013
:10E13000B13A0110B33A0110B53A0110B73A0110E3
:10E14000B93A0110BB3A0110BD3A0110BF3A0110B3
:10E15000C13A0110C33A0110C53A0110C73A011083
:10E16000C93A0110CB3A0110CD3A0110CF3A011053
:10E17000D13A0110D33A0110D53A0110D73A011023
:10E18000D93A0110DB3A0110DD3A0110DF3A0110F3
:10E19000E13A0110E33A0110E53A0110E73A0110C3
:10E1A000E93A0110EB3A0110ED3A0110EF3A011093
:10E1B000F13A0110F33A0110F53A0110F73A011063
:10E1C000F93A0110FB3A0110FD3A0110FF3A011033
:10E1D000013B0110033B0110053B0110073B0110FF
:10E1E000000000000000000000000000000000002F
:10E1F000000000000000000000000000000000001F
:10E2000000488047E93901100348044B834202D09B
:10E21000034B03B118477047CC0B0020CC0B0020F8
:10E22000000000000548064B1B1AD90F01EBA301A3
:10E23000491002D0034B03B118477047CC0B0020A4
:10E24000CC0B00200000000010B5064C237843B929
:10E25000FFF7DAFF044B13B10448AFF3008001234A
:10E26000237010BD000C00200000000058080210B0
:10E2700008B5044B1BB104490448AFF30080BDE866
:10E280000840CFE700000000040C002058080210EE
:10E290002DE9F04792460746D8B3884699B311F066
:10E2A000010530D1DFF87490461C16F8014C317826
:10E2B00009EB050022462CB107F0AEF90135013C0F
:10E2C00055FA84F50236F31B013B9845EDD825B984
:10E2D0001248CAF80050BDE8F0876B1E19F8031009
:10E2E0004A1E1F2AF4D8012D15D00D4828444B444E
:10E2F000401A03E083420ED099450CD013F801294F
:10E300008A42F7D0E4E700252846CAF80050BDE865
:10E31000F0870546DDE76D1ADAE700BF1C0C002028
:10E320001B0C002070B5DCB01C4601230E460546D0
:10E33000114600932022609B03A802F027FF38B902
:10E3400033462A46214603A802F0A0FF5CB070BD08
:10E350004FF0FF30FAE700BF70B5DCB01C46002379
:10E360000E460546114600932022609B03A802F04A
:10E370000DFF38B933462A46214603A802F014FFA0
:10E380005CB070BD4FF0FF30FAE700BF2DE9F041FF
:10E39000E0B00E4604460021174608A86FF00102BF
:10E3A00098469DF8985103F0DFF820233246062165
:10E3B0000DEB030003F0A0F900283AD1424639469C
:10E3C00008A803F01FF8A0BB694608A803F054F89A
:10E3D000064670BB08A803F0D7F8DDB9204604F163
:10E3E000200669462A4650F8043B51F8044B864201
:10E3F00083EA040342EA0302F5D1C2F30726164377
:10E40000C2F307431E4346EA1266F6B2304660B0D6
:10E41000BDE8F0816D460FCD20606160A260E360D1
:10E420000FCD206130466161A261E36160B0BDE85B
:10E43000F0814FF0FF36E9E72DE9F0470021C2B047
:10E4400080462022514807F0E7F85149404607F03E
:10E45000C7FB002800F083804FF00009861D02AF43
:10E46000CA4600E0661C2C21304607F027F9044616
:10E47000851BA0B10F2DF5D82A463146384607F046
:10E4800029F8B9F1070F07F805A0EBD8384607F0CF
:10E4900037FF3E4B43F8290009F10109E2E75D210E
:10E4A000304607F00BF910B1851B0F2D59D900210B
:10E4B0004FF48072384607F0AFF83649404607F00F
:10E4C0008FFB40B1841D2B21204607F0F7F810B1D7
:10E4D000021BFF2A55D9384607F032F801240346BB
:10E4E0003A46394600942C48FFF750FF384607F06B
:10E4F00027F83A4603460DF10D0100942748FFF72F
:10E5000045FF384607F01CF83A4603460DF1120164
:10E5100000942348FFF73AFF384607F011F83A46CF
:10E5200003460DF1170100941E48FFF72FFF3846F0
:10E5300007F006F83A46034607A900941A48FFF781
:10E5400025FF384606F0FCFF009403463A460DF1DD
:10E5500021011648FFF71AFF42B0BDE8F08702AF6D
:10E56000A5E731462A46384606F0B4FFB9F1070F51
:10E570007C559CD8384607F0C3FE044B43F829006D
:10E5800095E72146384606F0A5FFA4E7B01D002018
:10E59000ACDA0110B4DA0110BC1C00209C1C002075
:10E5A0007C1C00205C1C00203C1C00201C1C00204B
:10E5B0002DE9F043294A2A4E2A4F2B4D2B4C4FF080
:10E5C000040C00EB060E87FB0E384FEAEE73C3EB2C
:10E5D000E85302FB13E34FF0040803EB430E03EB95
:10E5E0008E032B444FEA932EA4FB0E9E4FEA5E1E31
:10E5F000B8F1010802FB1E33EFD1CB1A990AA4FB34
:10E6000001E1490902FB113101EB060E4FEA9E239D
:10E61000A4FB03835B0902FB13E34FF0040803EB45
:10E62000430E03EB8E032B444FEA932EA4FB0E9E66
:10E630004FEA5E1EB8F1010802FB1E33EFD1C31A88
:10E64000980AA4FB00E04009BCF1010C02FB103069
:10E65000B7D107480844C0B2BDE8F08300A49A03CC
:10E6600078563412BFF48323C7AB2551F5832300BA
:10E67000A7A39A03F0B5A9B08022002108A806F04C
:10E68000CBFF104E104D114B01AC0027184656F829
:10E69000041BFFF78DFF55F8043F207004F8017F3D
:10E6A000002BF3D101AA0A4908A808F00BFD08A81D
:10E6B00006F046FF08A982B2472000F0ADFC29B061
:10E6C000F0BD00BF80E10110F0E10110B6E4FF01F0
:10E6D000BCDA011030B51B4BABB0002215460192DD
:10E6E00003F1C0041146187A01EB81020DF1A80C68
:10E6F0000CEB820290B1A2F1A40EDD6842F8A05C9E
:10E70000A2F19C0C5D691A69CEF80820CEF80C5075
:10E71000DA699D690131CCE90252054618339C4201
:10E72000E1D165B101EB810292000432019192B214
:10E7300001A94C2000F070FC00202BB030BD042259
:10E74000F6E700BFE81C0020F0B5203887B00D4682
:10E7500086B200240A4600945D493346A819FFF7A3
:10E7600015FEA042C0F296805A4F38687968BA68A0
:10E77000FB680DF1080CACE80F0002AB00933A46C1
:10E780002B4631462846FFF7CDFD0028C0F29A807F
:10E790006E69002E00F084802A684F4B9A4267D140
:10E7A0004E4BA44653F8044F0CF1010C0CB1A64299
:10E7B00014D0BCF1080FF5D1002005F0D9F80120E4
:10E7C00005F0D6F8022005F0D3F8002005F0B0F8E7
:10E7D00043493422452000F01FFC1FE0414A4FF01E
:10E7E000000C1446E3689E421CD0237A1834CBB147
:10E7F0000CF1010CBCF1080FF4D1002005F0B8F8C1
:10E80000012005F0B5F8022005F0B2F8002005F06F
:10E810008FF835493C22452000F0FEFB4FF0FF30D9
:10E8200007B0F0BD0CEB4C0302EBC3030120696899
:10E83000DE601872A868C3E904100CF1010C0CEB3F
:10E840004C0C02EBCC03E868296942F83C002748ED
:10E85000596000F001FB23492448C82200F036FB30
:10E8600000221146532000F0D7FB002007B0F0BD76
:10E87000204605F07DF8012005F07AF8022005F029
:10E8800077F8204605F054F819491F22452000F07A
:10E89000C3FBC3E717492422452000F0BDFBBDE7B9
:10E8A000304605F065F8012005F062F8022005F019
:10E8B0005FF8304605F03CF80F494622452000F04D
:10E8C000ABFBABE70D491F22452000F0A5FBA5E7F8
:10E8D0003C1C00209C1C0020EFBEADDEAC1D0020C7
:10E8E000C8DB0110E81C002088DB011000C0071005
:10E8F00068DB0110D8DA011020DB011000DB011009
:10E900002DE9F04FA44B0546D9B01868A5F12008B1
:10E910000E461FFA88F805F07DFF002480220021B2
:10E9200038A806F079FE9D4900944346324606EB2E
:10E930000800FFF72BFDA042C0F20A81DFF86092C9
:10E94000CDF808902C3DABB2964FDFF85CA2039354
:10E950004D46B14605E00134082C05F1180500F0DC
:10E96000A3802B7A002BF6D0DAF80000DAF8041036
:10E9700006AB03C3EB6804931CA804F0D1FE042289
:10E9800004A91CA804F0A8FD082206A91CA804F0EC
:10E99000A3FD0CA91CA804F025FE38687968BA68A4
:10E9A0000C9B089309AB07C34FF0010B049B7F49F5
:10E9B000059305AA042308AECDF800B014A8FFF70C
:10E9C000E5FC009614AA4B4641464846FFF7AAFCD0
:10E9D00000287DDBD9F80030049A9342BBD17049FE
:10E9E00004EB4402013404EB440408464E4601EBB8
:10E9F000C20250F83450DDF80890D2E9047001EBFF
:10EA0000C4017468B2684968BC4272EB000071D3FB
:10EA1000A54291416ED3664DD5E90001A0429141D6
:10EA2000644803D301688B4200F0A4800360C5E909
:10EA30000042614902931622472000F0EDFA029B42
:10EA40006BB15E4903E009F11809894564D0D9F832
:10EA50000C209342F7D199F80820002AF3D05849A6
:10EA60001322472000F0D8FA03991CAA06F10C00E3
:10EA7000FFF70EFC40220146442000F0CDFA464B41
:10EA8000186805F0C9FE4F49024638A808F01AFB7D
:10EA900038A806F055FD38A982B2472000F0BCFA2C
:10EAA000002059B0BDE8F08F002004F061FF012084
:10EAB00004F05EFF022004F05BFF002004F038FF4A
:10EAC00041491322452000F0A7FA4FF0FF30E8E754
:10EAD000002004F04DFF584604F04AFF022004F0E5
:10EAE00047FF002004F024FF38491222452000F09F
:10EAF00093FAEAE7002004F03BFF012004F038FF1E
:10EB0000022004F035FF002004F012FF30491B22E0
:10EB1000452000F081FAD8E70020029304F028FF96
:10EB2000012004F025FF022004F022FF002004F061
:10EB3000FFFE029B27491A4638A808F0C3FA38A8F6
:10EB400006F0FEFC38A982B2452000F065FABCE769
:10EB5000204604F00DFF012004F00AFF022004F01B
:10EB600007FF204604F0E4FE1B491722452000F071
:10EB700053FAAAE7002004F0FBFE584604F0F8FE22
:10EB8000022004F0F5FE002004F0D2FE13491C22FE
:10EB9000452000F041FA98E7040000205C1C0020AA
:10EBA000E81C0020C01C0020B41C0020BC1C00205D
:10EBB000E01C0020000000207CDC0110A81D0020CB
:10EBC00094DC0110A8DC01102CDC011018DC011011
:10EBD00040DC0110C4DC011000DC01105CDC011021
:10EBE00030B54FF0FF33B5B0274A284D10684FF4C9
:10EBF0008074CDE90143264C002201A905F08CFC6C
:10EC000000F012F92348C822214600F027F92368B2
:10EC1000AB4205D100F092FA002828DB35B030BDB8
:10EC20001D491E22472000F0F7F94FF0FF304FF04A
:10EC3000FF314FF0000C256004AB34AAC3E9020198
:10EC4000C3E9040103F818CB9342F7D1C02204A909
:10EC5000124807F05BFC0F4800F0FEF80C490D4825
:10EC6000C82200F033F900F069FA0028D6DA002053
:10EC700004F07EFE012004F07BFE022004F078FE0A
:10EC8000002004F055FEFEE704000020EFBEADDEDC
:10EC9000E81C002000C00710F0DC0110F01C002070
:10ECA00030B5ADF5025D83B08022002102A806F0E8
:10ECB000B3FC4C484C4C4D4DFFF7BEFBFFF790FFAB
:10ECC0004B491022472000F0A7F906222146472091
:10ECD00000F0A2F9002004F04BFE012004F048FEF1
:10ECE000022004F045FE012004F022FE0DF1060290
:10ECF00022A90DF1050000F0CDF903460020834262
:10ED000024DB9DF805304C2B4FF0000057D0532BDF
:10ED100041D0442B2BD0002004F02AFE012004F027
:10ED200027FE022004F024FE002004F001FE9DF8DE
:10ED30000520294602A808F0C5F902A806F000FC43
:10ED400002A982B2452000F067F9BEE704F010FE88
:10ED5000012004F00DFE022004F00AFE002004F061
:10ED6000E7FD24492022452000F056F9ADE704F0E4
:10ED7000FFFD012004F0FCFD022004F0F9FD00205D
:10ED800004F0D6FD022004F0D3FDBDF8060022A950
:10ED9000FFF7B6FD99E704F0EBFD012004F0E8FD74
:10EDA000022004F0E5FD002004F0C2FD012004F083
:10EDB000BFFDBDF8060022A9FFF7C6FC85E704F0F9
:10EDC000D7FD012004F0D4FD022004F0D1FD012084
:10EDD00004F0AEFD022004F0ABFDFFF74BFCFFF7A3
:10EDE00079FC72E710DD0110A0DD0110CCDD01100F
:10EDF0008CDD0110A8DD0110094A536AD90703D53B
:10EE0000516A21F0010151629B0700D47047044A06
:10EE10000448536A23F00203536207F0ABBF00BFFC
:10EE200000900240E4DD011008B50849172004F005
:10EE3000E1FF074B4FF400021A604FF4407005F0F9
:10EE40001DF9BDE80840034805F044BBF9ED00108A
:10EE500000E100E000A0024011F0FABC70B5194CCE
:10EE6000EAB04FF4C87205460E4606A8002106F027
:10EE7000D3FB20686168A268E3680DF1080CACE878
:10EE80000F0028464FF4C872614605F0F5F80023DC
:10EE900000930D494FF4B87306AA62A8FFF776FAFB
:10EEA00060B902AB05460093224633464FF4B87171
:10EEB00006A8FFF737FA28466AB070BD4FF0FF3555
:10EEC000F9E700BF7C1C00201C1C00202DE9F0414C
:10EED0004FF4C878EAB005460E4617460021424670
:10EEE00006A806F099FB104C02AB009320686168FD
:10EEF000A2689C46E368ACE80F00224663463946A8
:10EF00003046FFF729FA01224FF4B87300920749FF
:10EF100006AA62A8FFF73AFA06AA4146284605F073
:10EF2000A9F86AB0BDE8F0817C1C00201C1C002000
:10EF300081B32DE9F047DFF8608082B00F46451EAF
:10EF4000002444F2251902AE00F00EF900281ADB65
:10EF50000134BC4205F8010F18D0E3B2002BF3D105
:10EF6000CDF804900DF1040A1AF8010B00F002F933
:10EF7000B245F9D1D8F80030986806F091FF00F05A
:10EF8000F3F80028E4DA02B0BDE8F087002002B010
:10EF9000BDE8F087002070471800002000B583B05E
:10EFA0000023019300F0E0F8C0B225288DF804009A
:10EFB000F8D100F0D9F8022103460DF106008DF8D2
:10EFC0000530FFF7B5FF9DF80500413818BF4FF039
:10EFD000FF30C0B203B05DF804FB00BFF8B591B1DB
:10EFE00017460E46451E0024013415F8010F00F0A7
:10EFF000C1F8B442E3B206D0002BF5D1002FF3D014
:10F00000FFF7CCFFF0E7034B1B68986806F048FF5A
:10F010000020F8BD180000202DE9F04182B0252322
:10F020000646174688468DF804308DF80500ADF881
:10F03000062001AC02AD14F8010B00F09BF8AC42C5
:10F04000F9D1134B1B68986806F02AFF412E02D0B5
:10F05000472E04D197B9002002B0BDE8F081FFF738
:10F060009DFF002FF7D0012239464046FFF7B6FF3B
:10F07000FFF794FF002002B0BDE8F081002239467E
:10F080004046FFF7ABFF002002B0BDE8F08100BFB3
:10F0900018000020F0B583B000230093002848D06A
:10F0A0000E461546044600F05FF8C0B225288DF8DC
:10F0B0000000F8D100F058F802218DF801000DEBA6
:10F0C0000100FFF735FF9DF80130237015B1BDF841
:10F0D00002202A80412B02D1002003B0F0BD44F26F
:10F0E0002513019301AC02AD14F8010B00F042F8B6
:10F0F000A542F9D1104F3B68986806F0D1FEBDF8E3
:10F1000002100029E8D026B13046FFF711FF002891
:10F110000FDB44F22513019301AC02AD14F8010B8F
:10F1200000F028F8A542F9D13B68986806F0B8FECF
:10F13000D2E74FF0FF30D0E71800002010B50848A4
:10F1400002224FF4E13105F0BBFE044608B9204627
:10F1500010BD2146034807F0F9FF204610BD00BF4F
:10F16000002004400CDE0110014805F0A1BF00BFE3
:10F1700000200440024A53681B06FCD4106270470A
:10F18000002004402DE9F04F87B00D684F688E686D
:10F19000CC68CDE9003203682DBA5D4043683FBAC0
:10F1A0005F40836836BA5E40C368F9B2F2B224BAEF
:10F1B0005C4001F54071EA4B02F540725FFA84FE53
:10F1C00053F8218053F822100EF5407E2A0E53F892
:10F1D0002EE053F822205FFA85FC82EA0E020CF53D
:10F1E000407C4FEA176E53F82CC053F82EE08EEA9D
:10F1F0000C0E4FEA166C53F82CC08CEA080C4FEA40
:10F20000146853F8288088EA0101C7F30748C7F358
:10F21000072707F50077029153F827B00169C6F375
:10F220000747C6F3072606F5007608F5807853F8F9
:10F23000269053F828A0C4F30746C4F3072407F523
:10F24000807704F500744A40416953F8278053F8E9
:10F25000247006F58076C5F30744C5F307258EEACA
:10F26000010E05F50075816953F8266053F82550A5
:10F270008CEA010C04F580748CEA060C8CEA050C0F
:10F2800053F82440C56902996940614081EA0B0145
:10F29000CCB28EEA080E04F540748EEA070E53F8DD
:10F2A0002450CEF3074404F5807482EA0A0253F82E
:10F2B00024705FFA8EF404F5407482EA0902039424
:10F2C0005FFA8CF404F54079140ED6B2C2F3074B02
:10F2D000C2F3072253F82440CDF8149002F50072CF
:10F2E0000492CCF30728026A08F500786C40544079
:10F2F0004FEA1E697C4006F5407653F8287053F8B3
:10F300002660039ACEF3072E67400EF5007A53F875
:10F310002940DDF8149053F82AA04FEA1C6ECCF374
:10F32000074C0CF5807574404FEA116C53F82E6051
:10F3300053F822E00295029A53F82CC086EA0E0692
:10F3400053F829E0C1F30745C1F3072101F5007126
:10F350008CEA0E0C53F822E0049A53F8219053F8EB
:10F360002210426A05F580755440826A53F8258060
:10F3700056400BF5807B86EA08064E40C16A53F87A
:10F380002B508CEA010C8CEA050C8CEA0A0C5FFA13
:10F390008CF284EA0E0402F5407284EA090453F800
:10F3A0002210C4F3074202F5807253F822A0C6F37C
:10F3B000072202F5007253F822500295FAB202F5C4
:10F3C000407253F82250C6F3074202F5807253F898
:10F3D00022200392CCF3072202F5007253F822E0B8
:10F3E000CDF810E0E2B202F540725FFA86FE53F803
:10F3F00022B0CCF3074202F580724FEA1C6C53F83E
:10F40000229053F82C20C7F3072C0CF5007C360E05
:10F4100053F82C8053F826604FEA176C86EA0B06E7
:10F4200053F82CB0C7F307478BEA010B07F580713F
:10F43000270E0EF5407E53F8277087EA050C056B02
:10F440008BEA050B029D8BEA0A076F40456B8CEA3D
:10F45000050C039D8CEA050C049D8CEA050C856B5C
:10F460006E4053F82E50C4F3072482EA050E04F5CB
:10F47000007453F82150C16B53F824208EEA010E1A
:10F480008EEA050E8EEA020E5FFA8EF202F54072E7
:10F4900086EA090653F82210FAB202F5407286EAAB
:10F4A000080653F822805FFA8CF202F5407253F896
:10F4B0002250F2B202F5407253F822403A0E53F84D
:10F4C000222051404FEA1C6253F8222082EA0802AF
:10F4D0004FEA166853F8288088EA05054FEA1E6847
:10F4E00053F8288088EA0404CCF30748CCF3072CAF
:10F4F00008F580780CF5007C53F828B0029453F896
:10F500002C400394C6F3074C0CF5807CC6F3072609
:10F5100006F5007653F82C90046C53F826A0CEF331
:10F52000074CCEF3072E0EF500766140446C53F87D
:10F5300026800CF5807CC7F30746C7F30727624097
:10F5400007F50077846C53F82CE053F8277065407A
:10F5500085EA0E0506F580767D40029CC76C01E0C9
:10F5600060F3011053F826607C40039F74407C4098
:10F57000E6B282EA090206F5407682EA080253F80A
:10F580002670C2F3074606F5807681EA0B0153F830
:10F5900026C0CDF808C0C5F3074C0CF5807B5FFA98
:10F5A00082FC81EA0A01C5F307260CF540795FFA6F
:10F5B00085FC2D0E04950D0E06F5007653F82550AA
:10F5C00053F826E0CDF80CE0CEB26F4006F5407659
:10F5D000150E53F8266053F8255053F829907540BE
:10F5E000066D7740029E7740039E7740466D7540DA
:10F5F00053F82B60DDF810B04FEA1468C4F3074EDF
:10F60000C4F307240CF5407A754004F5007453F8F0
:10F610002B60C1F3074CC2F30722C1F3072186EA2E
:10F62000090902F5007253F8286053F82A8053F84C
:10F6300024400EF5807E01F5007153F82EA00CF5E4
:10F64000807C85EA040E53F8214053F82210826D25
:10F6500086EA080653F82C8089EA020CC26D5640EF
:10F6600086EA08064E40F2B202F540728CEA0A0CB5
:10F6700053F82280FAB202F540728CEA040C53F877
:10F6800022505FFA8EF202F5407253F822405FFA80
:10F690008CF202F5407253F822103A0E53F82220F1
:10F6A00082EA08024FEA1E6853F8288088EA0505B6
:10F6B0004FEA1C6853F8288088EA04044FEA166869
:10F6C00053F8288088EA0101CEF30748CEF3072ECD
:10F6D0000EF5007E029153F82E100391CCF3074EE5
:10F6E000CCF3072C0CF5007C016E53F82CA0C6F36C
:10F6F000074CC6F3072608F5807806F500764A40E1
:10F70000416E53F828B053F826800EF5807E0CF534
:10F71000807CC7F30746C7F307274D4007F50077FE
:10F72000816E53F82E9053F82CE053F827704C401C
:10F7300084EA0E0406F580767C400299C76E53F881
:10F7400026607940039F7140794082EA0B0285EA86
:10F75000090582EA0A0285EA08055FFA81F8170EB0
:10F7600008F540785FFA82FEE6B253F8279053F826
:10F7700028700EF5407E5FFA85FC06F540760CF5A4
:10F78000407C53F826B053F82C8089EA07072E0EE8
:10F7900053F82E9053F82660C5F3074EC5F307259E
:10F7A0004FEA146C0EF5807E05F5007553F82EA017
:10F7B00053F82CC053F825E0C4F30745C4F30724DD
:10F7C00004F500748CEA080C4FEA116886EA090611
:10F7D00053F8249053F82880C1F30744C1F307215C
:10F7E00005F5807504F5807401F5007188EA0B0B4E
:10F7F00053F8258053F8245053F82140C2F30741B1
:10F80000C2F3072202F5007201F5807153F822203D
:10F810000292026F53F821105740426F564086EA19
:10F8200008066640846F029A8CEA040CC46F8CEA66
:10F83000050C8BEA04048CEA020C4C4072465440DE
:10F84000E2B202F5407287EA0A0753F82250C6F383
:10F85000074202F5807287EA090753F822200292D4
:10F86000CCF3072202F50072C7F3074953F82210C0
:10F870000391FAB202F5407209F5807953F822102B
:10F88000CCF3074202F5807253F822E0CDF810E085
:10F89000C4F3072202F500725FFA8CFE53F822804F
:10F8A000CDF81480F2B202F540724FEA1C6C53F8A6
:10F8B000222053F82CC08CEA02024FEA176CC7F3DF
:10F8C000072753F82CB08BEA050B350E07F5007CA3
:10F8D00053F82550029F85EA010AD0F880508BEA40
:10F8E000050B039D8BEA07076F40D0F884508AEA26
:10F8F000050A049D4FEA14688AEA050AC4F307441E
:10F90000059D53F82880C6F3072604F5807406F594
:10F9100000718AEA0506D0F8885053F8244053F85D
:10F9200021100EF5407E6A4053F82E5082EA040EF4
:10F9300053F82C2053F829408EEA020ED0F88C2080
:10F9400088EA050585EA020C8CEA040C8CEA010CB5
:10F950005FFA8CF202F540724FEA176853F82210F2
:10F9600053F82880FAB202F5407288EA01014FEAA2
:10F97000166853F8225053F82880F2B202F540720C
:10F9800088EA05054FEA1E6853F8224053F828809C
:10F990005FFA8EF288EA040402F540724FEA1C68AE
:10F9A00053F8222053F8288088EA0202C6F3074859
:10F9B000C6F3072606F50076029253F82620039236
:10F9C000CEF3074606F58076CEF3072E53F8269041
:10F9D000CCF3074608F580780EF5007E06F58076B4
:10F9E00053F828B053F82EA053F826E0D0F8902012
:10F9F0005140D0F89420C7F30746C7F30727554076
:10FA000007F50077D0F8982053F82770544006F592
:10FA1000807684EA0E04029A53F826607C40D0F87F
:10FA20009C70CCF3072C7A400CF5007C7240009E51
:10FA300053F82C80039F81EA0B0185EA0905052E06
:10FA400081EA0A0185EA080582EA070240F2ED81AF
:10FA5000D6B206F54076C5F3074E53F82670CEB2FF
:10FA600006F540760EF5807E53F826C0EEB206F518
:10FA7000407653F82680E6B206F5407653F826B075
:10FA80000E0E53F8266077402E0EC5F3072553F867
:10FA9000266005F5007586EA0C064FEA146C53F8EB
:10FAA00025A053F82CC0C4F30745C4F3072404F57C
:10FAB00000748CEA080C4FEA126853F8249053F84B
:10FAC0002880C2F30744C2F3072205F5807502F5CA
:10FAD000007288EA0B0B53F82E8053F825E053F898
:10FAE0002250C1F3074202F5807204F5807453F886
:10FAF00022200292D0F8A02053F824405740D0F89A
:10FB0000A420564086EA0E06C1F30721754001F590
:10FB10000071D0F8A86053F82110029A8CEA060C04
:10FB20008CEA040C8CEA010CD0F8AC108BEA0106CC
:10FB3000564052465640F2B202F54072CCF30744AA
:10FB400053F82210C5F3074202F5807204F5807461
:10FB500053F822B053F824400394CCF30722C6F3A1
:10FB6000072402F5007287EA080704F5007487EAA3
:10FB7000090753F8222053F824E00292ECB2FAB2BB
:10FB8000CDF810E002F540725FFA8CFE04F5407487
:10FB90004FEA1C6C53F8222053F8244053F82CC031
:10FBA0008CEA04044FEA176C4FEA166853F82CC02D
:10FBB00053F828808CEA01014FEA156CC6F307461A
:10FBC00053F82CA08AEA020AD0F8B0205140029AD9
:10FBD00081EA0B015140D0F8B4208AEA020A039A64
:10FBE0008AEA020A049AC5F3072506F5807605F528
:10FBF000007CC7F307498AEA0205C7F30727D0F854
:10FC0000B82053F8266007F500770EF5407E544083
:10FC1000744053F8276053F82E2053F82C7009F5E0
:10FC200080797440D0F8BC6053F829E088EA020279
:10FC30007240009E82EA0E02062E82EA070200F05F
:10FC4000F480D6B206F54076C5F3074E53F8267019
:10FC5000CEB206F540760EF5807E53F826C0EEB2A1
:10FC600006F5407653F82680E6B206F5407653F85E
:10FC700026B00E0E53F8266077402E0EC5F30725EA
:10FC800053F8266005F5007586EA0C064FEA146CF9
:10FC900053F825A053F82CC0C4F30745C4F3072438
:10FCA00004F500748CEA080C4FEA126853F82490AB
:10FCB00053F82880C2F30744C2F3072205F5807584
:10FCC00002F5007288EA0B0B53F82E8053F825E0FA
:10FCD00053F82250C1F3074202F5807204F5807494
:10FCE00053F822200292D0F8C02053F82440574005
:10FCF000D0F8C420564086EA0E06C1F307217540AD
:10FD000001F50071D0F8C86053F82110029A8CEA0E
:10FD1000060C8CEA040C8CEA010CD0F8CC108BEAAF
:10FD20000106564052465640F2B202F54072CCF3FC
:10FD3000074453F82210C5F3074202F5807204F518
:10FD4000807453F822B053F824400394CCF3072274
:10FD5000C6F3072402F5007287EA080704F5007469
:10FD600087EA090753F8222053F824E00292ECB204
:10FD7000FAB2CDF810E002F540725FFA8CFE04F59D
:10FD800040744FEA1C6C53F8222053F8244053F877
:10FD90002CC08CEA04044FEA176C4FEA166853F83B
:10FDA0002CC053F828808CEA01014FEA156CC6F389
:10FDB000074653F82CA08AEA020AD0F8D020514016
:10FDC000029A81EA0B015140D0F8D4208AEA020A53
:10FDD000039A8AEA020A049AC5F3072506F5807693
:10FDE00005F5007CC7F307498AEA0205C7F3072730
:10FDF000D0F8D82053F8266007F500770EF5407E3E
:10FE00005440744053F8276053F82E2053F82C7058
:10FE100009F580797440D0F8DC6053F829E088EA6D
:10FE20000202724082EA0E027A40D6B206F580766D
:10FE30004FEA146913F826C0C5F3074606F5407665
:10FE400009F5007953F8266053F8299006F47F08E5
:10FE50000E0E06F500765FFA84FA53F8266006F077
:10FE60007F4648EA0608CEB206F580760AF5807A23
:10FE700013F82670C4F3074606F54076C4F307244A
:10FE800053F8266006F47F0E2E0E06F5007609F074
:10FE90007F4953F8266006F07F464EEA060EEEB222
:10FEA000C5F307254FEA126B53F8255005F47F453B
:10FEB0000295C2F3074505F54075C2F3072253F8D2
:10FEC000255053F8222005F47F0545EA090553F82B
:10FED000249013F82A40C1F3074A0BF5007B06F57E
:10FEE0008076C1F307210AF5407A13F8266053F8AB
:10FEF000211053F82AA053F82B3002F47F4B009ABC
:10FF00000AF47F0A03F07F434AEA030300EB421A34
:10FF1000520109F47F4982588CEA020CDAF8042075
:10FF20005740DAF808205640DAF80C205440029A7C
:10FF300001F47F418CEA090C87EA0B074E405440DC
:10FF400001998CEA080C87EA0E076E405C409CFA27
:10FF50008CFC3FBA36BA24BAC1F800C04F608E603C
:10FF6000CC6007B0BDE8F08F2DE9F04F87B00D6889
:10FF70004C68D1F80890CE68CDE9003203682DBAFC
:10FF80005D40436824BA5C40836899FA89F989EA3C
:10FF90000309C3685FFA84FC5FFA89F7EAB236BAEC
:10FFA0005E400CF5407CE84B07F5407702F5407267
:10FFB000F1B253F82C8053F827C053F8227001F5A2
:10FFC00040712A0E53F821E053F82210220E81EAE4
:10FFD000080153F8222082EA0C024FEA196C0292BF
:10FFE00053F82CC08CEA0E0C4FEA166E53F82EB064
:10FFF0008BEA070BC6F30747C6F3072606F500761C
:020000041001E9
:1000000007F5807753F826E053F827A0C5F3074695
:10001000C5F3072506F5807605F5007553F82680AB
:1000200053F82560C4F30745C4F3072404F50074AE
:1000300005F5807553F8242003920269029C53F859
:10004000257051404269C9F30745C9F30729544057
:1000500005F5807509F5007984EA080282EA0E0246
:1000600053F8255053F82990D0F818E0039C8CEAF7
:100070000E0C8CEA070C8CEA060CC6698BEA060BA0
:100080008BEA050BD5B205F540758BEA040453F8ED
:100090002560C4F3074505F5807581EA0A0153F828
:1000A000257002975FFA8CF581EA090105F5407B1E
:1000B000E5B205F5407ECDB205F540790D0E4FEA6B
:1000C0001268C2F3074AC2F3072253F82550CDF84D
:1000D0000CE002F500720592CCF30727026A754026
:1000E00007F500775540029A53F8277055406F4046
:1000F000039A53F8285053F82B804FEA1C6ECCF328
:10010000074C0CF5807653F82EE004964FEA146CF9
:1001100085EA080553F82280059A53F82CC0C1F3EC
:1001200007460AF5807A06F580768EEA080EC4F353
:10013000072453F8298053F82A9053F822A0426AE2
:1001400004F500748CEA080C53F8268053F8244018
:10015000049E554085EA0805C1F30721654001F575
:100160000071846A53F8211053F826608EEA040E59
:100170008EEA090E8EEA010EC16AEAB28CEA010C1F
:100180008CEA060C02F540728CEA0A0CC7F30741B0
:1001900053F822A0CCF3074202F5807201F580717A
:1001A00053F8222053F821100391CCF3072101F5D5
:1001B0000071029253F82180CDF810805FFA8CF123
:1001C00001F540714FEA1C6C53F8214053F82CB0F4
:1001D000C5F3074101F58071CEF3072253F8218062
:1001E000C7F3072101F5007102F5007253F821C031
:1001F00053F82260F9B23F0E5FFA8EF253F827707F
:1002000002F5407287EA0A0A2F0E53F8222053F8AB
:100210002770C5F3072587EA020905F500724FEA42
:100220001E6501F5407153F8257053F821106740A1
:10023000046B8AEA040A029C8AEA040A446B89EA8B
:100240000409039C89EA0409049C8BEA010B89EAEE
:10025000040553F82210846BC26BCEF3074E0EF5E3
:10026000807E67408BEA020BEAB253F82E4087EAA1
:10027000080702F5407287EA0C078BEA040B53F873
:100280002240FAB202F540728BEA010B53F822E0E9
:100290005FFA8BF202F540728AEA060653F82210E2
:1002A000F2B202F5407253F82280320E53F8222047
:1002B00054402A0E53F8222082EA0E024FEA176EAB
:1002C000029253F82EE08EEA01014FEA1B6E53F8BA
:1002D0002EE08EEA0808CBF3074ECBF3072B0BF585
:1002E000007C0EF5807E53F82C2053F82EB003923C
:1002F000C6F3074CC6F307260CF5807C06F500769E
:1003000053F82C9053F826C0026CC5F3074606F547
:100310008076544053F826E0029AC7F30746C7F3A5
:10032000072707F5007784EA0B0453F8277084EA5F
:10033000070A476C039C7A40876C82EA0902C5F37E
:10034000072506F5807601E060E30110624005F5BF
:10035000007581EA0704C76C53F8266053F82550EE
:1003600088EA070184EA0E0484EA0C047140CAF3A7
:10037000074C69400CF5807CCDF80CC05FFA81FC1D
:100380000CF5407ED5B25FFA8AFC0CF5407905F594
:1003900040754FEA1A6C53F8255053F82CB0CDF83D
:1003A00010E0E7B28BEA050B07F54077150EC1F3B5
:1003B000074653F8277053F8255006F580767D40A0
:1003C00053F82660076D02968BEA070B029F8BEAB3
:1003D000070B476D7D40039FC4F3072653F8277032
:1003E0004FEA14684FEA116E06F50076C1F3072153
:1003F00001F5007153F82660C2F3074C7D40C2F34B
:10040000072253F82870DDF8108053F8211053F8B4
:10041000288053F82EE002F500724D400CF5807CE8
:1004200053F82210826D53F82CC087EA0807CAF3EC
:10043000072A53F829800AF5007A5740C4F3074485
:10044000C26D8EEA080E04F5807453F82A8053F8C2
:10045000244087EA0C078EEA020CEAB202F54072E9
:1004600087EA08078CEA040C53F82240FAB202F536
:1004700040728CEA010C53F822105FFA8CF202F5FC
:1004800040728BEA060653F82280F2B202F54072FF
:1004900053F822E0320E53F8222054402A0E53F82B
:1004A000222051403A0E53F8222082EA08024FEAF5
:1004B0001C68029253F82880026E88EA0E0ECCF374
:1004C0000748CCF3072C08F580780CF5007C53F82E
:1004D00028B053F82C80C6F3074CC6F307260CF55A
:1004E000807C06F5007653F82C9053F826C0C5F3AF
:1004F000074606F58076544053F826A0029AC7F3C3
:100500000746C7F3072707F5007784EA0B0453F87B
:1005100027707C40476EC5F30725794005F50075C7
:10052000876E53F8255006F580767A4053F826609A
:10053000C76E82EA0A0282EA0C0281EA09018EEAA7
:10054000070C81EA08018CEA060C8CEA050C5FFABC
:1005500081F85FFA82FEE5B2260E08F540780EF5C6
:10056000407E05F5407553F8269053F8286053F8FF
:100570002E8053F825E00D0E5FFA8CF753F82550C6
:1005800007F5407785EA08054FEA126853F82770A7
:1005900053F8288088EA07074FEA1C68C2F3074A25
:1005A00053F82880C2F3072202F5007288EA0E0889
:1005B000CCF3074E53F8222002920EF5807E026F94
:1005C00053F82EB089EA06065640029AC4F3074E45
:1005D00086EA0B065640CCF3072C426F0EF5807E60
:1005E0000CF5007C53F82EE053F82CC05540826F78
:1005F000C1F307490AF5807AC1F3072185EA0E05A0
:10060000574001F50071C26F53F82AA053F821102A
:1006100085EA0C0C88EA020E5FFA8CF28EEA0A0E6A
:1006200002F54072C4F3072409F580798EEA010EC1
:1006300004F5007453F8221053F8299053F824401D
:10064000CEF3074202F5807287EA0907674053F844
:1006500022200292C7F3072202F5007253F822808B
:10066000CDF80C80FAB202F540725FFA86F853F8C2
:100670002240C6F3074202F5807208F5407853F82D
:100680002290CDF81090CEF3072202F50072CCF341
:10069000074953F822505FFA8EF24FEA1E6ECDF8EA
:1006A00014E04FEA166EC6F3072653F82EB08BEA15
:1006B000010B06F500714FEA1C6602F5407253F813
:1006C000266053F8222086EA040A3C0EC7F3074747
:1006D00053F8244084EA020ED0F880408BEA040BE1
:1006E000029C8BEA040B039C8BEA0406D0F884403E
:1006F0008AEA040A049C8AEA040AD0F8884007F5CA
:1007000080728EEA0407DDF814E053F8284053F8AD
:100710002EE009F580798EEA040453F829E087EA8F
:100720000E0753F822E053F82120CCF3072C574052
:100730000CF5007CD0F88C2053F82C108AEA0505C3
:1007400084EA020CEAB202F540728CEA0E0C53F80D
:100750002240FAB202F540728CEA010C53F82210E2
:100760005FFA8CF202F5407253F82280F2B202F581
:10077000407253F822E0320E53F8222054402A0EE1
:1007800053F8222051403A0E53F8222082EA080200
:100790004FEA1C68029253F8288088EA0E08CCF3CE
:1007A000074ECCF3072C0CF5007C0EF5807E53F839
:1007B0002CA053F82EB0C6F3074CC6F307260CF551
:1007C000807C06F5007653F82C9053F826C0C5F3CC
:1007D000074606F58076C5F3072505F5007553F83D
:1007E00026E053F82550D0F89020C7F30746C7F30A
:1007F000072707F50077544053F82770029A84EAD8
:100800000B047C40D0F894707940D0F8987006F5CD
:1008100080767A40D0F89C7053F8266082EA0E0207
:1008200082EA0C0288EA070C8CEA060C8CEA050CBA
:10083000009D81EA0901052D81EA0A0140F2EE815D
:10084000CDB205F54075C2F3074A53F82560D5B21D
:1008500005F54075C1F3074953F825805FFA8CF51B
:1008600005F540750AF5807A53F8257053F82AA0EB
:10087000E5B205F5407509F5807953F825E053F8A0
:100880002990250E53F825506E400D0EC1F3072117
:1008900053F8255085EA08054FEA1268C2F307228B
:1008A00053F8288088EA07074FEA1C6802F50072AF
:1008B00053F8288053F82220029288EA0E08CCF3DD
:1008C000074E0EF5807ED0F8A02053F82EB056408B
:1008D000029AC4F3074E86EA0B065640CCF3072C67
:1008E000D0F8A4200EF5807E0CF5007C53F82EE0A5
:1008F00053F82CC05540D0F8A82085EA0E05574083
:1009000001F50071D0F8AC2053F8211085EA0C05F0
:10091000C4F3072488EA020CEAB28CEA0A0C02F556
:10092000407204F500748CEA010C53F822E053F88D
:100930002440CCF3074287EA090702F5807267403A
:1009400053F82240C7F3072202F500724FEA1668F7
:1009500053F8229053F82880FAB202F540724FEA19
:100960001C6A53F82210C6F3074202F5807288EA27
:100970000E0853F822B0CCF3072202F500724FEABA
:10098000156E53F8222002925FFA8CF202F5407243
:100990005FFA86FCC6F3072606F5007653F8222098
:1009A000039653F82EE08EEA01014FEA176E0CF51C
:1009B000407C53F82EE053F82CC08EEA0206D0F8A3
:1009C000B02088EA0208D0F8B420C5F3074E5140A1
:1009D000029A0EF5807E81EA0B015140D0F8B820D2
:1009E00053F82EE0564086EA0E02039EC5F3072513
:1009F00053F8266005F5007588EA0408C7F3074731
:100A000088EA090453F82A9007F58077724053F872
:100A10002560D0F8BC5053F8277089EA0C0C8CEA9A
:100A2000050C009D8CEA070C062D8CEA060C00F0E4
:100A3000F580CDB205F54075C2F3074A53F825603D
:100A4000D5B205F54075C1F3074953F825805FFA23
:100A50008CF505F540750AF5807A53F8257053F842
:100A60002AA0E5B205F5407509F5807953F825E02F
:100A700053F82990250E53F825506E400D0EC1F302
:100A8000072153F8255085EA08054FEA1268C2F39A
:100A9000072253F8288088EA07074FEA1C6802F506
:100AA000007253F8288053F82220029288EA0E0838
:100AB000CCF3074E0EF5807ED0F8C02053F82EB050
:100AC0005640029AC4F3074E86EA0B065640CCF312
:100AD000072CD0F8C4200EF5807E0CF5007C53F86E
:100AE0002EE053F82CC05540D0F8C82085EA0E05FA
:100AF000574001F50071D0F8CC2053F8211085EA59
:100B00000C05C4F3072488EA020CEAB28CEA0A0C4A
:100B100002F5407204F500748CEA010C53F822E0EF
:100B200053F82440CCF3074287EA090702F58072A4
:100B3000674053F82240C7F3072202F500724FEADC
:100B4000166853F8229053F82880FAB202F54072E2
:100B50004FEA1C6A53F82210C6F3074202F580726E
:100B600088EA0E0853F822B0CCF3072202F500728F
:100B70004FEA156E53F8222002925FFA8CF202F5CA
:100B800040725FFA86FCC6F3072606F5007653F836
:100B90002220039653F82EE08EEA01014FEA176EE9
:100BA0000CF5407C53F82EE053F82CC08EEA020678
:100BB000D0F8D02088EA0208D0F8D420C5F3074E38
:100BC0005140029A0EF5807E81EA0B015140D0F827
:100BD000D82053F82EE05640C7F30747C5F3072542
:100BE00086EA0E0207F58077039E53F8277053F8C4
:100BF000266005F5007588EA040888EA090453F8B8
:100C00002A9053F82550D0F8DC3089EA0C0C8CEA95
:100C1000030C8CEA070C72408CEA050C314B250E54
:100C2000CEB25D5D9E5D46EA05660D0E5FFA8CFEF6
:100C30005F5D13F80EE0D5B25D5D45EA0765170EFE
:100C4000DF5D4EEA076E4FEA1C6713F80780E7B2D4
:100C5000DF5D47EA0867CCF30748CCF3072C13F8AD
:100C6000088013F80CC046EA0846C4F30748C4F3EA
:100C7000072413F8088045EA084545EA0C2513F8CF
:100C800004C0C1F30744C1F307211C5D4EEA0444CC
:100C900044EA0C2413F801C0C2F30741C2F307224F
:100CA000595C9B5C009A46EA032300EB4216520112
:100CB00047EA014182585340726885EA0200B268EF
:100CC000019D6240F46841EA0C211BBA2B6081EA65
:100CD000040300BA12BA1BBA6860AA60EB6007B0DE
:100CE000BDE8F08F60E20110002800F048822DE995
:100CF000F04FA2F11006102E85B0174600F23C828C
:100D0000C24DF540EC0740F137829608B51D884684
:100D10000446C0F8F420C0F8F050002B78D0D3F887
:100D200000E0D3F804C09D68DB68C0F80431C0F867
:100D3000F8E0C0F8FCC0C0F8005105F0E7FB25461C
:100D400004EB86062346186800BA43F8040B9E425B
:100D5000F9D141463A46204605F0D8FB23461968AA
:100D600009BA43F8041B9E42F9D1182F00F0BC8148
:100D7000202F00F03F81DFF898E22668E168A54B5C
:100D8000D4E9017C0EF12808204600E01030CAB2F8
:100D90004FEA116909F5807953F8222013F8299058
:100DA00002F47F4242EA0902C1F3074909F50079DA
:100DB00053F8299009F07F4982EA0902C1F3072913
:100DC00009F5407953F8299009F47F0982EA09026C
:100DD0005EF8049B82EA0902564077408CEA070CD1
:100DE00081EA0C01F045C0E90467C0E906C1CDD134
:100DF0000E9A0020012A8DF80C008DF80D008DF858
:100E00000E008DF80F000ED0002005B0BDE8F08F69
:100E1000C0F8F830C0F8FC30C0F80031C0F8043138
:100E200005F074FB8BE7D4F8F0205FEA820C1DD04C
:100E300004EB021221460F6816680E6017604F68B7
:100E400056684E6057608E6897688F609660CE686F
:100E5000D768CF600430D660ACEB0006B04201F139
:100E60001001A2F11002E6D3D4F8F0200021012AEB
:100E70008DF80C108DF80D108DF80E108DF80F10E8
:100E8000C2D9654A01272E695FFA86FCC6F3074975
:100E90000CF5807C310E09F5807913F82CC013F81D
:100EA00029A001F58071C6F3072606F5807613F8B0
:100EB000211013F8269052F821800CF5407C0AF599
:100EC0008076D5E9050152F82CC052F8266009F564
:100ED000007988EA0C0888EA06065FFA80FC52F876
:100EE00029800CF5807C86EA08064FEA10692E619D
:100EF00013F82CC0C0F3074609F5807906F5807613
:100F0000C0F3072013F829A013F826600CF5407CE5
:100F100000F5807052F82CE013F8209052F82A0067
:100F200006F5807680EA0E0009F5007E52F82680EC
:100F300052F82EE05FFA81FC80EA0800C1F3074610
:100F400080EA0E000CF5807C686106F58076080E5C
:100F500013F82CC013F82660C1F3072100F5807048
:100F600001F5807113F8200013F8211052F82000C9
:100F70000CF5407C06F5807652F82CC052F82660BD
:100F800001F5007180EA0C0052F821107040EE6902
:100F90004840310E01F58071A86113F82100F1B2CB
:100FA00001F58071013713F821C052F820100CF5BB
:100FB000407C103552F82C00C6F3074C0CF5807CB1
:100FC0004840C6F3072101F5807113F82CC013F8CF
:100FD00021600CF5807106F5007652F82110414031
:100FE00052F826004140E960D4F8F0108F42FFF437
:100FF0004AAF09E7DFF82480A3680193D4E900EC45
:10100000E068044B08F11C09224636E001010100AA
:101010006003021060F3011060E301105C03021032
:10102000C0F3074707F54077566953F8277007F470
:101030007F0AC0F3072753F8277007F47F474AEA6F
:10104000070A070E07F5007753F8277007F07F4B64
:10105000C7B207F5807713F827704BEA070B1769BB
:101060008AEA070A8AEA0B0717637740966957638B
:1010700077407940C2E90E712032D16958F804AF47
:10108000019ECFB24FEA116B0BF5807B53F82770AE
:1010900013F82BB007F47F4747EA0B0787EA0A07E4
:1010A000C1F3074A0AF5007AC14553F82AA00AF0AD
:1010B0007F4A87EA0A07C1F3072A0AF5407A53F8FC
:1010C0002AA00AF47F0A87EA0A078EEA070E8CEA4A
:1010D0000E0C86EA0C0680EA0600C2E908ECC2E9BA
:1010E0000A6001969CD183E6DFF89880D4F800C0AE
:1010F0006668254BD4E9027E08F12009204606E007
:1011000001698EEA01014A40C0E90A1218304269B9
:1011100058F804AFD1B24FEA126B0BF5807B53F84D
:10112000211013F82BB001F47F4141EA0B0181EA51
:101130000A01C2F3074A0AF5007AC14553F82AA00A
:101140000AF07F4A81EA0A01C2F3072A0AF5407AC7
:1011500053F82AA00AF47F0A81EA0A018CEA010CFA
:1011600086EA0C0687EA06078EEA070EC0E906C67D
:10117000C0E9087EC4D13BE66FF0AC0045E66FF0F5
:10118000AC0070475C03021060F3011010B4019CC6
:1011900028B1F02A03D8019410BCFFF7A5BD6FF069
:1011A000AC0010BC704700BF00286CD02DE9F8439C
:1011B0000E46002964D0002A62D0DBB31B0939D067
:1011C00002F1100401EB031700F1F80900F2071512
:1011D00000F00308A4F1100389EA0302920737D153
:1011E0004946B8F1000F28D013F8012B11F801CBB4
:1011F000A34282EA0C0201F8012CF5D1D0F8F030BC
:101200005B085A1E062A37D84A464946FDF7BAFFF8
:10121000D9F80010D9F80420D9F80830D9F80CC052
:10122000C6F80CC031607260B3601036BE4204F183
:101230001004CFD10020BDE8F88353F804CB51F857
:10124000042BA34282EA0C0241F8042CF5D1D5E725
:1012500000F1F703A4F1110213F801CF12F8011FF6
:101260009D428CEA010C83F800C0F5D1D0F8F03033
:101270005B085A1E062AC7D96FF0E100BDE8F88363
:101280006FF0AC00D7E76FF0AC00704700286BD070
:10129000002969D02DE9F0471646002A67D0002BB7
:1012A00041D01C074FEA131261D1E2B3814601F12C
:1012B0000F0506EB021800F5847400F1F807726858
:1012C000B3683168F068E06062602160A360D9F8BB
:1012D000F0305B085A1E062AA5F10F0A40D8524684
:1012E00031464846FEF740FE87EA0A039B0728D1AD
:1012F0001AF0030F3A4619D012F8013B1AF8011BF5
:10130000944283EA01030AF8013CF5D110362068C3
:101310006168A268E368FB60464538607960BA603E
:1013200005F11005CBD10020BDE8F08752F8041B71
:101330005AF8043B944283EA01034AF8043CF5D18D
:10134000E4E7A5F1100309F1F70213F801CF12F851
:10135000011FAB428CEA010C83F800C0F5D1D5E740
:101360006FF0E100BDE8F0876FF0AC0070476FF000
:10137000AC00D9E710B590F81431042B044614D012
:10138000062B0CD0032B05D1402200F1700100F098
:101390006FFD18B9012384F81531002010BD4022DB
:1013A00000F1700102F098F8F3E7402200F17001BB
:1013B00001F092FDEDE700BF042938B5054614465B
:1013C00013D0062909D0032917D16FF00102214655
:1013D00000F02EFDC5F8104138BD6FF00102214626
:1013E00002F04CF8C5F8104138BD6FF001022146FB
:1013F00001F04EFDC5F8104138BD6FF0AC00C5F8E6
:10140000104138BDA0B370B50D461646044619B359
:1014100094F8153183B194F81431042B15D0062BB0
:1014200003D0032B1DD0002070BD32462946204634
:10143000BDE8704002F050B82046FFF79BFF00283F
:10144000F2D194F81431042BE9D1324629462046D2
:10145000BDE8704001F040BD002AD9D06FF0AC006B
:1014600070BD324629462046BDE8704000F000BD00
:101470006FF0AC00704700BF002871D070B50D460A
:1014800059B190F81531044653B394F81431042B34
:101490002ED0062B04D0032B46D06FF0AC0070BDCD
:1014A00004F1F0063146204602F09CF80028F6D1FF
:1014B000402204F1B001204602F00EF80028EED1DF
:1014C00020223146204602F007F80028E7D12946BD
:1014D000204602F087F80028E1D184F8150170BD9C
:1014E000FFF748FF0028DAD194F81431042BD0D14B
:1014F00004F1F0063146204601F08EFD0028CED1E1
:10150000402204F1B001204601F0E6FC0028C6D1DB
:1015100014223146204601F0DFFC0028BFD12946C5
:10152000204601F079FDD6E704F1F0063146204669
:1015300000F020FD0028B2D1402204F1B001204685
:1015400000F096FC0028AAD110223146204600F077
:101550008FFC0028A3D12946204600F00BFDBAE7F6
:101560006FF0AC00704700BF58B138B504460D4667
:101570004FF4B072002104F04FF80020C4F810516D
:1015800038BD6FF0AC007047D0B190F81431042B27
:1015900010B5044611D0062B0CD0032B01D100F05E
:1015A00045FD04F5B0710022234601348C421A70C7
:1015B000FAD110BD02F0E2F8F3E701F0BFFDF0E769
:1015C000704700BF2DE9F041002846D00C469046F8
:1015D0001F460546002A49D0E31E052B39D895F849
:1015E0001431D5F81061EBBB0023324685F8144165
:1015F000214685F815312846FFF7DEFE064628BB52
:10160000069B0BB90D2F72D995F81431042B05F1F7
:1016100070042ED0062B48D0032B1ED1402F34D877
:10162000B8F1000F04D041463A46204604F06EFF60
:10163000402F4CD12346B0351A6882F05C3182F0DD
:101640003632196443F8042B9D42F5D13046BDE88B
:10165000F081A4F10A03032BC1D96FF0AC06304628
:10166000BDE8F0812846FFF78FFFBDE7002BB3D020
:10167000F3E7402FD4D93A464146284601F02CFCE6
:1016800060B306463046BDE8F0813A4641462846FA
:1016900000F0EEFB0028F4D12146284600F06AFC59
:1016A000034638BB3022102713E0402FB8D93A4602
:1016B0004146284601F010FF0028E2D12146284685
:1016C00001F090FF0346A8B920273A4601E0C7F190
:1016D0004002E019002103F09FFFABE721462846B6
:1016E00001F09AFC034628B92C221427F1E76FF089
:1016F000C706ABE71E46A9E710B582B001240094E7
:10170000FFF760FF02B010BDC36CE94A2DE9F04F4E
:101710001A44D0E91534076DD1F800B0466D4D6814
:10172000D1F814E0D1F81880D1F81CA0D1F820909D
:1017300063403B405A4463401344DE4A224407EB73
:1017400073632C462A4487EA06051D4075401544FC
:10175000D94A8DB032448E68019603EB3555324438
:1017600087EA03062E400A977E401644D34F0A9A12
:10177000CDF810E01744CA68029205EBF63617441C
:1017800083EA050232405A403A440F69CDF814808A
:10179000BC46CB4FCDF80CC0674406EBB2221F44C9
:1017A00085EA060313406B403B44C64FCDF81890C2
:1017B000774402EB73632F4486EA02051D407540AF
:1017C0003D44C14F474403EB3555374482EA030695
:1017D0002E4056403E44BD4FD1F83080574405EB73
:1017E000F636174483EA050232405A403A44B84F6D
:1017F0004F4406EBB2221F4485EA060313406B40B8
:101800003B444F6ABC46B34FCDF81CC0674402EB63
:1018100073633D4486EA02071F4077402F448D6A78
:10182000A5F5244E03EB375782EA030CAEF14F0EB9
:10183000B6440CEA070CCE6A8CEA020CF444B646B5
:10184000A54ECDF820E0764407EBFC3C164483EA35
:10185000070202EA0C025A403244A04EDFF880E24E
:1018600046440CEBB2221E4487EA0C0313407B4033
:1018700033444E6BB64402EB736377448CEA020E3A
:101880000EEA030E8EEA0C0EBE44D1E90E9795497E
:101890000994494403EB3E5E614482EA030C0CEA7E
:1018A0000E0C8CEA020C8C448F49CDF82CB03944D4
:1018B0000EEBFC3C114483EA0E0202EA0C025A4091
:1018C0000A448A490CEBB222214419448CEA0203EF
:1018D00003EA0E0383EA0C03059C0B44844902EBE4
:1018E000F36321448E4482EA030101EA0C01514072
:1018F000089C7144DFF8FCE103EBF151A644E64497
:1019000083EA010C0CEA020C8CEA030CF444DFF8C5
:10191000E8E1079C01EBBC4CDE44964481EA0C02F2
:101920001A404A40DDF810B07244DFF8D0E10CEB09
:101930003232DE449E448CEA02030B4083EA0C03FD
:101940007344DFF8BCE1DDF80CB002EBF363AE44A6
:101950008E4482EA030101EA0C0151407144DFF830
:10196000A4E103EBF151BE44E64483EA010C0CEA26
:10197000020C8CEA030CF444DFF88CE101EBBC4C64
:10198000DE44964481EA0C021A404A407244DFF871
:101990007CE1DFF87CB10CEB3232A6449E448CEA49
:1019A00002030B4083EA0C037344DFF868E1029CF6
:1019B00002EBF363CE448E4482EA030101EA0C0198
:1019C00051407144DFF850E103EBF151A644E64485
:1019D00083EA010C0CEA020C8CEA030C069CF4442A
:1019E000DFF838E101EBBC4CA644964481EA0C02D6
:1019F0001A404A407244DFF828E1019C0CEB323275
:101A0000B6449E448CEA02030B4083EA0C03734401
:101A1000DFF810E102EBF363A6448E4482EA03018F
:101A200001EA0C0151407144DFF8FCE0099C03EB32
:101A3000F151D644E64483EA010C0CEA020C8CEA2C
:101A4000030CF44401EBBC4CC344934481EA0C0204
:101A500002EA030E8EEA010EDE440CEB3E3E82EA01
:101A60000E0B049AA2F5B822A2F2BE621A445A449E
:101A70002E4BDDF818B05B440EEB327219448CEA41
:101A80000E035340DDF820B00B442949594402EBC2
:101A9000735361448EEA020C8CEA030C8C44254992
:101AA000DDF80CB0494403EB3C4C8E4444E000BFED
:101AB00078A46AD756B7C7E8DB702024EECEBDC144
:101AC000AF0F7CF52AC68747134630A8019546FD1F
:101AD000D8988069AFF7448BBED75C892211906B90
:101AE000937198FD8E4379A62108B44962251EF6AC
:101AF00040B340C0515A5E26AAC7B6E95D102FD642
:101B00005314440281E6A1D8C8FBD3E7E6CDE12116
:101B10008A4C2A8DD60737C3870DD5F4ED145A4564
:101B200005E9E3A9F8A3EFFCD9026F6781F6718795
:101B300022619D6D0C38E5FD82EA030181EA0C010A
:101B40007144DFF880E2A6440CEB7121964483EAED
:101B50000C024A407244DFF870E2029CDE4401EB62
:101B6000327273448CEA010E8EEA020E9E44974B49
:101B7000DDF82CB0534402EB7E5E9C4481EA020304
:101B800083EA0E036344DFF848C2AC440EEB3343F0
:101B9000614482EA0E0C8CEA030C8C448D4931447A
:101BA00003EB7C2C11448EEA030282EA0C020A4405
:101BB000894959440CEB32728E4483EA0C0151403E
:101BC0007144DFF818E2A64402EB71519E448CEA9E
:101BD00002034B40059C7344DFF804E2A64401EB8A
:101BE0003343E64482EA010C8CEA030C079CF4447C
:101BF000DFF8F0E1A64403EB7C2C964481EA030273
:101C000082EA0C027244DFF8E0E1019CC6440CEB6E
:101C100032728E4483EA0C0151407144DFF8CCE10A
:101C2000BE4402EB715173448CEA020E8EEA010E3F
:101C30009E446F4B234401EB3E4E9C4482EA0103D9
:101C400083EA0E036344DFF8ACC1099C0EEB7323F7
:101C5000DC44944463EA010282EA0E026244DFF843
:101C600098C1DDF80CB003EBB262D4448C4462EA54
:101C70000E0159406144DFF884C102EBB151CC44FC
:101C8000F44461EA030E8EEA020EDDF81090F4448B
:101C9000DFF86CE101EB7C4CCE449E446CEA02031D
:101CA0004B407344DFF85CE10CEBF323C6449644ED
:101CB00063EA010282EA0C02DDF808807244A5F5AD
:101CC0008015DFF844E103EBB262A5F68335654485
:101CD000C64462EA0C0C8E448CEA030CF44402EB1A
:101CE000BC5C6CEA030151402944484DDDF818E022
:101CF000DDF814800CEB714125441D4461EA0203B8
:101D000083EA0C032B44424D019C01EBF323754401
:101D1000154463EA0C024A402A443E4D03EBB2628A
:101D20003D4462EA01075F4065443D443A4F02EB9F
:101D3000B55547440F4465EA030151403944374FD4
:101D400005EB7141374461EA02061F446E40344B93
:101D50003E4401EBF6265B441A4466EA05034B4019
:101D60001344C26CDDF820B006EBB3631A44C264BE
:101D70002C4A5A44154463EA010272402A44856D94
:101D800003EBB25215448565274D25440D4462EAA4
:101D900006015940294402EB714161EA03030A9CA0
:101DA0005340426DDDF81CC00C4411441F4A41658C
:101DB00062443244134404EBF324046500200DB064
:101DC000BDE8F08F44EABEA4A9CFDE4B604BBBF662
:101DD00070BCBFBEC67E9B28FA27A1EA8530EFD42F
:101DE000051D880439D0D4D9E599DBE6F87CA21F1B
:101DF0006556ACC4442229F497FF2A43A72394AB29
:101E000039A093FCC3595B6592CC0C8FD15D84855E
:101E10004F7EA86FE0E62CFE144301A3A111084EEB
:101E2000827E53F735F23ABDBBD2D72A91D386EBE7
:101E3000A8B10C4A10B4C26402F129420A4CC1652F
:101E4000A2F5961209490023A2F68B62C0E914415B
:101E5000C0E900338265836010BC184670476FF09C
:101E6000AC0070470123456789ABCDEFFEDCBA9823
:101E70002DE9F843002876D00C4690460546002907
:101E80004FD000683F2871D86B68D3186B602ED292
:101E900005F10C0690BBB8F13F0F57D9A8F14007E8
:101EA00027F03F07403727442346314604F1400ED0
:101EB000D3F800C05C689868DA68CA60103373456C
:101EC000C1F800C04C60886001F11001F0D13146CA
:101ED00028461C46FFF718FCBC428146E4D108F0B6
:101EE0003F08B8F1000F27D14846BDE8F883AB683A
:101EF0000133AB6005F10C060028CCD0C0F14007DF
:101F0000474528BF474630443A46214604F0FEFA8A
:101F10002B683B44402B2B601CD03C44A8EB0708AB
:101F2000B9E702BB03683F2B8CBF6FF083094FF00A
:101F300000094846BDE8F88339463046424604F079
:101F4000E5FAC5F800804846BDE8F88327464FF01B
:101F50000009C6E731462846FFF7D6FB8146002830
:101F6000C2D12860D9E76FF0AC09BDE76FF08309F3
:101F7000BAE700BF00284DD070B50D46002946D005
:101F80000646044656F80C3B3F2B3DD85A1C0260CF
:101F90008022F2540368382B08D93F2B2DD93146C3
:101FA0002046FFF7B1FB3822304602E0F018C3F1BB
:101FB0003802002103F030FBD4E901305A0F02EB64
:101FC000C002DB0031466364A2642046FFF79CFB3D
:101FD000E16C636D226DA06D2960AB600F49104B01
:101FE000E8606A60C4E913130E4A0F4B0020C4E98D
:101FF0001523C4E90000A06070BDC3F14002F018D1
:10200000002103F009FBCAE76FF0830070BD6FF099
:10201000AC0070BD6FF0AC00704700BF0123456796
:1020200089ABCDEFFEDCBA9876543210704700BF12
:102030002DE9F04FD0E9146CD1E9004597B0F04B91
:10204000876DC26DD0F84C80159096468CEA0700DB
:10205000E2187244304002EBF86278401044B24615
:10206000E3468CEAB602464632405E467240EE18BF
:10207000C4463E444FEABC0932448E68139789EA4D
:10208000BA0784EA06080740F418CDF850E05C442B
:10209000D1F80CE0CDF840C087EABA0702EBF06255
:1020A000274489EAB0040EEB030C1440CDF844A099
:1020B0000CEBBA0C84EA0904D1F814A0CDF848B0AE
:1020C00007EBF26764444FEAB202D1F810C08EEA1F
:1020D0000A0B85EA0E0582EAB00ECDF804B00EEACE
:1020E000070E0CEB030BCB448EEAB00EDE440AEB7A
:1020F000030B0BEBB00B886904EBF76486EA0C0664
:1021000082EAB7098CEA000CCDF808C009EA040994
:10211000D1F81CC00EEBF46E89EA02094FEAB40450
:102120008AEA0C0AD94484EAB70BCDF810A00BEA6E
:102130000E0B00EB030A92448BEAB70B09EBFE6926
:1021400084EABE02D3440CEB030A0AEBB70A02EAA4
:1021500009020F6A6240524488EA070A80EA0708C7
:10216000486ACDF814800BEBF96B45404FEAB9098A
:10217000009589EABE058CEA000805EA0B0507EB25
:10218000030CA44485EABE0502EBFB62654489EAC0
:10219000BB0CCDF81880C418D1F828800CEA020CCA
:1021A00004EBBE048CEA090CA44486EA08040394F8
:1021B000CE6A019C05EBF26584EA060E4FEAB20294
:1021C00080EA0604089482EABB0408EB03002C4072
:1021D000484484EABB040CEBF56C044482EAB50085
:1021E00006EB030900EA0C0009EBBB095040484428
:1021F000D1F83090DDF808B004EBFC644FEABC0C79
:10220000CDF804C087EA080788EA090CD1F83480C1
:10221000CDF824C08AEA080A8EEAFA7CDDF810E0DC
:10222000CDF808A08EEA080ADDF808E0CDF82CC049
:1022300087EAFE770797019F86EA080686EAFC761A
:1022400087EAB50E0A960EEA040E09EB030600EBC8
:10225000F46016448EEAB50E87EAB402B644024032
:1022600008EB030606EBB5067A403244D1E90E7658
:102270000399009D71408AEAF17ACDF80CA0DDF84F
:1022800014A08AEA070A8AEAFC7CDDF818A0CDF8D7
:1022900030C07D408BEA090B8BEAF57B8AEA060A9F
:1022A0008AEAFB7A0495CDF814A0079DDDF80CA00E
:1022B00085EAFA7ACDF818A0049DDDF820A08AEA14
:1022C000F57A8AEAFC7CDDF824A0CDF81CC0DDF8A4
:1022D00014C00A9D8AEAF17A8AEAFC7ADDF818C00D
:1022E00085EAFC7CCDF820C089EA0709DDF81CC02E
:1022F00089EAFB7989EAFC794D46DDF80C90DDF836
:1023000004C088EA060888EAF9780EEBF06E88EADD
:10231000FA784FEAB000CDF8008080EAB40807EB05
:10232000030908EA0E08E14488EAB408C844DDF865
:102330000890DDF830C0029587EAF97787EAFC77E4
:10234000DDF820C087EAFC77099702EBFE6280EA9D
:10235000BE0706EB030C17400CEBB40C4740674478
:10236000DDF810C0059C86EAFC7686EAF47608EB78
:10237000F26886EAF5744FEAB2020A9482EABE0471
:1023800003EBF97604EA0804064484EABE0407EB8A
:10239000F86782EAB800344404EBF76403EBFC7698
:1023A00038404FEAB70706EBBE065040654687EA5D
:1023B000B80C30440CEA040C03EBF176DDF818E0BD
:1023C0008CEAB80C16444FEAF1710B9A664481EA24
:1023D000F97C03EBF2738CEAFE7C4FEAF272DDF8D3
:1023E0001CE0DDF8249082EAF57503EBB80385EA7A
:1023F000FE75DDF80080DDF830E085EAF97901E06E
:102400009979825A81EAFB710A9D8CEAF87C81EA0B
:10241000FA71DDF80C8081EAF571089D039182EA7A
:10242000F87282EAF57282EAFC7200EBF4600B92B9
:1024300087EAB40202407A401A44F24B06EBF06697
:102440004FEAB00080EAB40503EBFB7139447540F4
:1024500002EBF66203EBF8770D4480EAB60105EB78
:10246000F265514007EBB4074FEAB202CC1982EA99
:10247000B60103EBFE7707446940704639444FEAE2
:10248000F070029FDDF814E080EAFB7B8BEAF77BBB
:102490008BEAF977DDF818B00497099F80EAFB70A2
:1024A00080EAF7700B9F80EAF77004EBF564069002
:1024B00003EBFE7782EAB50007EBB60760403844CD
:1024C00077464FEAF77787EAF876DDF8008086EA04
:1024D000F876DDF80C80DDF81CE086EAF876DDF8A9
:1024E000288087EAFE7787EAF877DDF8108001EB2D
:1024F000F46187EAF8774FEAB404059703EBFB78B9
:1025000084EAB50790444F4000EBF16084EAB102E1
:10251000474403EBFE7807EBF067424008EBB50851
:102520004FEAB00002EB080580EAB10203EBFA784B
:102530004FEAFA7AA0447A408AEAFB74DDF808B0E0
:102540004244DDF80C808AEAFB7A8AEAF87ADDF800
:102550001480DDF820B08AEAF87ACDF81CA005EBEB
:10256000F76580EAB70803EBFB7A0AEBB10A88EA61
:102570000508D0444FEAFB7A8AEAFE71DDF818B00C
:1025800081EAF97181EAFB7101910099DDF82CB0C3
:102590008AEAF17A8AEAFB7A84EAFC74DDF808B008
:1025A00002EBF56284EAF6744FEAB5058AEAF47E36
:1025B00003EBFB7B85EAB70A83448AEA020A08EB4D
:1025C000F26885EAB200DA4403EBF17B0999CDF8B1
:1025D00034E00AEBF86A80EA08000BEBB70B4FEA2D
:1025E000B80800EB0B0788EAB20003EBF17BAB44C1
:1025F00080EA0A005844DDF808B04FEAF175049902
:1026000085EAFB7B8BEAF17B01998BEAF17BCDF8C4
:1026100020B0DDF818B085EAFC7585EAFB7585EA1F
:10262000FE75DDF828E0099507EBFA6788EABA0538
:1026300003EBFE7B7D400BEBB20B05EB0B02009D29
:102640004FEAFE7B8BEAF575DDF81CE085EAF6754E
:1026500085EAFE752946059D8BEAF97B8BEAF57BB9
:10266000089D00EBF7604FEAB7078BEAF57E87EA33
:10267000BA0B03EBFC7545448BEA000B02EBF062EE
:10268000AB4487EAB0050BEBF26B4FEAB20855405A
:1026900003EBF97202EBBA02DDF80CA0CDF838E0DA
:1026A00003EBFA7ABA44039F4FEAF777154487EAB7
:1026B000FC7C88EAB0028CEAF47C82EA0B02524489
:1026C0008CEAF17ADDF810C087EAFC77DDF81CC0EF
:1026D00087EAFC7787EAFE770C97DDF82CE000911B
:1026E00005EBFB6588EABB0703EBFE7C0CEBB00C4B
:1026F0006F40704667444FEAF070DDF804C0DDF8C3
:1027000034E080EAF97989EAFC7980EAF670DDF84C
:1027100024C080EAFE70DDF810E002EBF56289EA81
:10272000FC7C4FEAB505CDF828C080EAFA7985EA45
:10273000BB0C03EBFE7040448CEA020C844403EBB8
:10274000F67007EBF26785EAB20800EBBB00DDF834
:1027500018B0CDF82C900CEBF76C88EA07084FEA1C
:10276000B70787EAB209804403EBFB7089EA0C09DA
:1027700028444844DDF8149003EBF97303EBB203EB
:102780005A464FEAF2724D46DDF82090DDF828B047
:1027900082EAFE7E4FEAF5758EEAF97E8EEAFB79D3
:1027A00085EAF676DDF830B0DDF824E086EAF176E9
:1027B00086EAFB7B82EAF4720B9E0199CDF808B0A1
:1027C00082EAFE7282EAF67204920E9A85EAF17546
:1027D00085EAF27585EAF97508EBFC68294687EA0F
:1027E000BC0500EBF86085EA0805074A0F911D4417
:1027F00040EAB80303EABC0300EAB80E43EA0E0E4F
:1028000004E000BFA1EBD96EDCBC1B8F02EBF473BC
:1028100005EBF0653B449E4445EAB00303EAB80388
:1028200005EAB0061E43019B02EBF3730EEBF56E57
:1028300003EBBC031E44DDF81CC04EEAB50303EAFB
:10284000B0030EEAB5071F4302EBFC7303EBB803BA
:102850001F4463464FEAF37383EAF47484EAFA741C
:1028600084EAFB7B089CDDF830C0DDF8348083EA25
:10287000F47383EAFC7306EBFE6683EAF173059357
:1028800046EABE0303EAB50306EABE0C43EA0C0CB3
:1028900002EBF87303EBB0039C4443464FEAF3703A
:1028A000019BDDF8008080EAF3710A9B81EAF371F5
:1028B000049B81EAF3730B9980EAF87080EAF17067
:1028C00007EBF66780EAFB71069147EAB60101EA79
:1028D000BE0107EAB60841EA080802EBF4710CEB06
:1028E000F76C01EBB5018844009D4CEAB70101EAA1
:1028F000B6010CEAB700084302EBF57108EBFC687F
:1029000001EBBE010844DDF824E048EABC0101EA1D
:10291000B70108EABC050D4302EBFE7101EBB601FD
:102920000D447146049EDDF818E04FEAF17181EA2A
:10293000F47481EAFA7184EAF97481EAF67100EBC1
:10294000F86084EAF37481EAFE71019403910E9CAD
:10295000DDF800E040EAB80101EABC0100EAB8068F
:102960000E4302EBF47101EBB7010E44029F4FEAF4
:10297000F47181EAFE74DDF814E084EAF77484EA05
:10298000FE7ECDF800E0DDF828E00F9C81EAFE71C4
:1029900081EAF471019C05EBF06581EAF47745EA80
:1029A000B00101EAB80105EAB00406EBF5660C4394
:1029B00002EBFA71079701EBBC0146EAB50707EA9B
:1029C000B0070C4406EAB501394302EBFE7704EB8D
:1029D000F66407EBB8073944DDF8308044EAB607FF
:1029E000F44607EAB50704EAB60E47EA0E0E02EB14
:1029F000F87707EBB00740464FEAF070DDF800804B
:102A000080EAFA7A8AEAFB7A8AEAF87ABE44059F73
:102A1000CDF820A001EBF461DDF81CA0DDF82C80DE
:102A200080EAF97080EAF77041EAB40780EAFA7A3E
:102A300007EAB60701EAB400384302EBF87707EB80
:102A4000B50745464FEAF575384485EAFC77DDF869
:102A50000CC0DDF8088087EAF37787EAFC7CCDF8C4
:102A600024C0DDF818C0089F85EAF8750EEBF16EFA
:102A700085EAFC7585EAF7754EEAB10707EAB407FF
:102A80000EEAB10C00EBFE6047EA0C0C02EBF977A2
:102A900007EBB60740EABE0606EAB106BC4400EA08
:102AA000BE07374302EBF8760CEBF06C06EBB4068E
:102AB000DDF8108037444CEAB00606EABE060CEAA0
:102AC000B004344302EBF87606EBB10641464FEA18
:102AD000F171344481EAF976DDF8049086EAF976FA
:102AE000DDF8249086EAF9760496039E81EAFB716C
:102AF00081EAF67107EBFC6781EAF5710A9147EA12
:102B0000BC08DDF83C90009E08EAB00807EABC016A
:102B100048EA010102EBF97808EBBE084144DDF810
:102B200008804FEAF97E8EEAF87888EAF67888EA33
:102B3000FA78CDF80880DDF81C80DDF814908EEA74
:102B4000F37E8EEAF87EDDF8108004EBF7648EEAFF
:102B5000F87844EAB70ECDF82C800EEABC0E04EAF1
:102B6000B7084EEA080802EBFB7E01EBF4610EEBBE
:102B7000B00EF04441EAB40E0EEAB70E01EAB4001A
:102B800008EBF1684EEA000002EBF37E0EEBBC0EA0
:102B900048EAB10C0CEAB40C704408EAB10E4CEAF5
:102BA0000E0E02EBF97C0CEBB70CF444DDF818E0E8
:102BB00002EBFE7202EBB4024C464FEAF47787EA6E
:102BC000FB79DDF820B00A9C4FEAFE7E89EAFB79AA
:102BD0008EEAF37B029B89EAF379099B8BEAF37B0C
:102BE000019B8BEAF47B87EAF3770B9C87EAFA7701
:102BF00087EAF4778EEAF67EA44C109E00EBF8602C
:102C00008EEAF57E8EEAF97E40EAB80304EBF979A4
:102C10002644CDF814900C9600EAB809019E03EA08
:102C2000B1030CEBF06C43EA09034FEAB00004EB8C
:102C3000F679134480EAB80209EBB10982EA0C0282
:102C40004A44DDF8009003EBFC6380EABC0104EB2E
:102C5000F97909EBB80959404944DDF80C9002EBC9
:102C6000F3624FEAB30383EABC0804EBF97988EA1C
:102C70000208814408EB0900DDF80C804FEAF8797E
:102C800089EAF678049E88EAF67888EAFB7804EB0D
:102C9000FB7BCDF804B0DDF820B0CDF8108089EAD8
:102CA000FB7904EBFB78DDF828B089EAFB7989EA47
:102CB000FE7904EBFE7ECDF80CE004EBF97EDDF846
:102CC0001C90CDF818E004EBF97E01EBF26198441A
:102CD0000EEBBC0E83EAB2034FEAF97CDDF80090FC
:102CE0004B4073448CEAF97EDDF808908EEAF97E59
:102CF0008EEAF77E04EBFE7ECDF800E0DDF824E0FE
:102D000000EBF1608CEAFE7C4FEAB10104EBFE7E41
:102D10000EEBB20E81EAB20204EBFA7A424003EB08
:102D2000F0638A44424481EAB00102EBF36204EBAF
:102D3000F57559404FEAB30305EBB00583EAB000DF
:102D400004EBF6767144504001EBF2611E445044AE
:102D500083EAB20300EBF16004EBF9794B404FEAF0
:102D6000B10109EBB20981EAB202DDF82C8004EB73
:102D7000FB7B2B44424003EBF0638B44324481EAFB
:102D8000B00102EBF36204EBF87E59404FEAB30363
:102D90000EEBB00E059D83EAB0004944504001EBB4
:102DA000F2611D44DDF80490584483EAB20300EB5D
:102DB000F1604B404FEAB10109EBB20604EBF77743
:102DC000734481EAB20203EBF0630F448CEAF87CAF
:102DD0004240DDF81080DDF850E081EAB0012A447D
:102DE0005940039D02EBF36231444FEAB30304EB15
:102DF000F87401EBF26105EBB0051C4483EAB00006
:102E000083EAB20350404B4038442B44009D129E4D
:102E1000139F00EBF1604FEAB10105EBB20581EAC7
:102E2000B20242402244069C8CEAF87CDDF83080F5
:102E300003EBF0630C4481EAB00102EBF36259400A
:102E400008EBFC7C4FEAB3030CEBB00C83EAB00058
:102E500050400D4405EBF2651199044404EBF56410
:102E600015982144016506EBB501416507EBB201F8
:102E700083EAB2026A4094440CEBF46473448165C3
:102E8000C464C365002017B0BDE8F08FD6C162CA24
:102E9000B8B10D4A10B40D4CC2640D4A0166C0E9C8
:102EA000144202F12C520B4910BC02F5C01200234F
:102EB00002F2F242C0E91612C0E9003383601846FC
:102EC00070476FF0AC0070470123456789ABCDEFC9
:102ED000FEDCBA9876543210002800F099802DE973
:102EE000F04F0C4683B0904600296BD082460068B4
:102EF0003F2800F28A80DAF80430D318CAF8043088
:102F000004D3DAF808300133CAF808300AF10C06A5
:102F1000B0BBB8F13F0F5ED9A8F1400727F03F07DB
:102F2000403727440AF108090AF14805334604F1FD
:102F3000400BD4F800C06068A168E268DA60103421
:102F40005C45C3F800C05860996003F11003F0D1EC
:102F50005C464B4653F8042F12BA9D421A60F9D1D1
:102F600031465046FFF764F85F450346DED108F06E
:102F70003F08B8F1000F18D1184603B0BDE8F08F34
:102F8000C0F14007474528BF474630443A462146EE
:102F900003F0BCFADAF800303B44402BCAF80030AA
:102FA0001FD03C44A8EB0708B3E7394630464246F9
:102FB000019303F0ABFA019BCAF80080184603B0F6
:102FC000BDE8F08F002A14BF6FF0AC030023184651
:102FD00003B0BDE8F08F27460023B8F1000FCBD037
:102FE000E3E70AF108030AF1480553F8041F09BA98
:102FF000AB421960F9D131465046FFF719F8034644
:103000000028B9D1CAF80000CBE76FF08303B3E71B
:103010006FF0AC0318467047002800F085802DE95A
:10302000F0410F4600297CD08046064658F80C3BFC
:103030003F2B73D85A1C0260802208F803200368D3
:10304000382B62D93F2B58D93546402345F8083BE9
:1030500006F148042B4653F8042F12BA9C421A601A
:10306000F9D141463046FEF7E3FF002843D13060F6
:1030700038224046002102F0CFFA2B4653F8042FA5
:1030800012BA9C421A60F9D17368B0685A0F02EB09
:10309000C002DB0041467360B364B26072643046C4
:1030A000FEF7C6FF06F14C05234606F15C0153F816
:1030B000042F12BA8B421A60F9D16968AB68EC68C8
:1030C000F26C3A607960BB60FC602A6918493A6129
:1030D000184AF16401F18831C6E9141202F12C5248
:1030E000154902F5C012002302F2F242C6E9161297
:1030F000C6E90033B360BDE8F081C3F1400208EBDC
:103100000300002102F088FA9EE708EB0300C3F1F8
:10311000380206F1080506F14804ABE76FF0BF007E
:10312000E9E76FF0AC00E6E76FF0AC00704700BF76
:1031300001234567FEDCBA9876543210704700BF11
:103140002DE9F04F80460C460068D8F80410D8F8F6
:103150000820D8F80C30CBB002AD0FC5D8F810005D
:10316000D8F81410D8F81820D8F81C300FC504F17E
:1031700040072E4620686168A268E36835460FC59F
:103180001034BC422E46F5D1DDE918340DF1280E7D
:103190000A983AAE71461F46D1F824C0054651F848
:1031A000040F4FEAF74282EA77424FEAB04382EADD
:1031B000972283EAF013624483EAD0031A44274635
:1031C000B14205EB0204CC63E6D1AB4FDDF824C07D
:1031D000069DCDF80480DDE90706DDE90232DDE970
:1031E000041407F5807BD7F80080DEF80090C14416
:1031F0004FEAF52888EAB51888EA7568C84486EA6F
:10320000000909EA050989EA0609C844E04404EB13
:10321000080C4FEAB30484EA733484EAB354444498
:1032200043EA020803EA020908EA010848EA090831
:103230004444DEF80490D7F8048008EB090AB2444D
:1032400085EA000606EA0C064640B2444FEAFC2630
:1032500086EABC1686EA7C66B2444FEA743686EA91
:10326000B40686EAB45601EB0A0806EB0A09B96807
:10327000DEF8086044EA030A31440AEA020A01441B
:1032800004EA03004AEA000A85EA0C0000EA0800A2
:10329000684001444FEAF82080EAB81009EB0A06BA
:1032A00080EA786001444FEA763080EAB60080EA2E
:1032B000B65002EB01090844FA68DEF80C1044EA43
:1032C000060A0AEA030A0A4404EA06014AEA010A6B
:1032D0008CEA080101EA090181EA0C012A44504400
:1032E0000A444FEAF92181EAB9114FEA703581EABF
:1032F000796185EAB0050A4485EAB05503EB020A14
:1033000015443B69DEF8102046EA000121401344D1
:1033100006EA0002114388EA090202EA0A0282EA86
:103320000802634413444FEAFA2282EABA1282EA9C
:103330007A620D44134404EB030C4FEA753484EABB
:10334000B50484EAB554DEF814201C447B6940EAD5
:1033500005013140134400EA0502114389EA0A02DB
:1033600002EA0C0282EA090243440C4413444FEA85
:10337000FC2282EABC124FEA743182EA7C6281EA62
:10338000B401134481EAB4511E44DEF818201944F4
:10339000BB6945EA040808EA0008134405EA040288
:1033A00048EA02088AEA0C0232404B4482EA0A02E6
:1033B00013444FEAF62282EAB612414482EA766268
:1033C00013444FEA713282EAB10282EAB1521844E0
:1033D00002EB0308FA69DEF81C3044EA01091A44DA
:1033E00002EB0A0309EA050904EA010249EA0209B3
:1033F00008EB09028CEA060808EA000888EA0C08CB
:1034000098444FEAF02383EAB01383EA7063984448
:103410004FEA723383EAB20383EAB253434445442A
:1034200041EA0208203708EA040801EA020948EAEA
:1034300009085F450EF1200E43447FF4D4AEDDF859
:10344000048004910293CDF824C0A8F104030594EC
:10345000089607900392069501A908F11C0853F8F5
:10346000042F51F8040F434502441A60F7D100209D
:103470004BB0BDE8F08F00BF88030210C0B110B49C
:103480000D4A0E4CC0E900420D4C0E4AC0E9024202
:103490000D4C0E4AC0E904420D4C0E4A0023C0E90F
:1034A0000642C0E91833C0E91A3110BC184670470B
:1034B0006FF0AC00704700BF85AE67BB67E6096A76
:1034C00072F36E3C3AF54FA57F520E518C68059B06
:1034D000ABD9831F19CDE05B00287DD02DE9F843DF
:1034E0000C46904600293BD00546006E3F2876D812
:1034F0006B6ED3186B6602D3AB6E0133AB6605F10E
:10350000200600283DD128F03F07274405F15C093B
:10351000BC4229D02146334604F1400ED1F800C008
:103520004C688868CA68DA6010317145C3F800C019
:103530005C60986003F11003F0D10C46A8F14008DC
:1035400005F11C0353F8042F12BA99451A60F9D1FA
:1035500031462846FFF7F4FD0028D9D0BDE8F883AE
:10356000BABB0020BDE8F8830028F7D1B8F1000FFE
:10357000F7D042462146304602F0C8FFC5F86080C9
:10358000EFE7C0F14007474528BF47463A46214686
:10359000304402F0BBFF2B6E3C44A8EB07081F44ED
:1035A000402F2F6601D00020ADE705F11C0305F187
:1035B0005C0153F8042F12BA99421A60F9D13146CE
:1035C0002846FFF7BDFD08B928669CE74FF00008C4
:1035D00099E76FF0AC00C1E76FF0AC0070476FF097
:1035E0008300BBE7002800F08980F8B50D4600296C
:1035F00000F08180036E3F2B044679D85A1C00F1FD
:10360000200702668022FA54036E382B6AD93F2BBA
:1036100061D904F11C06334604F15C0153F8042F10
:1036200012BA99421A60F9D139462046FFF788FD4F
:1036300000284FD1206638223846002101F0ECFFE7
:10364000D4E919315A0F02EBC102DB006366A266AE
:10365000334604F1540153F8042F12BA99421A6008
:10366000F9D1636EE365A36EA36539462046FFF783
:1036700067FD78BB231F53F8042F12BAB3421A60B8
:10368000F9D121686368A268E668EE6029606B6022
:10369000AA6021696369A269E669296119496B61B8
:1036A000AA61EE61184A21601849C4E9011218495B
:1036B000184AC4E90312184A18490023C4E905123C
:1036C00002F17452A2F52302C4E91833A2F6924221
:1036D000E261A366F8BDC3F14002F818002101F0D1
:1036E0009BFF96E7F818C3F1380204F11C06A4E723
:1036F0006FF0BF00F8BD6FF0AC00F8BD6FF0AC002C
:10370000704700BF67E6096A72F36E3C85AE67BB1F
:103710003AF54FA57F520E51ABD9831F8C68059B9C
:10372000C0B110B40D4A0E4C0E49C0E900420E4A19
:103730000E4CC0E902120E4A0E49C0E904420E4A7C
:1037400010BC0023C0E90612C0E91833C0E91A33DF
:10375000184670476FF0AC00704700BF85AE67BB7E
:1037600067E6096A72F36E3C3AF54FA57F520E5137
:103770008C68059BABD9831F19CDE05B38B100F194
:10378000700100220346013088421A70FAD1704756
:1037900008B50346014803F0D9FCFEE72CDE011012
:1037A000002000F0EDBD00BF012000F0E9BD00BF2A
:1037B00010B5002000F066FB012000F063FB402004
:1037C00000F060FB104B022218684FF4E13101F069
:1037D00077FB041E0CDB00F0EBF858B900F088F81A
:1037E000044660B9094B0A484322DA6000F0C8FA7F
:1037F000204610BD074908486522FFF7C9FF054963
:1038000005486A22FFF7C4FF08000020004400407A
:10381000400D030048DE011090DE011000BF70472C
:103820004FF0FF30704700BF4FF0FF30704700BFD0
:103830004FF0FF30704700BF4FF0FF30704700BFC0
:103840002DE9F04100BB002A1746054617DD124E50
:103850000C4601E0AF4214D0304601F029FCC1B261
:103860002170304601F026FCA04614F8013B0D2BD8
:1038700005F10105EED10A2388F800302846BDE89D
:10388000F0813846BDE8F08102F0AEFB0923036009
:103890004FF0FF30F3E700BF00200440F8B5431EAF
:1038A000012B1CD8002A174617DD531E0F4E4C1E45
:1038B000CD1804E0304601F0FDFBAC420DD014F809
:1038C000011F0A29F6D10D21304601F0F3FB2178C2
:1038D000304601F0EFFBAC42F1D13846F8BD02F0C2
:1038E00083FB092303604FF0FF30F8BD0020044044
:1038F000F8B50D4B1F68A7B100250C4C2E46D4E936
:10390000000100F00FFD204600F0EAFB0135002821
:1039100018BF6FF00706AF4204F10C04EFD1304638
:10392000F8BD3E463046F8BD880402108C040210F3
:103930000B4B1B68834210B504460BD9094B04EBB3
:10394000440403EB840253F824005168BDE810409E
:1039500000F0FEBC044905482F22FFF719FFEDE7F0
:10396000880402108C04021098DE0110CCDE0110D5
:103970000B4B1B68834210B504460BD9094B04EB73
:10398000440403EB840253F824005168BDE810405E
:1039900000F0C8BC044905483A22FFF7F9FEEDE7FC
:1039A000880402108C04021098DE0110CCDE011095
:1039B000F8B50B4B1F6887B100240A4D26462846F0
:1039C00000F08EFB0134002818BF6FF00706BC42E0
:1039D00005F10C05F3D13046F8BD3E463046F8BD42
:1039E000B0040210B4040210474885464748804797
:1039F00080B94749474A484B9B1A03DD043BC858E6
:103A0000D050FBDC4549464A00209142BCBF41F8FA
:103A1000040BFAE7434880474348804743488047C0
:103A2000FFF7FEFFFEE7FEE7FEE7FEE7FEE7FEE745
:103A3000FEE7FEE7FEE7FEE7FEE7FEE7FEE7FEE75E
:103A4000FEE7FEE7FEE7FEE7FEE7FEE7FEE7FEE74E
:103A5000FEE7FEE7FEE7FEE7FEE7FEE7FEE7FEE73E
:103A6000FEE7FEE7FEE7FEE7FEE7FEE7FEE7FEE72E
:103A7000FEE7FEE7FEE7FEE7FEE7FEE7FEE7FEE71E
:103A8000FEE7FEE7FEE7FEE7FEE7FEE7FEE7FEE70E
:103A9000FEE7FEE7FEE7FEE7FEE7FEE7FEE7FEE7FE
:103AA000FEE7FEE7FEE7FEE7FEE7FEE7FEE7FEE7EE
:103AB000FEE7FEE7FEE7FEE7FEE7FEE7FEE7FEE7DE
:103AC000FEE7FEE7FEE7FEE7FEE7FEE7FEE7FEE7CE
:103AD000FEE7FEE7FEE7FEE7FEE7FEE7FEE7FEE7BE
:103AE000FEE7FEE7FEE7FEE7FEE7FEE7FEE7FEE7AE
:103AF000FEE7FEE7FEE7FEE7FEE7FEE7FEE7FEE79E
:103B0000FEE7FEE7FEE7FEE700000220E93B0110CA
:103B10001809021000000020CC0B0020000C00202F
:103B20006C270020ED3B0110F1660110A1EC0010A4
:103B30000B4A08B50346106828B10A4903448B4272
:103B400007D8136008BD08480649106003448B423B
:103B5000F7D902F049FA0C2303604FF0FF3008BD9B
:103B6000D01D002000F00120702700206FF0100011
:103B7000704700BF6FF01000704700BF4FF08043E8
:103B80009B6803F46063B3F5206F1FD012D9B3F5BF
:103B9000406F18D0104A1149B3F5606F08BF0A464C
:103BA0004FF080430E499B68C3F3821322FA03F35C
:103BB0000B6070476BB1084947F23052B3F5C06FE4
:103BC00018BF0A46ECE74FF40042E9E74FF4E10280
:103BD000E6E7044AE4E700BF00E1F505C0687804C1
:103BE0006C270020008793030020704710B50A4C13
:103BF0000A4BA3600A4800F06BFCD4F8883043F409
:103C00007003C4F88830BFF34F8FBFF36F8FFFF797
:103C1000B5FFFFF7CDFD10BD00ED00E000E00010A6
:103C200000A0024038B54FF0E02318499C691A699A
:103C300022F480320A601A69D2071FD46FF07F44E1
:103C400005225C614FF080759C611A61104B114A2E
:103C500019680023A0FB010109F0B0FD0E4BB0FB79
:103C6000F5F205FB120084421A600AD81A68013284
:103C70001A602544094B281A186038BD5D69013562
:103C8000E4E7064B201A186038BD00BFD81D00209D
:103C90006C27002040420F000C000020DC1D00209B
:103CA00010B50C4C0C4B22681960002A0EDC08B9C8
:103CB000002010BDFFF7B6FF2368002BF8DD4FF0A2
:103CC000E022136943F002031361F1E76FF005008E
:103CD00010BD00BF0C000020D41D0020F8B5174C0B
:103CE0002368002B1EDB26682EBB154B4FF0E0250A
:103CF0001B68AA699A421ED8124F3B685BB16FF0ED
:103D00000F009847104B3E601A682A614FF0FF334E
:103D100023600020F8BD0C4A4FF0FF3312682A617F
:103D20002360F6E7074C2368002BF2D00020984769
:103D300000232360EDE76FF00500F8BD0C000020C4
:103D4000DC1D0020D41D0020D81D002010B5094C1A
:103D5000236823B16FF00F00984700232360064AC1
:103D6000064B10684FF0E0214FF0FF3208611A60F7
:103D700010BD00BFD41D0020D81D00200C00002065
:103D800038B5184C2268002A29DC08B9002038BD53
:103D9000FFF748FF4FF0E02202E01369DB031AD47B
:103DA0002368002BF9DC104B1A684FF0E0218B6977
:103DB0009342FCD80D4D2B6823B16FF00F0098474C
:103DC00000232B600A4B4FF0E022196811614FF07D
:103DD000FF332360DAE72368013B2360E0E76FF0FD
:103DE000050038BD0C000020DC1D0020D41D002083
:103DF000D81D0020F8B50F4E0F4BB2689A4204460A
:103E00000D4600F1100707D018460C494FF4F07228
:103E100002F07CFB0346B060002C43F8275007DB20
:103E2000074A6109012304F01F04A34042F821302E
:103E3000F8BD00BF00ED00E0001E002000E0001013
:103E400000E100E03F2808D90D4A4038D168C0B2EF
:103E5000012383400B43D36070471F284FF08042FB
:103E600007D92038916CC0B2012383400B4393647F
:103E70007047516A012383400B435362704700BF70
:103E8000000008403F2809D90E494038CB68C0B22D
:103E90000122824023EA0203CB6070471F284FF0C3
:103EA000804108D920388B6CC0B20122824023EABD
:103EB00002038B6470474B6A0122824023EA0203AB
:103EC0004B6270470000084010B507280AD8DFE8A9
:103ED00000F00C09092333475B04BDE81040364865
:103EE00000F0FEB86FF0020010BD4FF080440021DA
:103EF000A36843F48023A3604FF47A70FFF7D0FEE9
:103F000003E0FFF7EBFE063052D1A3685901F8D564
:103F1000FFF71CFF002010BD00214FF47A70FFF75F
:103F2000BFFE4FF0804403E0FFF7D8FE06303FD1DC
:103F3000A3689A00ECD4F7E74FF080440021A3680F
:103F400043F40023A3604FF47A70FFF7A9FE03E067
:103F5000FFF7C4FE06302BD1A3681B01F8D5D7E7C5
:103F60004FF080440021A36843F48013A3604FF412
:103F70007A70FFF795FE03E0FFF7B0FE063017D129
:103F8000A368D800C4D4F7E74FF080440021A368A9
:103F900043F40033A3604FF47A70FFF781FE03E02F
:103FA000FFF79CFE063003D1A3689B01B0D4F7E76E
:103FB0006FF0090010BD00BF740502103F2809D939
:103FC00040380F49C0B2012282408A608B681A4291
:103FD000FCD170471F280AD92038C0B201224FF007
:103FE000804182404A644B6C1A42FCD170470122E6
:103FF0004FF0804182404A604B681A42FCD17047C2
:104000000000084082072CD100F17043B3F5002F67
:1040100084460A4622D3A0F18453B3F5804F20D2C0
:1040200043F6F073034003F5002300B50E4883B058
:1040300061460CF009FC4FF08042136843F04003E6
:10404000136013685B06FCD44FF08052074B126874
:1040500001921B68019303B05DF804FB044B03401D
:10406000E3E76FF00200704700900240002000106C
:10407000F0FF07000CF0E0BB0CF0E2BB00F000B872
:1040800010F4407306D0054A11684A6A13430020B1
:104090004B6270476FF00200704700BF10000020B5
:1040A000C10710B5044608D4A2070BD463070ED489
:1040B0002046BDE8104001F085B90020FFF7E2FE80
:1040C000A207F3D50120FFF7DDFE6307F0D54020FE
:1040D000FFF7D8FE2046BDE8104001F073B900BFDD
:1040E000F8B58C4B05689D4204464BD003F58053D0
:1040F0009D4214D0884B9D4200F0A28003F50073CE
:104100009D422CD04FF0FF3301209840FFF7C8FFAD
:10411000A17A6268284600F055F950B1F8BD022036
:10412000FFF7BEFFA17A6268284600F04BF900282D
:10413000F4D17A4B2268217A9A421AD062682846D2
:1041400000F056F90028E9D1637A042B00F2DE80F2
:10415000DFE813F0A200AD00BC00C400D4000820CA
:10416000FFF79EFFA37A53B16C4B2268217A9A42E3
:10417000E4D101296AD002290AD000297DD06FF04C
:104180001000F8BD0120FFF78BFFA17A6268C1E73C
:10419000636863484FEA430C1A01066A0CF0020C8C
:1041A00002F0200242EA0C02324302628268C3F348
:1041B000400343EA0C0313438360637A042BDED885
:1041C000DFE803F0291E031E030063685448DA0089
:1041D000066A02F0100203F0010C42EA0C0226EA21
:1041E000020202629A005B0102F0040203F0400343
:1041F0001343026A22EA03030362D1B90846F8BDF9
:1042000047486368076ADA0003F0010602F010020B
:104210003E433243E5E76268414893005201066A33
:1042200003F0040302F04002134333430362002906
:10423000E4D06268E17A2846BDE8F84000F00EB9A3
:104240000420FFF72DFFA17A626863E763683448B2
:104250004FEA430C1A01066A0CF0020C02F020022D
:1042600042EA0C02324302628268C3F3400343EA2B
:104270000C0322EA030383609FE7636828484FEA40
:10428000430C1A01066A0CF0020C02F0200242EA0A
:104290000C0226EA0202E6E72B6E626823EA0203BA
:1042A0002B666B6E23EA02036B66217AA5E72A6E02
:1042B00063681A432A666A6E22EA03026A66D5F8C0
:1042C000B8201343C5F8B830217A96E72A6E6368A0
:1042D00022EA03022A666A6E1A43EFE72B6E6268CF
:1042E00013432B666B6E23EA02036B66D5F8B83076
:1042F00023EA0203C5F8B830217A7EE72B6E6268A4
:1043000023EA02032B666B6E1343EEE76FF00200A5
:10431000F8BD00BF008000400004084000060840CF
:10432000006C0040084A904201D000F043B80748B2
:1043300010B4046ACA0001F00101214302F0100325
:104340000B4310BC0362704700060840006C00403D
:10435000094A904201D000F02FB810B4074CCA00AF
:10436000206A02F0100201F0010142EA010320EA92
:104370000303236210BC704700060840006C004035
:1043800001F032B8034A904201D000F017B8024A57
:10439000D16170470006084000680040034B984216
:1043A00001D000F00DB8024BD869704700060840F4
:1043B00000680040C16170470162704781647047C6
:1043C000006C704759B1012906D1D0F8C0301343B1
:1043D000C0F8C030002070476FF002007047D0F87E
:1043E000C03023EA0203C0F8C0300020704700BF8D
:1043F000036B13430363426005292CD8DFE801F007
:104400000A12191F2503C0F888208267C2668260DD
:1044100000207047426142600267C267C0F888208E
:1044200000207047026142600267C267C0F88820BE
:10443000EEE7C0F88820C26702678260E8E7C0F84C
:104440008820C267C2668260E2E7C0F8882082677F
:1044500002678260DCE76FF002007047032929D809
:10446000DFE801F0280F021CD0F8B03023EA020385
:10447000C0F8B030D0F8B4301343C0F8B4300020E6
:104480007047D0F8B0301343C0F8B030D0F8B43033
:1044900023EA0203C0F8B43000207047D0F8B030EF
:1044A0001343C0F8B030D0F8B4301343C0F8B43080
:1044B00000207047D0F8B03023EA0203C0F8B030D3
:1044C000D0F8B43023EA0203C0F8B43000207047BB
:1044D00000F002B800F018B8D0F80031012223F043
:1044E0000103C0F80031C0F80027D0F80031DA032A
:1044F000FBD5D0F8003143F00103C0F80031D0F80B
:104500000031DB03FBD57047D0F8003123F0010305
:10451000C0F80031704700BFA54B98422DE9F0412B
:1045200004460D46164631D003F5805398421FD0FD
:10453000A04B984200F0EE8003F58053984200F0C3
:10454000EC8003F5DB2303F58063984200F0CE8016
:1045500003F58063984200F0E380002900F00881B1
:10456000954996482522FFF713F94FF0FF3703E0EE
:10457000002900F0FD800127EB78023B042B00F2BC
:104580000E81DFE803F08F0D25080800002900F0F8
:10459000EF800027F0E76FF01000BDE8F0810527FD
:1045A000032F4FF00500CCBF4FF000084FF001087B
:1045B000FFF78AFC4FF4E10120464FEA480800F07B
:1045C0002FF9052F1DD8DFE807F03343230E815D57
:1045D0000620FFF779FC4FF40041204600F020F957
:1045E0004FF00308EDE70820FFF7E8FC1220FFF783
:1045F00049FC36B1AB78022B14BF71487148FFF704
:104600006FFD424629462046BDE8F04100F0EEB974
:104610000720FFF7D3FC1120FFF734FC002EF0D069
:10462000AB78022B14BF68486848FFF759FDE8E7EC
:104630000520FFF7C3FC0F20FFF724FC002EE0D07D
:10464000AB78022B14BF62486248FFF749FDD8E7F8
:104650000620FFF7B3FC1020FFF714FC002ED0D08B
:10466000AB78022B14BF5C485C48FFF739FDC8E704
:104670000520FFF729FC5A484FF4612100F0D0F8DB
:104680004FF001085748FFF72BFD4320FFF796FC3A
:104690004320FFF7F7FB424629462046BDE8F0419C
:1046A00000F0A4B90020FFF70FFC4F49204600F0AE
:1046B000B7F84FF0010884E70320FFF705FC4B48EB
:1046C00047F2305100F0ACF84FF002084848FFF7CD
:1046D00007FD4220FFF772FC4220FFF7D3FB424662
:1046E00029462046BDE8F04100F080B900293FD0BE
:1046F000CB78023B042B40D801A252F823F000BF34
:1047000097450110774701105B470110B94601102A
:104710009745011061B302272EE749B303272BE722
:1047200031B3CB78023B042B30D801A252F823F0EE
:10473000974501109F45011097450110454701100D
:10474000714601100320FFF7BFFB254847F23051A7
:1047500000F066F84FF0020894E70620FFF7B4FB7C
:1047600022484FF4004100F05BF84FF00108ADE73C
:104770004FF0FF3011E7042712E71E4B1B48196862
:10478000490800F04DF84FF000089FE7194B144816
:104790001968490800F044F84FF0000872E7154B1B
:1047A00019682046490800F03BF84FF0000808E778
:1047B0000000014000200140DCDE011028DF011074
:1047C00014050210E404021020050210F004021087
:1047D00038050210080502102C050210FC04021016
:1047E00000100840CC04021000879303000C08401E
:1047F000D80402106C27002000F070B900F09CB9BA
:1048000000F0C6B900F0F0B900F01CBA00F020BE0C
:1048100000F036BE00F026BE00F028BE00F07EBAE2
:104820001A4B984210B50C4626D003F58053984297
:1048300019D003F58053984222D003F58053984253
:1048400020D003F5DB2303F58063984216D003F5EF
:104850008063984218D096220D490E48FEF798FFC3
:104860004FF0FF3200E001220B4B03EBC2010120AD
:1048700003F832004C6010BD0022F5E70422F3E794
:104880000222F1E70322EFE70522EDE700000140F5
:1048900034DF011028DF0110E01F002008B51B4B9A
:1048A000984226D003F58053984219D003F58053DF
:1048B000984222D003F58053984220D003F5DB23A1
:1048C00003F58063984216D003F58063984218D0B0
:1048D000A0220F490F48FEF75BFF4FF0FF3200E0C8
:1048E00001220D4B13F8321069B103EBC203586873
:1048F00008BD0022F5E70422F3E70222F1E70322D4
:10490000EFE70522EDE76FF0060008BD000001406B
:1049100034DF011028DF0110E01F002038B5304BD4
:10492000984204460D461AD003F58053984216D09B
:1049300003F58053984212D003F5805398420ED06D
:1049400003F5DB2303F58063984208D003F5806309
:10495000984204D023492448AE22FEF719FF002DC7
:1049600031D0A9782269A1F10200B0FA80F04009A3
:1049700000014FF4804383401343082223618240A7
:10498000A3691342FCD06B782269834013432361EF
:10499000AB6822691B0283401343236101238340D8
:1049A0004FF4807223608240E3681342FCD06B684E
:1049B00083406360A3694FF40052824023EA0203FC
:1049C0000229A36100D038BDA36943F08073A361BD
:1049D000236943F000432361A3695B03FCD538BD21
:1049E0000000014034DF011028DF0110384B9842ED
:1049F00070B504460D4616461AD003F5805398420A
:104A000016D003F58053984212D003F58053984294
:104A10000ED003F5DB2303F58063984208D003F53D
:104A20008063984204D02B492B483022FEF7B0FE19
:104A3000002D49D0AB78A269990714BF22F000423B
:104A400042F00042A261E26842F00112E260012BF2
:104A50006A7812D9022B25D1A36966F31143A361A9
:104A6000236923F470032361082A28D8DFE802F0C1
:104A700023232929292329292900A16966F3010172
:104A8000A1612069297820F0F00001F0F0010143D4
:104A900021613BB9A36966F31143A361236923F440
:104AA00070032361082A0AD8DFE802F0050505052E
:104AB00005050505050029462046FFF72FFF0020C4
:104AC00070BD6FF0100070BD4FF0FF3070BD00BFC3
:104AD0000000014034DF011028DF0110134B984221
:104AE00010B504461AD003F58053984216D003F54A
:104AF0008053984212D003F5805398420ED003F5AC
:104B0000DB2303F58063984208D003F58063984265
:104B100004D007490748E522FEF73AFE236943F42B
:104B200000432361A3695B07FCD510BD0000014071
:104B300034DF011028DF0110124B984210B50446F3
:104B40001AD003F58053984216D003F5805398424B
:104B500012D003F5805398420ED003F5DB2303F502
:104B60008063984208D003F58063984204D00649D8
:104B70000648EF22FEF70CFE236923F4004323616D
:104B800010BD00BF0000014034DF011028DF01101C
:104B9000124B984210B504461BD003F5805398423F
:104BA00017D003F58053984213D003F580539842F1
:104BB0000FD003F5DB2303F58063984209D003F59A
:104BC0008063984205D0064906484FF4A672FEF766
:104BD000DFFDE36843F00113E36010BD0000014016
:104BE00034DF011028DF011038B5134B984204461A
:104BF0000D461BD003F58053984217D003F5805320
:104C0000984213D003F5805398420FD003F5DB236D
:104C100003F58063984209D003F58063984205D07C
:104C20000649074840F29512FEF7B2FD2560E36899
:104C3000DB05FCD538BD00BF0000014034DF0110AA
:104C400028DF011070B52F4B984284B004460D4602
:104C50001BD003F58053984217D003F58053984238
:104C600013D003F5805398420FD003F5DB2303F5EF
:104C70008063984209D003F58063984205D02249A9
:104C800022484FF4D172FEF783FD002D36D0204923
:104C9000204A0E687608A6FB0556002328463146B2
:104CA00008F08CFD1C4A03464FF0FF30A842B24189
:104CB00026D200225B0843EAC17349080132002969
:104CC000F8D11201D1B200252046CDE902358DF888
:104CD00004108DF80550ADF80650FFF78FFD2A46F9
:104CE00001A92046FFF718FCA36943F000432046C2
:104CF000A361FFF785FD2046FFF77EFD04B070BD80
:104D00000021E0E70000014034DF011028DF01103E
:104D10006C27002040420F003F420F002DE9F84F62
:104D2000464EB04204460D46924699461AD0444B30
:104D3000984217D003F58053984213D003F580535F
:104D400098420FD003F5DB2303F58063984209D026
:104D500003F58063984205D03A493B484FF4E57229
:104D6000FEF716FD20462669FFF798FD071E4ADB71
:104D70000123C6F3031603FA06F6F317A6FB05860E
:104D800005FB036674014FEA4815B5EB080544EAD4
:104D9000D86464EB0604A40044EA9574AD0015EBF6
:104DA00008052A4A46EB040482FB0732E4004FEA76
:104DB000E77B44EA5574CBEBA242ED00D3172846BB
:104DC000214608F0FBFC09B3214A82FB0732CBEBFA
:104DD000A212D3172846214608F0F0FCE9B1284674
:104DE00021463A465B4608F0E9FCE9B13A465B46A3
:104DF0004046314608F0E2FCE1B90323CAF800005E
:104E000089F8003000273846BDE8F88F4FF00003DE
:104E1000CAF8000089F80030F4E74FF00103CAF83F
:104E2000000089F80030EDE70223CAF8000089F895
:104E30000030E7E76FF00307E5E700BF000001403F
:104E40000010014034DF011028DF011083DE1B4316
:104E5000D34D621008B5164B984210D0154B9842AE
:104E600014D0154B984218D0144B98421CD14420B2
:104E7000FFF7A4F84420FEF7E5FF002008BD0B2053
:104E8000FFF79CF80920FEF7DDFFF6E70C20FFF79F
:104E900095F80A20FEF7D6FFEFE71C20FFF78EF803
:104EA0002120FEF7CFFFE8E76FF0020008BD00BF4A
:104EB000002004400030044000400440001408403A
:104EC00070B504460E461546FFF7C4FFA0BB022D81
:104ED0001DD0042D02D10620FEF7F6FF1E4B9C428A
:104EE0001BD01E4B9C4228D01D4B9C422CD01D4BEE
:104EF0009C421FD11C48FFF7F3F84420FEF7C2FF85
:104F00002A4631462046BDE8704000F0F5B805203D
:104F1000FEF7DAFF104B9C42E3D11448FFF7E0F8AC
:104F20000920FEF7AFFF2A4631462046BDE8704013
:104F300000F0E2B86FF0020070BD0D48FFF7D0F846
:104F40000A20FEF79FFFDBE70A48FFF7C9F8212098
:104F5000FEF798FFD4E700BF002004400030044073
:104F60000040044000140840440502106805021087
:104F70005C05021050050210314B984210B50446F2
:104F800016D003F58053984212D003F5805398420F
:104F90000ED003F57533984207D10523022A4361E9
:104FA00045D0042A13D0002A41D06FF0020010BD72
:104FB000042AFAD0204600F00FF90028F7DD236814
:104FC00043F40043236023681B03FCD510BD026833
:104FD0004FF480331A4302600068B3FBF1F340F4EE
:104FE000001001FB03F2B1F5166F2060C2F58032AC
:104FF00016D900206061ABB90123124A1361106811
:1050000000F44030B0F5803F05D0136813F4403F02
:10501000CBD14FF4E1000B4B1B69B0FBF3F0CCE7B5
:1050200001206061B2EB510FE7D90133E5E74FF49E
:10503000E103B3FBF1F301FB03F2C2F5E102DAE7AE
:105040000020044000140840124B98421CD003F585
:105050008053984218D003F58053984214D003F53A
:105060007533984212D1036803F44033B3F5803F9F
:1050700005D0036813F4403F08D14FF4E103064A1A
:105080001069B3FBF0F0704700F0DEB86FF002007B
:10509000704700BF002004400014084000F000B931
:1050A00000F00EB900F01EB900F062B900F068B966
:1050B00000F008B800F012B800F06CB900F06EB95A
:1050C00000F072B910B504462046FFF7F5FF00283E
:1050D000FAD02046BDE81040FFF7E6BF38B50446D9
:1050E0000D462046FFF7EAFF0028FAD02946204661
:1050F000BDE83840FFF7DABFF8B5324CA0420546AC
:105100000F4616460FD0304B98420CD003F5805313
:10511000984208D003F57533984204D02B492C48A7
:105120003E22FEF735FB01212846FFF7C9FF044662
:1051300008B12046F8BD08212846FFF7AFFF044616
:105140000028F6D101462846FFF7ACFF04460028A8
:10515000EFD101462846FFF7A3FF04460028E8D117
:10516000324639462846FFF707FF002822DB154B59
:105170009D4221D003F580539D421FD003F58053FB
:105180009D421DD003F575339D4214BF4FF0FF3390
:10519000032303EB83030F4A9B0003F10806D01897
:1051A000B71800214FF0FF3595517D60D150416017
:1051B0000174BEE70446BCE72346EAE70123E8E7BB
:1051C0000223E6E7002004400030044080DF0110A5
:1051D000CCDF0110102000200523012A10B4436108
:1051E00023D0022A10D0E2B9154B1A685208B2FB3C
:1051F000F1F301FB132213B1B2EB510F00D90133CC
:1052000010BC0361FFF720BF04684FF4E10344F4CE
:105210000034B3FBF1F301FB03F2C2F5E1020460D9
:10522000E9E76FF0020010BC70470468054AB2FB62
:10523000F1F344F48034046001FB1322DBE700BF88
:105240006C270020C0687804036803F44033B3F58A
:10525000803F17D0036813F4403F0CD0036803F479
:105260004033B3F5003F08BF4FF4E1030FD10069AD
:10527000B3FBF0F07047084B00691B685B08B3FB99
:10528000F0F07047054B0069B3FBF0F0704703681E
:105290006FF00200704700BF6C270020C0687804E0
:1052A00005390329024607D8036823F4406343EA1B
:1052B00081230020136070476FF00200704700BF29
:1052C00051B1012905D1036843F4805303600020E4
:1052D00070476FF002007047036823F48053036047
:1052E0000020704704293FD8DFE801F0111724316E
:1052F0000300036843F010030360036843F02003D6
:105300000360036843F040030360002070470368B4
:1053100023F01003036000207047036843F010037C
:105320000360036823F020030360036823F0400355
:105330000360EAE7036843F010030360036823F0A7
:1053400020030360036843F040030360DDE7036864
:1053500043F010030360036843F020030360036815
:1053600023F040030360D0E76FF00200704700BFF6
:105370004368DB0654BF006A6FF00C00704700BF43
:105380000246406810F080000CBF11626FF00B0005
:10539000704700BF4068C0F3032070474068C0F307
:1053A0000330C0F1080070474B1E072B024606D899
:1053B000036823F00F0319430020116070476FF05A
:1053C0000200704710B5064C217831B905484FF4FA
:1053D000007200F021F901232370002010BD00BFEE
:1053E00060200020642200200328F8B507461ED85C
:1053F000124B53F820502846FEF7D0FF04460146D2
:105400002846FEF7BFFF8CB10D4E0E4D06EBC716BA
:1054100005EBC715E30703D52B680BB13068984738
:10542000640806F1040605F10405F3D1F8BD064948
:1054300006484E22FEF7ACF90025DCE78005021095
:105440006420002064220020FCDF01104CE00110E9
:1054500010B50446FFF7D2F920460021BDE8104000
:10546000FFF7D0B94FF0FF31FFF7CEB938B5054699
:10547000FFF7CEF904462846FFF7C8F9204638BDA5
:1054800000B583B00DF10303016801AAFFF7C6F967
:105490009DF803300198022B10D0032B08D0012B6C
:1054A00003D00A4BA3FB0030800903B05DF804FB76
:1054B000074B03FB00F003B05DF804FB4FF47A7375
:1054C00003FB00F003B05DF804FB00BFD34D621096
:1054D00040420F0040EA01039B0710B501D1032AA7
:1054E00017D8844601F1FF3E07E01EF8011F03F8BC
:1054F000011B541E29B19C4622466346002AF4D162
:1055000010BD9444002CFBD003F8011B6345FBD174
:1055100010BD8E468446DEF80040A4F1013323EA34
:10552000040313F0803F71460EF1040EDAD1043A01
:10553000032A4CF8044BEED87146D3E70000000074
:1055400030B490F800F020F007016FF0000C10F07C
:10555000070491F820F040F048804FF000046FF00D
:105560000700D1E9002391F840F000F1080082FA29
:105570004CF2A4FA8CF283FA4CF3A2FA8CF34BBBF4
:10558000D1E9022382FA4CF200F10800A4FA8CF26D
:1055900083FA4CF3A2FA8CF3E3B9D1E9042382FA3B
:1055A0004CF200F10800A4FA8CF283FA4CF3A2FA50
:1055B0008CF37BB9D1E9062301F1200182FA4CF288
:1055C00000F10800A4FA8CF283FA4CF3A2FA8CF3EF
:1055D000002BC6D0002A04BF04301A4612BAB2FA11
:1055E00082F200EBD20030BC7047D1E9002304F016
:1055F0000305C4F100004FEAC50514F0040F91F84B
:1056000040F00CFA05F562EA05021CBF63EA0503E7
:1056100062464FF00004AAE7830730B547D0541E16
:10562000002A3ED0CAB2034601E0013C39D303F858
:10563000012B9D07F9D1032C2CD9CDB205EB052503
:105640000F2C05EB054535D9A4F1100222F00F0C03
:1056500003F1100EE6444FEA121C1A46C2E9005547
:10566000C2E9025510327245F8D10CF1010214F072
:105670000C0F03EB021204F00F0C13D0ACF1040377
:1056800023F003030433134442F8045B9342FBD139
:105690000CF003042CB1C9B21C4403F8011BA34253
:1056A000FBD130BD64461346002CF4D1F9E7034624
:1056B0001446C0E71A46A446E0E700BF11F0FF0118
:1056C000034600F0030239D08ABB026810B501EB33
:1056D000012E0EEB0E4E8EEA0204A2F1013323EAF4
:1056E0000203A4F1013222EA0402134313F0803FC3
:1056F0000FD150F8044F84EA0E0CA4F10133ACF141
:10570000013223EA040322EA0C02134313F0803F20
:10571000EFD0037823B936E010F8013F002B32D0E8
:105720009942F9D110BD8A4228D09A0729D01A7817
:1057300018460133002AF6D110467047CAB90268EC
:10574000A2F1013323EA020313F0803F08D150F89D
:10575000042FA2F1013323EA020313F0803FF6D0B5
:1057600003785BB110F8013F002BFBD1704799071C
:1057700005D0184613F8012B002AF8D170471846B7
:10578000DDE71846A1E7184610BD00BF01292DE945
:10579000F0415BD94FF00108C64600244FF0FF35B9
:1057A000434608E0A3EB05081C464FF0010E04EB4E
:1057B0000E03994210D900EB050CC75C1CF80E6073
:1057C000B742EFD332D04FF001082546C6464444D5
:1057D00004EB0E039942EED80127C2F80080BE46C2
:1057E00000244FF0FF363B4607E09F1B1C464FF05E
:1057F000010E04EB0E03994210D900EB060C10F8D1
:1058000003801CF80EC0E045EFD817D001272646CC
:10581000BE463C4404EB0E039942EED80136681CA8
:10582000864201D317603046BDE8F081C6450ABF05
:1058300074440EF1010E4FF0010EB8E7BE450ABFE9
:1058400074440EF1010E4FF0010ED2E7012700263D
:10585000E8E700BF2DE9F04F174687B005AA80465C
:105860008946384619461C46FFF790FF059B029370
:1058700082460246F918384600F014FD00285FD130
:1058800044F400630193029BE31A06460546A9EB24
:1058900004010393CAF1010BA9421BD356453346B9
:1058A00038BF53469C4223D9581EEA183844424414
:1058B00002E001339C421BD012F801CB10F801EF3B
:1058C000E645F6D09C4213D95D441D44A9424FF0F1
:1058D0000006E3D2019908EB090001F015FC8144B0
:1058E000A9EB0401A942D9D2002007B0BDE8F08F8E
:1058F00056450AF1FF336FD205EB0A02424407EB2B
:105900000A00009502E09E4211D0734610F801CDC6
:1059100012F8015DAC4503F1FF3EF4D0009D013368
:1059200001369E4207D8029B039E1D44B4E7013610
:105930009E42009DF7D908EB050007B0BDE8F08F47
:10594000A4EB0A03534538BF534601330193059333
:1059500044F400630025A9EB040100930AF1FF362B
:10596000CAF1010BA94216D3544520D905EB0A020E
:105970004244B819534602E001339C4217D012F852
:1059800001CB10F801EFE645F6D09C420FD95D44FB
:105990001D44A942E8D2009908EB090001F0B4FBCC
:1059A0008144A9EB0401A9429ED35445DED8BAF143
:1059B000000FC0D005EB0A00404407EB0A0201E0EB
:1059C000BB42B8D012F801ED10F801CDE645134600
:1059D000F6D0019B1D44C5E75346A1E72DE9F04FE2
:1059E0009346ADF21C4D05AA80468A465846194694
:1059F0001C46FFF7CBFE134681460DF2144243F8D6
:105A0000044F9342FBD16CB1601E58440BF1FF323E
:105A100006AD12F8011FA31A013B5B44824245F810
:105A20002130F6D1059B01934A460BEB0301584602
:105A300000F038FC002879D144F40063074605469D
:105A4000AAEB040E0293661EAE4512D308EB050CBA
:105A500006AA1CF8063052F82330CBB127B1019AC0
:105A60009A4284BF1346E31A1D44AE454FF0000727
:105A7000ECD208EB0A00029901F046FB8244AAEB43
:105A8000040EAE45E2D200200DF21C4DBDE8F08FB1
:105A90004F453B4638BF4B469E4218D9591EEA181F
:105AA00059444244009502E001339E420ED012F860
:105AB000010B11F8015F8542F6D09E42009D06D988
:105AC000C9F101022A44D5180027BDE7009D4F45C2
:105AD00009F1FF3380F0818005EB090242440BEBB2
:105AE00009010095CDF80C9002E09F4213D04B467F
:105AF00011F8015D12F8010D854203F1FF39F4D070
:105B0000009DDDF80C90013301379F4209D8019BBD
:105B10001D44E71A98E701379F42009DDDF80C907D
:105B2000F5D960460DF21C4DBDE8F08FA4EB0903DA
:105B30004B4538BF4B4601330193059344F4006352
:105B40000025AAEB040E0093661EAE4509D308EBB0
:105B5000050006AA835D52F823306BB11D44AE45A3
:105B6000F5D208EB0A00009901F0CEFA8244AAEBC4
:105B7000040EAE45EBD286E7B14517D209F1FF31ED
:105B800005EB0902594442444B4602E00133B3425B
:105B90000CD012F8017B11F801CFBC45F6D09E4223
:105BA00004D9C9F101022A44D518CEE7B9F1000F92
:105BB0003FF46AAF05EB090141440BEB090202E037
:105BC0005B453FF461AF12F801CD11F8017DBC4592
:105BD0001346F5D0019B1D44C1E74B4694E700BF37
:105BE0002DE9F0410D46097890B00446002954D0C3
:105BF0006A78002A00F08280AB78002B51D0E878D8
:105C00002E68002800F081802B79002B56D0284682
:105C1000FFF796FC064640F40071204601F074FA46
:105C200086425AD8FE2E00F28880801B2718402218
:105C3000711C6846FFF7F0FC7EB16A1E5FFA86FCB5
:105C4000901912F8013F03F03F0340336B44A91A47
:105C50006144904203F8401CF3D1013CA35D03F082
:105C60003F0340336B4413F8403C1C44A74203D22B
:105C700038E04444A74235D314F806C00CF03F0C7A
:105C80000CF140030DEB030C3246294620461CF86C
:105C9000408C00F007FB0028EBD1204610B0BDE897
:105CA000F081007842EA0142B8B140EA03439A42E7
:105CB000214614F8010FF7D14C1EEEE7227862B1AD
:105CC00031BA01E08B421ED042EA0323204614F889
:105CD000012F002AF6D18B4215D00024204610B0A7
:105CE000BDE8F081BB5DB819002BF6D04FF4006120
:105CF00001F00AFA0744A742AFD2EEE710B0BDE8C0
:105D0000F041FFF7DBBCC41EC7E7120442EA0162A0
:105D1000217842EA03230029DFD0024601E000296E
:105D2000DBD041EA0200B3EB002F25464FEA002208
:105D300014F8011FF3D1AC1EAFE7014633462A46E3
:105D4000204610B0BDE8F04148E600BFB1F90C2094
:105D5000F8B516070C46074649D4496842F4006373
:105D60000029A3815FDDA56A002D3ED0002112F439
:105D700080523E683960E16961D101233846A84705
:105D8000451C02466BD0B4F90C30A56AE16958078E
:105D900005D56368D21A236B0BB1E36BD21A0023CB
:105DA0003846A847411C4CD13968B4F90C301D293C
:105DB0003FD82F4ACA40D2073BD52269226023F43C
:105DC0000062A281DD044FF00002626001D500296B
:105DD00043D0216B3E6041B104F14003994202D0AF
:105DE000384600F063F9002323630020F8BD0E69F4
:105DF000002EFAD00D680E6092070CBF4B6900238D
:105E0000AD1B8B600CE0D4F824C0E1692B46324610
:105E10003846E047B0F1000CA5EB0C05664406DD02
:105E2000002DF0DCE1E7E16B00299CDCDDE7B4F953
:105E30000C3043F04003A3814FF0FF30F8BD226DDA
:105E4000A5E7B4F90C302269226023F40062A28134
:105E5000DB044FF000026260BBD52065B9E73B6808
:105E6000002B90D01D2B01D0162BE0D13E60BCE75B
:105E70000100402010B5044682B008B1436B53B115
:105E8000B1F90C0008B902B010BD204602B0BDE85F
:105E90001040FFF75BBF019100F00EFF0199EFE7A3
:105EA000A0B138B50C4B1D6804460DB16B6B4BB1FE
:105EB000B4F90C0000B938BD21462846BDE8384089
:105EC000FFF744BF284600F0F7FEF1E7034A044914
:105ED000044801F087B900BF1800002040010020ED
:105EE000755E01102000002088420ED98B18834275
:105EF0000BD900EB020C002A6ED0624613F801CDDC
:105F000002F801CD9942F9D170470F2A0FD8034604
:105F100002F1FF3C002A5FD00CF1010C013B8C44E4
:105F200011F8012B03F8012F6145F9D1704740EAC0
:105F300001039B0751D1A2F1100370B501F1200CB0
:105F400023F00F0501F1100E00F11004AC441B0901
:105F50005EF8105C44F8105C5EF80C5C44F80C5C75
:105F60005EF8085C44F8085C5EF8045C44F8045C85
:105F70000EF1100EE64504F11004E9D1013312F0E0
:105F80000C0F01EB031102F00F0400EB031328D0F8
:105F9000043C24F003064FEA940C1E441C1F8E465A
:105FA0005EF8045B44F8045FB442F9D10CF10104DB
:105FB00002F0030203EB840301EB840102F1FF3CD6
:105FC0004AB10CF1010C013B8C4411F8012B03F890
:105FD000012F6145F9D170BD704702F1FF3C0346C6
:105FE0009AE72246EAE700BF014B1868704700BFF6
:105FF000180000202DE9F84306460820894600F0E5
:106000001FFBDFF89C800546304600F067FDD8F89E
:1060100008305F6827F00307A7F11104A4EB090417
:106020002C44B4FBF5F4013C05FB04F4A54208DC68
:106030000021304601F09EF8D8F808303B449842E1
:1060400005D0304600F04CFD0020BDE8F8836142E9
:10605000304601F08FF801300FD0124AD8F80830DE
:106060003F1B47F001075F60136830461B1B13603E
:1060700000F036FD0120BDE8F8830021304601F034
:1060800079F8D8F80820831A0F2BDADD43F00103E2
:106090005360054B03491B68C01A0860D1E700BF75
:1060A00050010020A42500205805002000297CD0A4
:1060B000F8B50C46064600F011FD54F8043C764F46
:1060C000A4F1080523F001016818D7F808C0426858
:1060D000844522F0030200F08380DB07426000EB7E
:1060E000020C33D454F8084CDCF804302D1B214446
:1060F000AC6807F1080C644503F0010364D0D5F8DF
:106100000CE0C4F80CE0CEF80840002B00F08180D1
:1061100041F001036B600160B1F5007F22D2786825
:10612000CB080122490901338A40024357F8331052
:106130007A6007EBC302083AC5E9021247F8335008
:10614000CD603046BDE8F84000F0CABCDCF8043051
:10615000DB072BD541F00103B1F5007F44F8043C87
:106160000160DCD3B1F5206F4FEA512353D28B0984
:1061700003F1390003F13802C300F818FB5808385E
:10618000984203D161E09B68984204D05A6822F09B
:1061900003028A42F7D8D868C5E902308560DD601D
:1061A0003046BDE8F84000F09BBC7047114407F151
:1061B000080C836863453FD0C268DA60936041F0A1
:1061C00001036B606950A7E7002B5FD10A44D0E957
:1061D0000213CB60996042F001036B60AA50B0E7F4
:1061E0000A44D90707D454F8083CED1A1A44D5E9F3
:1061F0000213CB60996042F001036B60274BBD60D6
:106200001B6893429DD8264B30461968FFF7F2FE73
:1062100097E71144CDE7142B08D9542B1DD80B0B4D
:1062200003F16F0003F16E02C300A6E703F15C0007
:1062300003F15B02C300A0E741F00103C7E9045585
:10624000C5E902CC6B6069507BE779689210012444
:1062500004FA02F20A437A609EE7B3F5AA7F06D8F1
:10626000CB0B03F1780003F17702C30085E740F21E
:106270005452934206D88B0C03F17D0003F17C024B
:10628000C3007AE74FF47E737E2276E741F0010384
:106290006B60016055E700BF500100205C050020E5
:1062A000A0250020032A30B415D941EA0004A40730
:1062B00084460B4604D0541E0FE0043A032A08D942
:1062C0001946604653F8044B5CF8045BA542F4D0D1
:1062D000F1E760461946541E7AB1431E013902198E
:1062E00001E09A4209D013F8010F11F801CF60457F
:1062F000F7D0A0EB0C0030BC7047002030BC7047DA
:106300000A22002100F0AEB80A23002200F09CB857
:10631000242B2DE9F84F43D8012B41D08046494822
:106320001F468E4675461EF801BB10F80B4014F050
:106330000804F7D1BBF12D0F6FD0BBF12B0F08BFB5
:106340009EF800B06FF0004908BF05F1020E73BB64
:10635000BBF1300F4BD00A273B460025B9FBF7F6BF
:10636000284607FB169A05E03AD007FB00C0012536
:106370001EF801BBABF1300CBCF1090F06D9ABF133
:10638000410CBCF1190F19D8ABF1370C63451EDD78
:10639000B5F1FF3FECD08642E6D24FF0FF35E7E79C
:1063A000FFF722FE162303600020BDE8F88F102BB4
:1063B000D3D1BBF1300F23D01F46CEE7ABF1610C38
:1063C000BCF1190F03D8ABF1570C6345E0DC6B1C33
:1063D0002BD054B9002AE8D085BB1160BDE8F88FF6
:1063E000E245C2DA4FF0FF35C2E74042F2E79EF8DD
:1063F000003003F0DF03582B08D008273B46ACE7FA
:106400009EF8000000F0DF005828D5D110279EF834
:1064100001B03B460EF1020E9FE79EF800B04FF030
:10642000004905F1020E012491E72223C8F800304B
:1064300032B10EF1FF3148461160CFE78146F8E7EF
:106440004846B2E79105021062E700BF10B4044C61
:1064500084461346206810BC0A46614658E700BFD0
:106460001800002010B4044C84461346206810BC69
:106470000A4661464CE700BF1800002070B539B1EC
:1064800006460C4608B1436B83B3B4F90C3013B91C
:106490000025284670BD21463046FFF757FCE36AC9
:1064A000054633B1E169304698470028B8BF4FF040
:1064B000FF35A3891B061CD4216B41B104F14003B5
:1064C000994202D03046FFF7F1FD00232363616C4F
:1064D00021B13046FFF7EAFD0023636400F0FCFBC6
:1064E0000023A38100F0FAFB284670BD00F0E4FB16
:1064F000CBE721693046FFF7D9FDDDE7024B0146C6
:106500001868FFF7BBBF00BF18000020844641EAAF
:10651000000313F003036DD1403A41D351F8043B1B
:1065200040F8043B51F8043B40F8043B51F8043B6D
:1065300040F8043B51F8043B40F8043B51F8043B5D
:1065400040F8043B51F8043B40F8043B51F8043B4D
:1065500040F8043B51F8043B40F8043B51F8043B3D
:1065600040F8043B51F8043B40F8043B51F8043B2D
:1065700040F8043B51F8043B40F8043B51F8043B1D
:1065800040F8043B51F8043B40F8043B51F8043B0D
:1065900040F8043B51F8043B40F8043B403ABDD27C
:1065A000303211D351F8043B40F8043B51F8043B1E
:1065B00040F8043B51F8043B40F8043B51F8043BDD
:1065C00040F8043B103AEDD20C3205D351F8043BAD
:1065D00040F8043B043AF9D2043208D0D2071CBF79
:1065E00011F8013B00F8013B01D30B8803806046A2
:1065F000704700BF082A13D38B078DD010F0030318
:106600008AD0C3F10403D21ADB071CBF11F8013B87
:1066100000F8013B80D331F8023B20F8023B7BE7D6
:10662000043AD9D3013A11F8013B00F8013BF9D201
:106630000B7803704B7843708B788370604670479B
:10664000082802D14FF48050704708B5FFF7CCFC02
:10665000162303604FF0FF3008BD00BF10B50C4695
:10666000B1F90E1003F010FB002803DB236D034487
:10667000236510BDA38923F48053A38110BD00BFFF
:10668000002070472DE9F0410C46B1F90C101F466F
:10669000CB05054616460BD421F48051A1813B461B
:1066A000B4F90E1032462846BDE8F04100F0EAB9D0
:1066B000B4F90E100223002204F0E4FDB4F90C102A
:1066C000EAE700BF10B50C46B1F90E1004F0DAFD90
:1066D000B4F90C30421C0EBF23F4805343F48053B2
:1066E0002065A38110BD00BFB1F90E1000F054BDAC
:1066F00070B50F4B0F4DAB42A3EB050607D0B6109C
:10670000002455F8043B01349847A642F9D80AF012
:1067100087F8094D094B5E1BAB424FEAA60606D02F
:10672000002455F8043B01349847A642F9D870BDBF
:10673000C00B0020C00B0020C00B0020C80B0020A5
:106740002DE9F84F1646002900F096800C46804649
:1067500006F10B0500F0C2F954F8041C162DA4F143
:10676000080921F0030758D81025AE4258D8AF4287
:1067700060DABE4B9A6809EB070C6245DCF804004E
:1067800000F0908020F0010363445B68DB0768D46D
:1067900020F003003B189D4247DDCB0712D454F88C
:1067A000083CA9EB030BDBF8043023F00302104490
:1067B00000EB070A554540F3F68007EB020A554502
:1067C00040F3CC803146404603F074FA0646002878
:1067D00000F0208154F8043C23F001034B44A0F165
:1067E0000802934200F0B4803A1F242A00F2D780B6
:1067F000132A00F2A28003462246116819605168EC
:10680000596092689A6021464046FFF74FFC404627
:1068100000F066F93046BDE8F88F35F00705A4D5DD
:106820000C23C8F80030002618E01F46DCE90223DC
:10683000D3609A60D9F804307A1B0F2A03F0010361
:1068400009EB07001DD83B43C9F80430436843F007
:1068500001034360404600F043F926463046BDE858
:10686000F88FC907AED454F8083CA9EB030BDBF84A
:10687000043023F00302A0E7BDE8F84F114603F00F
:1068800019BA09EB05012B4342F00102C9F80430A3
:106890004A60436843F00103436008314046FFF714
:1068A00005FCD7E720F00300C21905F1100C624582
:1068B00080F29180CA0785D454F8082CA9EB020B0A
:1068C000DBF8042022F00302104400EB070AD44551
:1068D0003FF773AF5E46DBF80C1056F8080F3A1F0F
:1068E000242AC160886000F2AE80132A40F2A98099
:1068F0002168CBF808106168CBF80C101B2A00F255
:10690000A88008340BF110022168116061685160A1
:10691000A16891600BEB0501AAEB050242F00102B0
:1069200099604A60DBF8043003F001032B434046D2
:10693000CBF8043000F0D4F890E723680360636874
:1069400043601B2A3CD804F1080200F1080354E715
:1069500050F8043C23F003031F446BE73A1F5E46E4
:10696000DBF80C3056F8081F242ACB60996022D837
:10697000132A1ED92368CBF808306368CBF80C3093
:106980001B2A3BD808340BF1100322681A60626896
:106990005A60A2689A6034465746D9464AE721466B
:1069A000FFF7A2FA2FE7DCE902133A1FCB609960E8
:1069B000D5E73346E9E721463046FFF795FAEAE79F
:1069C000A3688360E368C360242A27D004F110021F
:1069D00000F1100311E709EB05019960531B43F027
:1069E00001034B6054F8043C03F001032B43404681
:1069F00044F8043C00F074F826462FE7A368CBF86F
:106A00001030E368CBF81430242A10D010340BF186
:106A10001803BAE7404600F063F804E7236903610E
:106A20006169416104F1180200F11803E5E6236988
:106A3000CBF818306369CBF81C3018340BF1200305
:106A4000A3E7324660E721463046FFF74DFA074B91
:106A500060E7A168CBF81010E168CBF81410242A85
:106A600006D010340BF118024EE700BF5001002091
:106A70002269CBF818206269CBF81C2018340BF17E
:106A8000200241E738B50C46084D844611462046A1
:106A90001A4600232B606446FCF700FF431C00D01D
:106AA00038BD2B68002BFBD0236038BDD8250020D3
:106AB00070B50C46084D03460026204611461C467C
:106AC0002E60FCF7B9FE431C00D070BD2B68002B74
:106AD000FBD0236070BD00BFD8250020704700BFE9
:106AE000704700BF00207047024A0349034800F086
:106AF00079BB00BF400100207D6401102000002010
:106B00000C4B4168994210B5044601D0FFF7B6FC22
:106B1000A168094B994202D02046FFF7AFFCE1681B
:106B2000064B994204D02046BDE81040FFF7A6BCB2
:106B300010BD00BF64240020CC2400203425002098
:106B4000002070472DE9F8432A4C2B49DFF8AC9020
:106B5000DFF8AC802B4FC4F838110025042308223D
:106B6000294604F15C00284EE360C4E90055C4E9FD
:106B70000455A5606566A561FEF74EFD234B63676E
:106B80000822294604F1C400C4E90749C4E9098779
:106B9000C4E91A55C4E91E552567C4F8CC50C4F899
:106BA0008050E662FEF738FD194BC4F8DC30294608
:106BB00004F16803082204F59670C4F88430C4E92F
:106BC0002298C4E92476C4E93455C4E93855C4F898
:106BD000D850C4F83451C4F8E850FEF71DFD04F154
:106BE000D003C4E93C98C4E93E76C4F8EC30BDE873
:106BF000F88300BF64240020E96A01105D6601107B
:106C000085660110C5660110E966011009000100E2
:106C100012000200F8B5254BD3F838310646002B98
:106C20003CD0234FD7E90134013B04D51DE05A1C69
:106C300004F1680419D0B4F90C50013B002DF6D1D1
:106C40001C4BE360C4E90155C4E904556566256041
:106C5000A5610822294604F15C00FEF7DDFCC4E9C9
:106C60000C55C4E911552046F8BD3D680DB12F46BD
:106C7000D8E74FF4D671304603F01CF8044680B1D3
:106C80000423C0E900530C302946A0604FF4D072B1
:106C90002546FEF7C1FC3C602F46C3E7FFF752FFD5
:106CA000BFE70C2338603360DDE700BF64240020B9
:106CB000400100200100FFFF436B03B17047044B0C
:106CC000044AD3F838314263002BF7D13AE700BFCA
:106CD00064240020016B0110704700BF704700BFA3
:106CE000024A0349002000F07DBA00BF40010020A5
:106CF000E56A0110024A0349002000F073BA00BFA0
:106D000040010020416B011070B504468AB008466E
:106D10000D46FEF715FC164E626B079001214318D5
:106D2000CDE90861022006A903910695A1680593A3
:106D30000490A2B1B1F90C204B6E900405D442F43A
:106D4000005223F400538A814B669B040DD403AA9E
:106D5000204600F017F840B90A200AB070BD20465E
:106D60000191FFF7A9FF0199E4E74FF0FF30F4E745
:106D7000ECDC0110024B01461868FFF7C5BF00BFED
:106D8000180000209368002B00F0F6802DE9F04FEA
:106D9000B1F90CC01CF0080F83B0904681460C4638
:106DA00031D00B697BB31CF00207D8F8006038D0F3
:106DB0000027D4F824B0E169DFF8BCA23D46554570
:106DC0002B463A4628BF53464846C5B1D847002807
:106DD00040F3C880D8F808301B1A07442D1AC8F8A9
:106DE0000830002B00F0B48055452B46D4F824B071
:106DF000E16928BF53463A464846002DE6D1D6E918
:106E000000750836DBE72146484604F0D9F900282A
:106E100040F0AD80B4F90CC0D8F800601CF0020757
:106E2000C6D11CF0010A63D12368A16857461846F1
:106E30008B46002F58D01CF4007F00F0B180B9427F
:106E40000A4600F2DD801CF4906F2FD02169626940
:106E50005D1A02EB420202EBD2726B1C52103B44F1
:106E6000934292BF93469B461A461CF4806F00F0F3
:106E7000E6801146484602F01DFF002800F0F5802C
:106E80002A4621690190FFF741FBA289019B22F468
:106E9000906242F08002A2815819ABEB0505C4F85C
:106EA00014B02361A5602060BB463A46514601926A
:106EB000FFF71AF8A1682368019AA1EB0B011A44A5
:106EC0003D46A16022600027D8F808305B1BAA4429
:106ED000C8F80830002B3BD02368A168B4F90CC077
:106EE00018468B46002FA6D1D6E900A708369EE7A4
:106EF0003846BB463D46002D40D0002845D03A4696
:106F0000D4E904C32068A168AA4228BF2A46604584
:106F100004D901EB030A524500F38280934272DCEC
:106F2000E169D4F824C05A464846E047B0F1000A67
:106F300018DDB7EB0A070FD00120D8F80830A3EB13
:106F40000A03D344A5EB0A05C8F80830002BD2D1B8
:106F5000002003B0BDE8F08F21464846FEF78AFFC7
:106F60000028EAD0B4F90C3043F04003A3814FF07D
:106F7000FF3003B0BDE8F08F0020704775683346DE
:106F80000836002DFAD0D3F800B02A460A21584618
:106F900001F046FC002865D00130A0EB0B07AEE7FE
:106FA00022699A4214D36269BA4211D86FF0004341
:106FB000BB4228BF3B46656A93FBF2F3E16902FBE3
:106FC00003F348465246A847051ECBDD7F1B7BE7EF
:106FD000B94228BF39460D4618460A465146FEF7C3
:106FE00083FFA1682368491B2B44A160236000290B
:106FF000ECD121464846FEF73DFF0028E6D0B1E738
:10700000BB463A4652E759460192FEF76DFF019A98
:10701000A3689B1AA360236813442360924688E701
:1070200059465246FEF760FF2368534423602146C9
:107030004846FEF71FFF00283FF47BAF92E7484623
:10704000FFF77EFB034600287FF426AF2169484600
:10705000FFF72CF8B4F90C300C22C9F8002023F00B
:10706000800381E76A1C17464AE70C22B4F90C300A
:10707000C9F8002078E700BF00FCFF7F002301462D
:107080001A46184604F01EB90CB410B59CB01EABDD
:10709000029106916FF0004104910791084953F85D
:1070A000042B0591002402A901931B9401F008FC14
:1070B000029B1C701CB0BDE8104002B0704700BFBE
:1070C0000802FFFF0EB430B59CB06FF000411FAB5B
:1070D000049107910A4953F8042B0290002406906A
:1070E000084D0868019302A905951B9401F0E8FB7F
:1070F000029B1C701CB0BDE8304003B0704700BF5D
:10710000180000200802FFFF71B1034600EB010CDC
:1071100001E0634506D01A46013311780029F8D101
:10712000101A7047181A7047084670470EB400B519
:1071300082B003AB816853F8042B019300F074F81C
:1071400002B05DF804EB03B0704700BF0FB400B5A8
:10715000074983B004AB086853F8042B8168019396
:1071600000F062F803B05DF804EB04B0704700BFB4
:107170001800002038B5074D0022044608462A6052
:10718000FCF7D6FC431C00D038BD2B68002BFBD08D
:10719000236038BDD825002038B5074D00220446AD
:1071A00008462A60FCF73CFB431C00D038BD2B6826
:1071B000002BFBD0236038BDD825002038B5074D03
:1071C000074C2C1BA41005D0013C55F8043D9847F2
:1071D000002CF9D1BDE8384009F028BBCC0B0020C9
:1071E000C80B00202DE9F8430746884616464FF0A5
:1071F0000009D6E90154013D10D4A389012B08D917
:10720000B4F90E3001332146384602D0C04749EA6E
:107210000009013D6B1C04F16804EED13668002EB4
:10722000E7D14846BDE8F8832DE9F04FC3B01C46CE
:10723000089191460D9305460C9004F031FE0268CA
:1072400014921046FEF77CF913901DB16B6B002B66
:1072500001F01B800899B1F90C204B6E900405D405
:1072600042F4005223F400538A814B669F0401F1DB
:107270004381089AB2F90C301E0740F1DD80126993
:10728000002A00F0D98003F01A030A2B00F0E380F3
:107290000023CDE92633CDE9153312930A93002458
:1072A0000023CDE9103432AA25929246CB469BF8B2
:1072B0000030002B00F05F815C4604E014F8013FD1
:1072C000002B00F03C81252BF8D1B4EB0B0540F0EE
:1072D00039812378002B00F04E814FF000038DF8A8
:1072E000773000276378099704F1010B4FF0FF39DD
:1072F0000BF1010B9846A8F12003582B00F24881AE
:10730000DFE813F07B0246014601760246014601A2
:1073100046014601460146013E027002460149020D
:107320004E0246016B02590059005900590059009C
:1073300059005900590059004601460146014601CD
:107340004601460146014601460146016800C10169
:107350004601C1014601460146014601A602460119
:107360004601B80046014601460146014601C900F2
:10737000460146014D0646014601460146014601C9
:107380004601460146014601460198026A00C101D4
:10739000C101C10193026A0046014601860246010D
:1073A000E202BA00D102CC024601AB024601CB0098
:1073B000460146016D06A8F1300300221BF8018B3F
:1073C00002EB820203EB4202A8F13003092BF5D94C
:1073D000099290E747F01007BD0640F1AA810D9B86
:1073E000073323F007031A46596852F8083B0D92F9
:1073F0000A460029C0F2AF81B9F1000F9DF877402D
:10740000C0F2B08127F08001069153EA020140F0FA
:10741000A8810121B9F1000F40F04B83002940F011
:10742000E98417F001030B9300F0298530238DF8D0
:10743000C7300DF1C7056EE0089D0C98294603F092
:10744000BFFE002841F05880B5F90C3003F01A0354
:107450000A2B7FF41DAF089BB3F90E30002BFFF60B
:1074600017AF08990C9823464A4643B0BDE8F04F41
:1074700001F0FEB847F0100717F0200200F04A8133
:107480000D9B073323F0070319465A6851F8083B50
:107490000D9100210FE047F0100717F0200200F0D7
:1074A0002F810D9B073323F0070319465A6851F8C3
:1074B000083B0D9101210024B9F1000F8DF87740B0
:1074C00006DB27F08000069053EA0200A2D0069F58
:1074D000012900F04781022900F0F58232AD03F066
:1074E0000701DB0843EA4273D208303153EA02064F
:1074F000284605F8011DF2D1FB0740F1F282302940
:1075000000F0EF823023023805F8013C32AB1B1A41
:1075100006970B9305460B9B4B45B8BF4B4607930D
:1075200000230F9314B1079B01330793069B13F0BD
:1075300002033FD0079B0233079302233AE0B4EBE8
:107540000B0518D0279B2B442793269B0133072B31
:10755000CAE900B5269305DC0AF1080A0A9B2B4408
:107560000A93B6E608990C9825AA03F01BFF30B9D8
:107570000DF1C80AF2E7279B002B40F00D87089B0E
:107580009B895B0600F1B8870A9843B0BDE8F08F8D
:10759000B8F1000FEFD000238DF8773001238DF87C
:1075A000A08007930B9328AD4FF000090697CDF804
:1075B0003C904B46069A279C12F084020E9205D10D
:1075C000099A0799561A002E00F3FB829DF877203E
:1075D0008AB1269A0DF1770101320134CAF8001000
:1075E000072A4FF0010127942692CAF8041000F3ED
:1075F00023830AF1080A83B1269A1EA901320234B4
:10760000CAF80010072A4FF0020127942692CAF800
:10761000041000F31F830AF1080A0E9B802B00F070
:10762000C7810B9BA9EB0306002E00F30382069B88
:10763000DE0500F156810B9BCAF804301C44269BE2
:10764000CAF800500133072B2794269300F3628277
:107650000AF1080A069B5A0705D5099B079A9D1A45
:10766000002D00F30383DDE9092307998A42ACBFAB
:107670009B185B180A93002C40F038820023269355
:107680000DF1C80A13E60D9B073323F00703F3E857
:1076900002450D9325F0004319931894DDE9180174
:1076A000BD4B4FF0FF32CDE9104506F049F80028F8
:1076B00040F0F083DDE91801B74B4FF0FF3206F0E0
:1076C00021F8002840F0E6830022002320462946C6
:1076D00006F00EF8002840F049869DF87740AF4D3F
:1076E00027F080030693AE4BB8F1470FD8BF1D4675
:1076F0004FF00009032307930B93CDF83C9011E75B
:107700000D9951F8043B0D9117F0100100F0BA8368
:107710000121D0E60D9951F8043B0D9117F01001AD
:107720007FF4B7AE17F040023FF4B3AE0A469BB207
:10773000AFE60D9AFC0652F8043B0D9206D478068B
:1077400004D543F3C03211461BB252E6DA17114694
:107750000029BFF651AE5B4262EB42022D240121AB
:10776000AAE6069F0A2B72F1000180F004853033EF
:107770008DF8C730012306970B930DF1C705CAE6B4
:107780000D9B53F8042B0992002A80F27383099A07
:107790000D93524209929BF8003047F00407A7E589
:1077A0005A4612F8018BB8F12A0F00F02F87A8F182
:1077B0003003092B98BF4FF0000900F2AE8612F893
:1077C000018B09EB890903EB4909A8F13003092B67
:1077D000F5D949EAE97993468DE59BF8003047F001
:1077E000800785E52B238DF877309BF800307FE507
:1077F0009BF8003047F001077AE59DF877209BF869
:107800000030002A7FF474AD20228DF877206FE5D8
:107810009BF800306C2B03BF9BF8013047F020072A
:107820000BF1010B47F0100762E59BF8003047F0C1
:1078300040075DE50D9B00228DF8772053F8042B5F
:107840000D9301238DF8A02007930B9328ADABE691
:107850009BF8003047F008074AE50D9C54F8045B9C
:1078600000268DF87760002D00F0C883B9F1000F75
:10787000C0F21D854A463146284600F0D1FF002857
:1078800000F03F86431B0B9323EAE3730D94B1464C
:107890009DF87740069707930F9643E69BF80030D4
:1078A00047F0200724E50D9A52F8043B0D9247F665
:1078B0003002ADF878203B4A159247F002070022CB
:1078C00002214FF07808F6E5BD0640F15F830D9B7D
:1078D0000A9A1B681A60D2175A600D9B04330D93E5
:1078E000E5E4B8F1650F40F32181DDE910010022E4
:1078F000002305F0F3FE002800F0F581269B2A4ABC
:10790000CAF80020013301340122072B2794269363
:10791000CAF8042000F3AC840AF1080A1F9B129AEB
:10792000934280F2A282139B149A1C44CAE900235A
:10793000269B27940133072B269300F353830AF1E8
:10794000080A129B5D1E002D7FF784AE102D269B2A
:10795000164F40F3D480DDF83080DDF820901026FB
:1079600005E00AF1080A103D102D40F3C8800133EC
:107970001034072BCAE90076CDE92634F1DD25AABB
:107980004946404603F00EFD00287FF4F8ADDDE9DE
:1079900026340DF1C80AE6E7FFFFEF7F70E0011023
:1079A0006CE0011090E00110ACE00110A4060210A0
:1079B000099B079A9E1A002E7FF733AE102E269B46
:1079C000AF4F24DD52462146AA460C9C089D04E098
:1079D000103E102E02F1080216DD01331031102086
:1079E000072BCDE9263117605060F1DD25AA294625
:1079F000204603F0D7FC00287FF4C1AD103E102EC6
:107A0000DDE9263132AAE8DC55460C4692460133C0
:107A10003444072BCDE92634CAF80070CAF8046054
:107A200000F338840B9BA9EB0306002E0AF1080A29
:107A30007FF7FDAD102E269B914F2CDD524621463F
:107A4000B2460C9C2E464FF01009089D06E0AAF1A4
:107A5000100ABAF1100F02F1080218DD013388484C
:107A60001031072BC2E90009CDE92631EFDD25AA47
:107A70002946204603F096FC00287FF480ADAAF149
:107A8000100ABAF1100FDDE9263132AAE6DC3546DC
:107A90000C465646924601333444072BCDE9263432
:107AA000CAF80070CAF8046000F3D2810AF1080A2B
:107AB000BDE50129069F4FF000033FF458AE0229AF
:107AC0001A467FF40BAD159832AD03F00F011B0978
:107AD000415C05F8011D43EA0273120953EA0201F1
:107AE000F3D132AB5B1B06970B9314E508990C9806
:107AF00025AA03F057FC00283FF4C0AD3FE5013351
:107B00002C44072BCAF80070CAF80450CDE926347B
:107B10007FF79EAD08990C9825AA03F043FC002836
:107B20007FF42DAD279C0DF1C80A93E5129B269E8C
:107B3000012B04F1010406F101060AF1080840F3E3
:107B40003E810123072ECDE92664CAF80050CAF809
:107B5000043000F3F682139B149A01361C44072E5E
:107B6000C8E90023CDE9266400F3F88208F108088B
:107B7000129BDDE9100103F1FF390022002305F01B
:107B8000ADFD002840F03B81013601354C44072E05
:107B9000CDE92664C8F80050C8F8049000F31D81B0
:107BA00008F10808169BC8F8043001361C44072E5B
:107BB00021ABCDE92664C8F80030ABDC08F1080A37
:107BC00048E5102E269A2F4F28DD51462046CA46FA
:107BD0000C9C1793A946089D04E0103E102E01F15D
:107BE000080116DD013210301023072ACDE92620C6
:107BF0000F604B60F1DD25AA2946204603F0D2FB39
:107C000000287FF4BCAC103E102EDDE9262032A9FE
:107C1000E8DC179B4D460446D1468A46013234447F
:107C2000072ACDE92624CAF80070CAF8046000F3D8
:107C3000DC820AF1080AC9E408990C98179325AA6E
:107C400003F0B0FB00287FF49AAC279C179B0DF142
:107C5000C80AD0E408990C9825AA03F0A3FB0028D1
:107C60007FF48DAC279C0DF1C80AD6E4102D269B1D
:107C7000044F25DDDDF83080DDF82090102608E087
:107C8000A406021094060210103D102D0AF1080AF5
:107C900016DD01331034072BCAE90076CDE926340E
:107CA000F2DD25AA4946404603F07CFB00287FF41C
:107CB00066AC103D102DDDE926340DF1C80AE8DC74
:107CC00001332C44072BCAE90075CDE926347FF730
:107CD000CAAC08990C9825AA03F064FB00287FF42D
:107CE0004EAC279CBFE41F99002940F38D820F9F63
:107CF000129B9F42A8BF1F46002F0BDD269B01331E
:107D00003C44072BCAE900572794269300F3D683F7
:107D10000AF1080A0F9E002FA8BFF61B002E00F3E1
:107D200077811F9B129A9342C0F2A181069AD007D5
:107D300000F19D81129A0F99D31A561A9E42A8BF3C
:107D40001E46002E0EDD269ACAF8046001320D444C
:107D50003444072ACAF800502794269200F3BA83C5
:107D60000AF1080A002EACBF9D1B1D46002D7FF7AF
:107D700071AC102D269BAC4F7FF7C1AEDDF8308083
:107D8000DDF82090102605E00AF1080A103D102DBC
:107D90007FF7B5AE01331034072BCAE90076CDE981
:107DA0002634F1DD25AA4946404603F0FBFA0028B7
:107DB0007FF4E5ABDDE926340DF1C80AE6E7069B62
:107DC000D9073FF5BEAE0123072ECDE92664CAF8D8
:107DD0000050CAF804307FF7E5AE08990C9825AA40
:107DE00003F0E0FA00287FF4CAABDDE926640DF168
:107DF000C808D7E6CDF82C9032ADFFF78CBB129BAC
:107E0000012B7FF7CFAE112B874F40F39582DDF822
:107E100030A0102507E008F10808A9F11009B9F110
:107E2000100F40F3898201361034072EC8E900751F
:107E3000CDE92664EFDD089925AA504603F0B2FA91
:107E400000287FF49CABDDE926640DF1C808E4E767
:107E500008990C9825AA03F0A5FA00287FF48FABA7
:107E6000279C0DF1C80AFFF7E2BB069BDD077FF5F3
:107E7000F1AB58E50D939BF80030FFF739BA32ADFE
:107E8000FFF749BB17F040021CBF0A469BB2012115
:107E9000FFF711BBDDE9100102460B4605F050FC6F
:107EA000002840F07B83B9F1FF3F28F0200600F066
:107EB0002083472E04D1B9F1000F08BF4FF001090C
:107EC000DDE9101247F48070002A0690C0F2DA82D1
:107ED00000230E93DDE91034CDE91A34B8F1650FB3
:107EE00000F0A58200F3E282B8F1450F00F09F8216
:107EF00023AB049320AB03931FAB029302230093A5
:107F00000C98CDF80490DDE91A2302F017FAF9076E
:107F1000054640F1C08000EB0904DDE91A010022AA
:107F2000002305F0DBFB002840F03282239BA342B4
:107F300006D230215A1C23921970239B9C42F9D8F7
:107F40001F9A0F925B1B472E129300F0A980B8F185
:107F5000660F40F0BC800F9A07F00103002A43EA45
:107F6000090340F36183002B40F03E830F9B07938E
:107F70000B934FF066080E9B002B00F07D822D23A3
:107F80008DF877304FF00009FFF7CDBAFC067DD4AD
:107F900078067BD50D9B0A9A1B681A809DE4234BBB
:107FA000159317F0200200F0BE800D9B073323F0DD
:107FB000070319465A6851F8083B0D91F90740F13B
:107FC000AF8053EA020100F0AB8030218DF87810C9
:107FD0008DF8798047F002070221FFF76CBA144B45
:107FE0001593DEE708990C9825AA03F0DBF9002821
:107FF0007FF4C5AA279C0DF1C80AA2E44B46062BC4
:1080000028BF06230B4D0B930D940793FFF7CCBAB3
:10801000102E269B044F40F39C812246DDF83090C1
:10802000089C4FF010080DE0A40602107CE001103F
:1080300090E00110A4E001100AF1080A103E102E91
:1080400040F3868101331032072BCAE90078CDE96D
:108050002632F1DD25AA2146484603F0A3F900287F
:108060007FF48DAADDE926320DF1C80AE6E7139AFE
:1080700014991444CAE90012269A27940132072A57
:10808000269200F306820AF1080A53E60D9B0A9A2B
:108090001B681A6021E4239B1B1A12931F9B0F93EA
:1080A0000F9BDA1C11DB99450FDB129B0F9A934251
:1080B00000F35982FE070F9B00F1818223EAE372ED
:1080C00007920B934FF0670855E7A8F102080F9B42
:1080D0008DF88480591E00291F91B6BFC3F101019C
:1080E0002B232D2309298DF8853000F35C81302363
:1080F00030318DF8863004238DF887101693129A4C
:10810000169B012A13440B9340F324820B9B139A72
:1081100013440B9323EAE373079300230F932AE797
:108120000221FFF7C8B90D9951F8043B0D9117F0E2
:1081300010017FF443AF17F040021CBF9BB20A4608
:108140003CE708990C9825AA03F02CF900287FF445
:1081500016AADDE926640DF1C808FCE408990C981C
:1081600025AA03F01FF900287FF409AADDE9266497
:108170000DF1C808FCE4CDE90687BC4E32AD4FF0E6
:10818000050E991841F10001A6FB010727F0030035
:1081900000EB9700091A581A9846944662F10003BA
:1081A0004FF0CC3202FB00F206FB0322A0FB0630AC
:1081B00003F001070244A7FB0E074018B8F10A0FAD
:1081C0004FEA530300F130007CF1000C43EAC27324
:1081D00005F8010D4FEA5202D3D2DDE9068732AB32
:1081E0005B1B06970B93FFF796B908990C981793AA
:1081F00025AA03F0D7F800287FF4C1A9279C179B74
:108200000DF1C80AFFF7E2B9269B994ACAF8002087
:10821000013301340122072B27942693CAF8042046
:1082200000F3A9800AF1080A00294FD1069B129A8F
:1082300003F0010313433FF40DAA139B14991A1979
:10824000CAE90013269B27920133072B269300F3DC
:10825000D4800AF1080A1299CAF8005001338C1828
:10826000072BCDE92634CAF804107FF7F1A951E4B1
:1082700008990C9825AA03F095F800287FF47FA9A7
:10828000279C0DF1C80AFFF749BB0C98FEF714FDB7
:10829000FEF7E0BF08990C9825AA03F083F80028A0
:1082A0007FF46DA9279C0DF1C80AFFF7BAB92846DB
:1082B000FDF746F920EAE0730D940B909DF87740A6
:1082C0000697B14607930F96FFF72CB9139B1498A6
:1082D0001A19CAE90003269B27920133072B26931C
:1082E00000F38B800AF1080A0029B4DA4E421031FB
:1082F000604F80F21781DDF83080DDF82090102487
:1083000005E00AF1080A103E102E40F30B810133FC
:108310001032072BCAE90074CDE92632F1DD25AA17
:108320004946404603F03EF800287FF428A9DDE9DD
:1083300026320DF1C80AE6E701364C44072ECDE996
:108340002664C8F80070C8F804907FF729AC44E5AB
:10835000144601333444072BCDE92634CAF80070A3
:10836000CAF8046057DC0AF1080ADAE42D248DF813
:108370007740FFF7B4B908990C9825AA03F012F8D2
:1083800000287FF4FCA81F99279C0DF1C80A4BE731
:108390001F9A0F922346D5E508990C9825AA03F059
:1083A00001F8FFF7ECB80DF19304304E2346184660
:1083B000A6FB0123DB0803EB8302A1EB4202303270
:1083C00000F8012C0A46632A194600F1FF33EEDC5F
:1083D000303103F8011C831EA34280F022810DF18D
:1083E000850213F8011B02F8011FA342F9D142AB29
:1083F000181AA0F17103169381E608990C9825AA22
:1084000002F0D0FF00287FF4BAA8DDE926321F99D8
:108410000DF1C80A68E708990C9825AA02F0C2FF76
:1084200000287FF4ACA8279C0DF1C80A79E409F173
:10843000010307930223009323AB049320AB079C13
:1084400003931FAB019402930C98DDE91A2301F00A
:1084500075FFB8F1660F054604447FF45EAD2B78D6
:10846000302B00F08D801F9B1C4456E5CDCCCCCC2E
:10847000ACE00110A4060210DDF838909DF87740BA
:10848000FFF750B802F100431B932D231A910E936E
:1084900024E508990C9825AA02F084FF00287FF4AF
:1084A0006EA81F9B279C0DF1C80A43E4B8F1660F24
:1084B0007FF41EADCDF81C900323BCE708990C98FF
:1084C00025AA02F06FFF00287FF459A8279C0DF120
:1084D000C80A1FE408990C9825AA02F063FF002837
:1084E0007FF44DA81F9B129A279CD31A0DF1C80A3E
:1084F00038E44FF00609E3E44FF0FF330A93FFF747
:1085000043B80D94CDF81C90CDF82C909DF8774091
:10851000069781460F90FFF705B893464FF0000984
:10852000FEF7E9BE01333244072BCDE92632CAF803
:108530000070CAF804607FF78CAE08990C9825AAE1
:1085400002F030FF00287FF41AA8DDE926320DF191
:10855000C80A80E617F001020F927FF4D7AD23EA34
:10856000E373079307E5DDE9123213440F9A0B9387
:10857000002A2DDD23EAE37307934FF06708FAE43E
:10858000DDE91A010022002305F0A8F8002837D001
:108590001F9B0F931C44631B1293DCE4119B2C4D17
:1085A000002BB8BF2D2427F080030693A8BF9DF8A9
:1085B0007740284BB8BF8DF87740FFF795B8139AEE
:1085C00013440B9323EAE37307934FF06708D2E455
:1085D0000F9B0B9AC3F101031A4422EAE2730B9238
:1085E00007934FF06708C6E4139B09EB030808EBF9
:1085F00002030B9323EAE37307934FF06608BAE490
:10860000079BC3F101031F931C4486E40D999BF85B
:10861000013051F8049B0D91934649EAE979FEF740
:1086200067BE022316936AE52BB9012307934FF027
:1086300066080B939FE4139B03F1010808EB090301
:108640000B9323EAE37307934FF0660893E400BFAC
:1086500078E0011074E0011010B4044C8446134615
:10866000206810BC0A466146FEF7DEBD18000020F7
:1086700070B50C468989ADF58D6D21F00201ADF81C
:108680000C101AA9009104914FF480610291059198
:10869000616E1991E189ADF80E10E1690791616A87
:1086A00009910021069169460646FEF7BDFD051EAB
:1086B00007DB69463046FDF7DDFB002818BF4FF0A9
:1086C000FF35BDF80C305B0603D5A38943F04003AA
:1086D000A38128460DF58D6D70BD00BF2DE9F041D9
:1086E000B1F90C300C46990796B008D504F1430354
:1086F0000122C4E90432236016B0BDE8F081B4F968
:108700000E100029064626DB6A46FEF7D1F900283E
:108710001FDB019D05F47045A5F50055B5FA85F5FB
:108720004FF480686D094FF400674146304601F010
:10873000C1FAE8B1B4F90C30C4F8148043F08003F6
:1087400020602061A3813DBB3B43A38116B0BDE8FF
:10875000F081B4F90C3013F0800519D04FF04008C7
:108760000025414630462F4601F0A4FA0028E1D109
:10877000B4F90C309A05BFD423F0030304F143028B
:1087800043F002030121C4E90421A3812260B3E77D
:108790004FF480682F46C8E7B4F90E10304602F057
:1087A000C3FD10B9B4F90C30CEE7A38923F003035D
:1087B00043F001031BB2C7E770B50C46B1F90E10C8
:1087C000002996B015461E4614DB6A46FEF770F97E
:1087D00000280FDB019901F47041A1F50051B1FAB5
:1087E00081F14FF4806349094FF4006031602B60E0
:1087F00016B070BDA18911F0800106D00021402380
:10880000084631602B6016B070BD4FF48063084697
:1088100031602B6016B070BD000000000000000049
:1088200001F0FF01102A2BDB10F0070F08D010F821
:10883000013B013A8B422DD010F0070F42B3F6D125
:10884000F0B441EA012141EA014122F007047FF03E
:1088500000070023F0E80256083C85EA010586EA95
:10886000010685FA47F5A3FA87F586FA47F6A5FAD1
:1088700087F68EB9EED1F0BC01F0FF0102F00702DD
:1088800032B110F8013B013A83EA010313B1F8D188
:108890000020704701387047002D06BF3546033869
:1088A000073815F0010F07D1013015F4807F02BFA2
:1088B000013015F4C03F0130F0BC0138704700BFF3
:1088C0002DE9F04FC3B00C460B9192460D930C90DE
:1088D00003F0E6FA036814931846FCF731FEA38907
:1088E00013901E0603D52369002B00F0A1860023F8
:1088F000CDE92633CDE915331293099300240023E3
:10890000CDE9103432AA25929146D3469BF8003027
:10891000002B00F03C815C4604E014F8013F002B82
:1089200000F01981252BF8D1B4EB0B0540F016812E
:108930002378002B00F02B814FF000038DF8773067
:1089400000276378089704F1010B4FF0FF3A0BF111
:10895000010B9846A8F12003582B00F22581DFE88F
:1089600013F04902230123014402230123012301BF
:108970002301230123010C023E02230117021C02E2
:108980002301390259005900590059005900590072
:108990005900590059002301230123012301230118
:1089A0002301230123012301230168009E012301E8
:1089B0009E012301230123012301740223012301CA
:1089C000950023012301230123012301A600230194
:1089D00023013F0623012301230123012301230156
:1089E000230123012301230166026A009E019E01E7
:1089F0009E0161026A002301230154022301B00297
:108A000097009F029A02230179022301A800230103
:108A100023015F06A8F1300300221BF8018B02EB53
:108A2000820203EB4202A8F13003092BF5D9089228
:108A300090E747F01007BD0640F16E810D9B0733AC
:108A400023F007031A46596852F8083B0D920A466C
:108A50000029C0F28C81BAF1000F9DF8774007DB46
:108A600027F08001069153EA020100F0A883069FD7
:108A70000A2B72F1000180F06F8630338DF8C73019
:108A8000012306970A930DF1C70550E047F0100740
:108A900017F0200200F057810D9B073323F00703E6
:108AA00019465A6851F8083B0D9100210FE047F034
:108AB000100717F0200200F03C810D9B073323F0D4
:108AC000070319465A6851F8083B0D91012100240B
:108AD000BAF1000F8DF8774007DB27F08000069091
:108AE00053EA020000F06C83069F0129C0D00229DE
:108AF00000F0E78232AD03F00701DB0843EA42737E
:108B0000D208303153EA0206284605F8011DF2D199
:108B1000FB0740F1E482302900F0E1823023023883
:108B200005F8013C32AB1B1A06970A9305460A9BCF
:108B30005345B8BF5346079300230F9314B1079BC7
:108B400001330793069B13F002033FD0079B0233C8
:108B5000079302233AE0B4EB0B0518D0279B2B4474
:108B60002793269B0133072BC9E900B5269305DC23
:108B700009F10809099B2B440993D9E6DDE90B109B
:108B800025AA02F0E3FB30B90DF1C809F2E7279BF3
:108B9000002B40F046870B9B9B895B0601F11680FA
:108BA000099843B0BDE8F08FB8F1000FEFD0002373
:108BB0008DF8773001238DF8A08007930A9328ADB4
:108BC0004FF0000A0697CDF83CA05346069A279C22
:108BD00012F084020E9205D1DDE90712561A002E1A
:108BE00000F300839DF877208AB1269A0DF1770172
:108BF00001320134C9F80010072A4FF0010127940F
:108C00002692C9F8041000F3268309F1080983B1FC
:108C1000269A1EA901320234C9F80010072A4FF023
:108C2000020127942692C9F8041000F3228309F167
:108C300008090E9B802B00F0B9810A9BAAEB030662
:108C4000002E00F3F581069BDE0500F147810A9BAB
:108C5000C9F804301C44269BC9F800500133072B87
:108C60002794269300F3548209F10809069B5A07BA
:108C700005D5DDE907239D1A002D00F30683DDE904
:108C8000082307998A42ACBF9B185B180993002CF4
:108C900040F02A82002326930DF1C80936E60D9B89
:108CA000073323F00703F3E802450D9325F0004353
:108CB00019931894DDE91801B64B4FF0FF32CDE956
:108CC000104504F03DFD002840F00F84DDE9180157
:108CD000B04B4FF0FF3204F015FD002840F0058442
:108CE000002200232046294604F002FD002840F01F
:108CF00030869DF87740A84D27F080030693A74B58
:108D0000B8F1470FD8BF1D464FF0000A0323079361
:108D10000A93CDF83CA011E70D9AFC0652F8043BEB
:108D20000D921FD478061DD543F3C03211461BB2F5
:108D30008EE60D9951F8043B0D9117F0100100F0EB
:108D4000CC830121C3E60D9951F8043B0D9117F036
:108D500010017FF4AAAE17F040023FF4A6AE0A4617
:108D60009BB2A2E6DA1711460029BFF674AE5B4249
:108D700062EB42022D240121AAE60D9B53F8042B3D
:108D80000892002A80F2A183089A0D935242089219
:108D90009BF8003047F00407D9E55A4612F8018BDA
:108DA000B8F12A0F00F05B87A8F13003092B98BFB8
:108DB0004FF0000A00F2C68612F8018B0AEB8A0A0D
:108DC00003EB4A0AA8F13003092BF5D94AEAEA7AFB
:108DD0009346BFE59BF8003047F08007B7E52B23AB
:108DE0008DF877309BF80030B1E59BF8003047F004
:108DF0000107ACE59DF877209BF80030002A7FF44E
:108E0000A6AD20228DF87720A1E59BF800306C2BD1
:108E100003BF9BF8013047F020070BF1010B47F02F
:108E2000100794E59BF8003047F040078FE50D9B55
:108E300000228DF8772053F8042B0D9301238DF831
:108E4000A02007930A9328ADBAE69BF8003047F0BC
:108E500008077CE50D9C54F8045B00268DF87760CC
:108E6000002D00F01D85BAF1000FC0F21C8452469F
:108E700031462846FFF7D4FC002800F05286431BF9
:108E80000A9323EAE3730D94B2469DF87740069760
:108E900007930F9652E69BF8003047F0200756E5FF
:108EA0000D9A52F8043B0D9247F63002ADF8782047
:108EB0003B4A159247F00207002202214FF0780842
:108EC00005E6BD0640F183830D9B099A1B681A6075
:108ED000D2175A600D9B04330D9317E5B8F1650F57
:108EE00040F32281DDE910010022002304F0F6FBAB
:108EF000002800F00682269B2A4AC9F80020013388
:108F000001340122072B27942693C9F8042000F38B
:108F1000A08409F108091F9B129A934203DB069B68
:108F2000DD077FF5A3AE139B149A1C44C9E9002307
:108F3000269B27940133072B269300F3A48409F181
:108F40000809129B5D1E002D7FF790AE102D269B09
:108F5000154F40F3D280DDE90BA8102605E009F19A
:108F60000809103D102D40F3C88001331034072B41
:108F7000C9E90076CDE92634F1DD25AA51464046FF
:108F800002F0E4F900287FF406AEDDE926340DF1A5
:108F9000C809E6E7FFFFEF7F70E001106CE0011009
:108FA00090E00110ACE00110C4060210DDE90723D7
:108FB0009E1A002E7FF741AE102E269BB74F24DD60
:108FC0004A462146A946DDE90B5404E0103E102E26
:108FD00002F1080216DD013310311020072BCDE914
:108FE000263117605060F1DD25AA2946204602F09F
:108FF000ADF900287FF4CFAD103E102EDDE926310B
:1090000032AAE8DC4D460C46914601333444072B26
:10901000CDE92634C9F80070C9F8046000F326844D
:109020000A9BAAEB0306002E09F108097FF70BAE95
:10903000102E269B994F2CDD4A462146B1464FF013
:10904000100A2E46DDE90B5406E0A9F11009B9F12A
:10905000100F02F1080218DD013390481031072B80
:10906000C2E9000ACDE92631EFDD25AA29462046CE
:1090700002F06CF900287FF48EADA9F11009B9F166
:10908000100FDDE9263132AAE6DC35460C464E46A5
:10909000914601333444072BCDE92634C9F80070DA
:1090A000C9F8046000F3EA8109F10809CBE5012958
:1090B000069F4FF000033FF4E0AC02291A467FF40C
:1090C00019AD159832AD03F00F011B09415C05F88D
:1090D000011D43EA0273120953EA0201F3D132ABD4
:1090E0005B1B06970A9322E5DDE90B1025AA02F027
:1090F0002DF900283FF4CEAD4DE501332C44072B6C
:10910000C9F80070C9F80450CDE926347FF7ACAD3A
:10911000DDE90B1025AA02F019F900287FF43BAD18
:10912000279C0DF1C809A1E5129B269E012B04F195
:10913000010406F1010609F1080840F35B810123EF
:10914000072ECDE92664C9F80050C9F8043000F3B1
:10915000A281139B149A01361C44072EC8E90023F0
:10916000CDE9266400F3A48108F10808129BDDE92B
:10917000100103F1FF390022002304F0AFFA0028A8
:1091800040F05381013601354C44072ECDE9266469
:10919000C8F80050C8F8049000F33A8108F10808B4
:1091A000169BC8F8043001361C44072E21ABCDE9CC
:1091B0002664C8F80030ABDC08F1080956E5012147
:1091C000BAF1000F7FF473AF002940F00E8117F061
:1091D00001030A9300F07E8130238DF8C7300DF132
:1091E000C705A4E4102E269A2D4F26DD49462046B9
:1091F000A9461793DDE90B5404E0103E102E01F14F
:10920000080116DD013210301023072ACDE926208F
:109210000F604B60F1DD25AA2946204602F096F842
:1092200000287FF4B8AC103E102EDDE9262032A9CC
:10923000E8DC179B4D460446894601323444072A30
:10924000CDE92624C9F80070C9F8046000F3BE8295
:1092500009F10809C6E4DDE90B1025AA179302F00D
:1092600075F800287FF497AC279C179B0DF1C8096F
:10927000CDE4DDE90B1025AA02F068F800287FF4A0
:109280008AAC279C0DF1C809D3E4102D269B044F0E
:1092900024DDDDE90BA8102609E000BFC40602109A
:1092A000B4060210103D102D09F1080916DD013336
:1092B0001034072BC9E90076CDE92634F2DD25AA62
:1092C0005146404602F042F800287FF464AC103D5D
:1092D000102DDDE926340DF1C809E8DC01332C44FA
:1092E000072BC9E90075CDE926347FF7C8ACDDE965
:1092F0000B1025AA02F02AF800287FF44CAC279C1A
:10930000BDE41F99002940F370820F9F129B9F427A
:10931000A8BF1F46002F0BDD269B01333C44072BC3
:10932000C9E900572794269300F3DD8309F1080962
:109330000F9E002FA8BFF61B002E00F388811F9BF5
:10934000129A934280F26F81139A14991444C9E9D6
:109350000012269A27940132072A269200F3FE82F1
:1093600009F10809129A0F99D31A561A9E42A8BFFA
:109370001E46002E0EDD269AC9F8046001320D4407
:109380003444072AC9F800502794269200F3B78383
:1093900009F10809002EACBF9D1B1D46002D7FF76B
:1093A00065AC102D269BAF4F7FF7A7AEDDE90BA86C
:1093B000102605E009F10809103D102D7FF79DAE3C
:1093C00001331034072BC9E90076CDE92634F1DDED
:1093D00025AA5146404601F0B9FF00287FF4DBABD7
:1093E000DDE926340DF1C809E6E7CDF828A032AD55
:1093F000FFF79DBB069BD9073FF5A1AE0123072EC2
:10940000CDE92664C9F80050C9F804307FF7C8AE2A
:10941000DDE90B1025AA01F099FF00287FF4BBAB12
:10942000DDE926640DF1C808BAE6129B012B7FF72F
:10943000B7AE112B8B4F40F37182DDF830A01025B1
:1094400007E008F10808A9F11009B9F1100F40F37D
:10945000658201361034072EC8E90075CDE926640F
:10946000EFDD0B9925AA504601F070FF00287FF42C
:1094700092ABDDE926640DF1C808E4E7DDE90B10E5
:1094800025AA01F063FF00287FF485AB279C0DF12E
:10949000C809FFF7D8BBDDE90B1025AA01F056FF7C
:1094A00000287FF478ABDDE926640DF1C80850E6AA
:1094B000DDE90B1025AA01F049FF00287FF46BAB12
:1094C000DDE926640DF1C80850E60D939BF80030E5
:1094D000FFF73DBA32ADFFF72ABB17F040021CBFC1
:1094E0000A469BB20121FFF7F2BADDE910010246FC
:1094F0000B4604F025F9002840F06D83BAF1FF3FD8
:1095000028F0200600F00A83472E04D1BAF1000F9C
:1095100008BF4FF0010ADDE9101247F48070002AFD
:109520000690C0F2358200230E93DDE91034CDE9B8
:109530001A34B8F1650F00F0008300F33082B8F1FF
:10954000450F00F0FA8223AB049320AB03931FABCB
:109550000293022300930C98CDF804A0DDE91A23AE
:1095600000F0ECFEF907054640F1B18000EB0A047B
:10957000DDE91A010022002304F0B0F8002840F0D1
:109580003082239BA34206D230215A1C23921970A9
:10959000239B9C42F9D81F9A0F925B1B472E129374
:1095A00000F09A80B8F1660F40F09C800F9A07F0A7
:1095B0000103002A43EA0A0340F36C82002B40F0C7
:1095C00024830F9B07930A934FF066081FE2FC0663
:1095D00078D4780676D50D9B099A1B681A8079E4B1
:1095E000214B159317F0200200F0A8800D9B073344
:1095F00023F0070319465A6851F8083B0D91F90703
:1096000040F1998053EA020100F0958030218DF8F5
:1096100078108DF8798047F002070221FFF757BADA
:10962000124B1593DEE7069AD0077FF59BAE8BE6CB
:109630000C98402100F03EFB0B9B1860186100283D
:1096400000F0C1820B9A40235361FFF750B9102EEE
:10965000269B044F40F36F8122464FF01008DDE94E
:109660000B4A0BE0C40602107CE0011090E00110F0
:1096700009F10809103E102E40F35C8101331032CD
:10968000072BC9E90078CDE92632F1DD25AA21466C
:10969000504601F05BFE00287FF47DAADDE926320A
:1096A0000DF1C809E6E72846FBF74AFF20EAE07318
:1096B0000D940A909DF877400697B24607930F964F
:1096C000FFF73CBA0D9B099A1B681A6002E4239BC2
:1096D0001B1A12931F9B0F930F9BDA1C80F285813C
:1096E000A8F102080F9B8DF88480591E00291F9154
:1096F000B6BFC3F101012B232D2309298DF8853035
:1097000000F39E81302330318DF8863004238DF8AC
:1097100087101693129A169B012A13440A9340F35A
:1097200016820A9B139A13440A9323EAE37307935E
:1097300000230F936BE10221FFF7C9B90D9951F88E
:10974000043B0D9117F010017FF459AF17F0400260
:109750001CBF9BB20A4652E7CDE90687B44E32AD34
:109760004FF0050E991841F10001A6FB010727F003
:10977000030000EB9700091A581A9846944662F1C4
:1097800000034FF0CC3202FB00F206FB0322A0FBE9
:10979000063003F001070244A7FB0E074018B8F19A
:1097A0000A0F4FEA530300F130007CF1000C43EA4A
:1097B000C27305F8010D4FEA5202D3D2DDE90687E4
:1097C00032AB5B1B06970A93FFF7B1B9DDE90B10CB
:1097D00025AA179301F0BAFD00287FF4DCA9279C85
:1097E000179B0DF1C809FFF7FDB9269B914AC9F8EF
:1097F0000020013301340122072B27942693C9F856
:10980000042000F3B88009F10809002952D1069B11
:10981000129A03F0010313433FF428AA139B1499EF
:109820001A19C9E90013269B27920133072B2693A7
:1098300000F3398109F108091299C9F80050013380
:109840008C18072BCDE92634C9F804107FF70CAA31
:109850005EE4DDE90B1025AA01F078FD00287FF415
:109860009AA9279C0DF1C809FFF755BBDDE90B103C
:1098700025AA01F06BFD00287FF48DA9279C0DF12E
:10988000C809FFF7DAB9DDE90B1025AA01F05EFD82
:1098900000287FF480A9279C0DF1C809FFF751BB70
:1098A0005346062B28BF0623634D0A930D94079356
:1098B000FFF786B9139B14981A19C9E90003269B70
:1098C00027920133072B269300F3ED8009F1080955
:1098D0000029B1DA4E421031584F80F24181DDE962
:1098E0000BA8102405E009F10809103E102E40F3E2
:1098F000378101331032072BC9E90074CDE92632D4
:10990000F1DD25AA5146404601F020FD00287FF4F4
:1099100042A9DDE926320DF1C809E6E701364C44DB
:10992000072ECDE92664C8F80070C8F804907FF7C8
:1099300035AC6DE5144601333444072BCDE92634AC
:10994000C9F80070C9F8046000F3BB8009F1080988
:10995000F5E42D248DF87740FFF7CDB9DDE90B1044
:1099600025AA01F0F3FC00287FF415A91F9B279C72
:109970000DF1C809F6E4DDE90B1025AA01F0E6FCBB
:1099800000287FF408A91F99279C0DF1C8093CE71E
:1099900002F100431B932D231A910E93C9E5B8F1F0
:1099A000660F7FF4D0ADCDF81CA00323009323AB4A
:1099B000049320AB079C03931FAB019402930C9874
:1099C000DDE91A2300F0BAFCB8F1660F054604443D
:1099D0007FF4CEAD2B78302B00F0E7801F9B1C442A
:1099E000C6E51F9A0F922346D7E59A45FFF678AE53
:1099F000129B0F9A934200F3CB80FE070F9B00F15E
:109A0000FB8023EAE37207920A934FF067080E9BEC
:109A1000002B62D02D238DF877304FF0000AFFF72E
:109A20008EB8DDE90B1025AA01F090FCFFF7B3B862
:109A3000CDCCCCCCACE00110A4E00110C4060210E7
:109A40000DF193048D4E23461846A6FB0123DB0837
:109A500003EB8302A1EB4202303200F8012C0A46EC
:109A6000632A194600F1FF33EEDC303103F8011CA4
:109A7000831EA34280F0FE800DF1850213F8011BC6
:109A800002F8011FA342F9D142AB181AA0F17103E9
:109A900016933FE6002B40F0D080012307934FF050
:109AA00066080A93B3E7DDE90B1025AA01F04EFC26
:109AB00000287FF470A8DDE926321F990DF1C8094E
:109AC00006E7DDE90B1025AA01F040FC00287FF431
:109AD00062A8279C0DF1C80931E4DDF838A09DF893
:109AE0007740FFF72BB8DDE90B1025AA01F02EFC1B
:109AF00000287FF450A8279C0DF1C80918E4DDE97F
:109B00000B1025AA01F022FC00287FF444A81F9B1B
:109B1000129A279CD31A0DF1C8093BE44FF0060AAC
:109B2000F9E40D94CDF81CA0CDF828A09DF877405D
:109B3000069782460F90FFF701B80AF101030793D9
:109B4000022333E793464FF0000AFEF703BF17F0F6
:109B500001020F927FF4E5AD23EAE373079356E722
:109B600001333244072BCDE92632C9F80070C9F819
:109B700004607FF75FAEDDE90B1025AA01F0E6FB7C
:109B800000287FF408A8DDE926320DF1C80953E664
:109B9000DDE9123213440F9A0A93002A41DD23EAC9
:109BA000E37307934FF0670831E7DDE91A010022FC
:109BB000002303F093FD00284BD01F9B0F931C4400
:109BC000631B1293F2E40C9A0C2313604FF0FF33E3
:109BD0000993FEF7E5BF119B294D002BB8BF2D243B
:109BE00027F080030693A8BF9DF87740254BB8BFA8
:109BF0008DF87740FFF784B8139A13440A9323EA49
:109C0000E37307934FF0670801E7139B0AEB030820
:109C100008EB02030A9323EAE37307934FF0660805
:109C2000F5E60F9B0A9AC3F101031A4422EAE27394
:109C30000A9207934FF06708E9E6139B03F10108C6
:109C400008EB0A030A9323EAE37307934FF06608CD
:109C5000DDE6079BC3F101031F931C4488E40D99C3
:109C60009BF8013051F804AB0D9193464AEAEA7A29
:109C7000FEF76DBE022316934CE500BFCDCCCCCCD5
:109C800078E0011074E0011038B50C46084D8446A8
:109C9000114620461A4600232B606446F9F7D0FD92
:109CA000431C00D038BD2B68002BFBD0236038BD8F
:109CB000D82500202DE9F04F01F10B05162D83B0BA
:109CC000064623D8102900F2AF80FCF707FF1025C5
:109CD00018230220C14F3B44A3F108025C68944260
:109CE00000F025816368E268A16823F00303CA607D
:109CF0002344304691605A6842F001025A60FCF7F2
:109D0000EFFE0834204603B0BDE8F08F35F00705BC
:109D100000F18A80A94200F28780FCF7DFFEB5F5EA
:109D2000FC7FC0F06D816B0A00F08280042B00F292
:109D30002481AB0903F1390003F1380EC300A74FAA
:109D40003B44A3F1080C5C68A44507D10DE0002A50
:109D5000E16880F2E6808C4507D00C46636823F00A
:109D600003035A1B0F2AF2DD7046DFF874823C6948
:109D7000444500F0C380636823F0030CACEB05039B
:109D80000F2B00F34181002BC7E9048880F22C815E
:109D9000BCF5007FD7F804E080F0CF804FEADC010B
:109DA00001314FEA5C1C012303FA0CF357F8312010
:109DB000A2604EEA030E07EBC103083BE360C7F85D
:109DC00004E047F83140D46083104FF0010C0CFAE6
:109DD00003FCF44532D81CEA0E0F08D120F0030032
:109DE0004FEA4C0C1CEA0E0F00F10400F8D007EB10
:109DF000C00AD6468146DEF80C300BE0596821F0E7
:109E000003014A1B0F2A1C46DB6800F3C280002AAC
:109E100080F2D6809E45F1D109F1010919F0030FB6
:109E20000EF1080EE7D118E10C233360002469E736
:109E30004FF4007340204FF03F0E80E7BC6863682A
:109E400023F00309A94503D3A9EB05030F2B58DC25
:109E5000DFF890B1DBF8002004EB09031032082092
:109E600002EB05080093FCF7EBFBD7F8081401316F
:109E7000024605D008F1FF388044414201EA080853
:109E8000414630460092FDF775F9B0F1FF3F009A68
:109E9000824600F0D48004EB0903834200F2CD80B7
:109EA000DBF804104144CBF80410084602F1FF3CF3
:109EB00040F0F5801AEA0C0F40F0F180D7F808A0C6
:109EC000C84448F00100CAF80400DBF82C208A429C
:109ED000DBF8302038BFCBF82C108A4238BFCBF8E3
:109EE0003010544620F00308A845A8EB050301D321
:109EF0000F2B06DC3046FCF7F3FD97E7D7F804E0BC
:109F000062E7621943F0010345F0010565603046E0
:109F1000BA605360FCF7E4FD0834204603B0BDE8A6
:109F2000F08FA2682344D16030468A60E3E6DC68A3
:109F3000A3427FF4D7AE023017E7BCF5206F4FEA9B
:109F40005C2273D3142A00F20A8102F15C03DB0065
:109F50005B32F918FB580839994203D1E6E09B6857
:109F6000994204D05A6822F003026245F7D8D968B2
:109F7000C4E902318C60DC6026E7142B62D9542BD3
:109F800000F2F6802B0B03F16F0003F16E0EC3009D
:109F9000D5E6D4F808C03046661945F0010565607D
:109FA000CCF80C30C3F808C042F00103C7E90466DE
:109FB000C6E9028873606250FCF792FD0834A1E69E
:109FC000214430464A6842F001024A6054F8082FA2
:109FD000D3609A60FCF784FD94E600BF5001002036
:109FE00058010020A0250020A4443046DCF80430AD
:109FF00043F00103CCF80430FCF772FD083481E62D
:10A00000E80805F1080365E6621943F0010145F02F
:10A01000010565603046C7E90422C2E90288516043
:10A0200044F80C30FCF75CFD08346BE64FEA9C12F8
:10A0300002F13903DB0038328BE7BC4228D0BC6820
:10A0400060684FE703F15C0003F15B0EC30076E646
:10A050005AF80839534540F0D88010F0030F00F14A
:10A06000FF30F5D17B6823EA0C037B604FEA4C0C90
:10A070009C453FF6E3AEBCF1000F04D1DEE64FEAAB
:10A080004C0C09F104091CEA030FF8D04846AEE66F
:10A09000DBF804004044CBF8040002F1FF3CD7F8A1
:10A0A000081401316ED004EB0903AAEB0303184432
:10A0B000CBF804001AF00703009341D0C3F1080164
:10A0C0008A44D0440A4408EA0C01521A02EA0C01FC
:10A0D00030460191FDF74EF8421C6FD00199A0EB7C
:10A0E0000A0000EB0108DBF80420C7F808A048F0DC
:10A0F00001001144BC42CAF80400CBF804103FF43C
:10A10000E4AEB9F10F0F40D96268A9F10C0020F05C
:10A11000070002F0010202436260052322180F28A3
:10A12000C2E9013352D8DAF80400CEE692104FF0BB
:10A13000010C0CFA02F24EEA020EC7F804E017E72F
:10A140000AEB080101EA0C01521A02EA0C0130463E
:10A150000191FDF70FF8431CC0D10099C3E7542AC1
:10A1600017D84FEA1C3202F16F03DB006E32F0E6C3
:10A17000B3F5AA7F17D8EB0B03F1780003F1770E44
:10A18000C300DCE5C7F808A494E70123CAF804304B
:10A19000B0E6B2F5AA7F23D84FEADC3202F17803A9
:10A1A000DB007732D5E640F25452934223D8AB0C11
:10A1B00003F17D0003F17C0EC300C0E5009BA3F119
:10A1C00008029044A8EB0A0800218CE704F108017A
:10A1D0003046FBF76BFFDBF80410D7F808A0A2E7C6
:10A1E00040F254539A420CD84FEA9C4202F17D034C
:10A1F000DB007C32ADE64FF47E737F204FF07E0EA5
:10A200009DE54FF47E737E22A3E67B682EE700BFB8
:10A210002DE9F04F03690C69A34283B0C0F28A8034
:10A22000013C01F1140500F1140855F8243058F8E8
:10A23000242001339A428E4681464FEA840105EB81
:10A24000840708EB840AB2FBF3F63AD3CDE9001594
:10A250000022AC46404613465CF8041B05681FFA12
:10A2600081FB06FB0B22090C4FEA124B06FB01BBDC
:10A2700092B2A9B2891A19441FFA8BF3C3EB214396
:10A2800003EB154389B241EA0341674540F8041BDB
:10A290004FEA1B424FEA2343DED2DDE9001558F8AE
:10A2A000013073B9AAF1040AD04504D307E0D045C0
:10A2B00004F1FF3403D25AF80439002BF7D0C9F85F
:10A2C00010407146484601F085FB00282EDB4146D0
:10A2D000002255F8040BD1F800C01FFA80FE1FFAC7
:10A2E0008CF3A3EB0E031344020CC2EB234202EBEC
:10A2F0001C429BB243EA0243AF4241F8043B4FEA9F
:10A300002242E6D258F8242008EB84036AB9043BC1
:10A31000434504D807E0984504F1FF3403D253F8CD
:10A320000429002AF7D0C9F810400136304603B09E
:10A33000BDE8F08F002003B0BDE8F08F2DE9F04FAD
:10A34000816B9BB016461F46CDE90667279D04909A
:10A3500049B1C26B4A600123934004468B6001F00F
:10A360007DF80023A363B7F10009B4BF01230023E4
:10A370002B60794BBCBF29F00049CDF81C9033EA23
:10A38000090300F0AD80DDE90634002218462146BD
:10A390000023CDE9020103F0A1F9804668B1269AB5
:10A3A00001231360289B13B1289A6C4B13606C4BEC
:10A3B000059305981BB0BDE8F08F18AB019319AB5E
:10A3C00000930498DDE9022301F066FC5FEA195569
:10A3D000824640F09B80DDE91885454405F2324312
:10A3E000202B40F38F83C3F1400309FA03F905F2F0
:10A3F000124326FA03F349EA030002F08DFE01231B
:10A40000013DA1F1F8711093564B002202F046FD78
:10A410004BA3D3E9002302F0F9FE4BA3D3E90023B9
:10A4200002F03EFD064628460F4602F085FE48A390
:10A43000D3E9002302F0EAFE02460B4630463946D5
:10A4400002F02EFD06460F4603F090F90022044666
:10A45000089000233046394603F04AF9002840F0BE
:10A460002783089CA8EB050808F1FF33162C0993F5
:10A4700000F28D813C4B03EBC403D3E90023DDE9FB
:10A48000020103F035F9002874D0631E08930023FD
:10A490000F9308F1FF33002BC0F2808100230A9351
:10A4A000089B002B6CDA089B0A9A0B93D21A0A922B
:10A4B0005A4200230893249B0E92092B6AD8052B3D
:10A4C00040F32583043B24930025249B023B032B6C
:10A4D00000F23786DFE813F07304700467044B045E
:10A4E000269AC9F3130942F20F7359EA0609136059
:10A4F0001CD1289B002B00F044861C4B059308338D
:10A50000289A059813601BB0BDE8F08FDDE90212B0
:10A51000C2F31303084643F07F51CDF84080A5F203
:10A52000FF35DDF8608041F440116DE7289B002B7A
:10A5300040F0F8830E4B05933BE700BFAFF300807C
:10A5400061436F63A787D23FB3C8608B288AC63F39
:10A55000FB799F501344D33F0000F07FADE0011022
:10A56000ACE001100000F83FE8060210B0E0011076
:10A57000BCE00110B8F1000F40F3A6840F900A90E0
:10A58000DDE908231344099300230E93249B0B92C7
:10A59000092B94D90023CDE9243301250C954FF0E4
:10A5A000FF3B049BCDF844B00021D963049800F030
:10A5B0002FFF0590002800F0CD85DDE90432BBF1C6
:10A5C0000E0F9A6300F21981002D00F016810B998D
:10A5D000002940F34984B44B01F00F0203EBC2039E
:10A5E000C805D3E900894FEA211540F10B84AF4B30
:10A5F000DDE90201D3E9082302F032FFCDE91201BF
:10A6000005F00F0503277DB1A84EE90708D54046A0
:10A610004946D6E9002302F0F9FD01378046894614
:10A620006D1006F10806F0D142464B46DDE91201F5
:10A6300002F016FF804689460F9B43B19C4B0022D7
:10A640004046494603F054F8002840F00A85384651
:10A6500002F072FD42464B4602F0D8FD954B0022B7
:10A6600002F01EFCA1F15073CDE912011393BBF16E
:10A67000000F00F0A9800B9BCDE916B34946404678
:10A6800003F074F88849169C01EBC40353E90212E5
:10A690000546CDE9141202F04FFD0B46024649462D
:10A6A000404602F0FBFB059F0C9B30357E1CECB254
:10A6B000804689463546002B00F06E84DDE9142380
:10A6C0007D49002002F0CCFEDDE9122302F0E6FB1A
:10A6D0003C7042464B4604460D4603F027F80028DE
:10A6E00040F0B784CDF850B00027DDF858B0CDF871
:10A6F00048A02BE001375F4580F2FD846F4B204678
:10A700002946002202F082FD6C4B002204460D46D1
:10A710004046494602F07AFD8946804603F026F815
:10A72000824602F009FD02460B464046494602F0C9
:10A73000B5FB0AF1300A06F801AB22462B468046EB
:10A74000894602F0D5FF002840F0D28442464B46AD
:10A750005749002002F0A2FB22462B4602F0C8FF18
:10A760000028C7D0179BDDF848A0059A374603F1AB
:10A77000010802E0974200F09A843E4617F8013D36
:10A78000392BF7D00133DBB23B7045467FE1012323
:10A790000F9308F1FF33002BBFF680AEC8F1010321
:10A7A0000A93002309937BE6384602F0C5FC424633
:10A7B0004B4602F02BFD3F4B002202F071FBA1F152
:10A7C0005073CDE9120113933D4B00224046494698
:10A7D00002F064FBDDE9124522462B4606460F4691
:10A7E00002F0A4FF002840F071843046394622462A
:10A7F00005F1004302F07CFF28BB199B002BC0F23F
:10A8000091800B9A0E2A00F38D80274B0B9A03EB55
:10A81000C203D3E90034CDE90634259B002B19DAB5
:10A82000BBF1000F16DC0ED1254B0022DDE906013D
:10A8300002F0ECFC02460B46DDE9020102F062FF89
:10A84000002800F043840023059E02931F46259BA9
:10A85000DD432EE2059B5D1CDDE90678DDE90201A2
:10A860003A46434602F0FCFD02F080FF064602F045
:10A8700063FC3A46434602F0C9FC02460B46DDE95A
:10A88000020102F00BFB059A06F13003BBF1010F48
:10A890002F46137000F023830125CDF808A0A846A9
:10A8A000DDE9069A2CE000BFE8060210D807021086
:10A8B0000000F03F00001C400000E03F000024408A
:10A8C000000014404A4653462046294602F0C8FD7F
:10A8D00002F04CFF064602F02FFC4A46534602F0B7
:10A8E00095FC08F101080B4602462946204602F075
:10A8F000D5FA06F13003D84507F8013B00F0ED82A8
:10A90000844B002202F082FC0022002304460D4604
:10A9100002F0E4FE0028D5D00B9DDDF808A001353B
:10A920003E46B4E00C9A002A40F0D88000230E9EE8
:10A930000A9D0C931F4665B1099900290B4608DD55
:10A940000A9AA942A8BF2B46D21AED1ACB1A0A922C
:10A9500009930E9B53B10C9B13B1002E40F0F8826B
:10A9600051460E9A049800F063FF82460498012134
:10A9700000F07AFE089B0290002B40F0BE81249BE1
:10A98000012B40F3D4810120099A104410F01F00DC
:10A9900000F09B80C0F12003042B40F3E3810A9B6D
:10A9A000C0F11C00034402440A93054409920A9B27
:10A9B000002B05DD514604981A4600F093FF8246AD
:10A9C000099B002B05DD029904981A4600F08AFFC6
:10A9D00002900F9B002B40F07581BBF1000F40F3FC
:10A9E0004C810C9B002B40F0A4800B9D0135DDF8C1
:10A9F0001480029CDDF81090012607E051460023E8
:10AA00000A22484600F034FD01368246214650466F
:10AA1000FFF7FEFBB34500F1300008F8010BEDDC59
:10AA2000BBF1000F059BCCBF5E460126814603EBC0
:10AA3000060B002451460122049800F053FF0299AE
:10AA4000824600F0C7FF002840F3EF81059A02E03C
:10AA5000934500F004825E460BF1FF3B16F8013C83
:10AA6000392BF5D001338BF80030DDF810800299D6
:10AA7000404600F0F3FC57B12CB1BC4203D0214654
:10AA8000404600F0EBFC0498394600F0E7FC0498DF
:10AA9000514600F0E3FC00233370269B1D60289B89
:10AAA000002B3FF486AC05981E601BB0BDE8F08F0C
:10AAB000204602F041FB32463B4602F00FFE0028E2
:10AAC0007FF4CFAC631E0893CBE41C230A9A1A448C
:10AAD0000A92099A1A441D44099268E7249A012AA5
:10AAE00040F3AE810E9B0BF1FF36B342C0F26A8198
:10AAF000BBF1000FA3EB060680F2EC820A9BA3EBEE
:10AB00000B056DE1C3F1200306FA03F075E401259E
:10AB1000DBE400BF000024403946002304980A22E9
:10AB200000F0A6FC119B002B074640F3FC820B961D
:10AB30009B46002D05DD394604982A4600F0D2FEDA
:10AB40000746089B002B40F0E781B846059E731E20
:10AB500003EB0B04069B0A9403F00103049C0C9383
:10AB600002995046FFF754FB39468346504600F0A1
:10AB700031FF029905464246204600F04BFFC3686C
:10AB80000BF130090146ABBB0990504600F022FFA3
:10AB900009990890204600F061FC089A002A54D1D7
:10ABA000249B1BB90C9B002B00F0AB82002D3FDBDC
:10ABB0000A9BB3469E420BF8019B00F0C4815146AC
:10ABC00000230A22204600F053FC474582463946BE
:10ABD0004FF000034FF00A02204630D000F048FC4E
:10ABE0004146074600230A22204600F041FC5E460B
:10ABF0008046B5E7049800F031FC002D06DB069B8B
:10AC000003F00102249B1D432A4329D1514601220E
:10AC1000049800F067FE0299824600F0DBFE0028EF
:10AC200040F3F780B9F1390F00F046820BF131099A
:10AC30000B9D06F8019B3C460135474615E700F0A1
:10AC400017FC5E46074680468AE7002DC0F29082D8
:10AC5000249B1D430C9B1D4300F08A82002AA7DD24
:10AC6000B9F1390F00F028820B9D09F101033C4630
:10AC700006F8013B01354746F7E6249B022B7FF798
:10AC8000B0AEBBF1000F40F02681029904985B46FC
:10AC9000052200F0EDFB01460290504600F09AFEBE
:10ACA000002840F31881059E0B9D312306F8013BD7
:10ACB00001350299049800F0D1FB0135002F7FF493
:10ACC000E2AEE4E60299504600F084FE0028BFF6AA
:10ACD00084AE5146002304980B9C0A2200F0C8FB66
:10ACE0000C9B661E8246002B7FF416AF119B002B37
:10ACF00040F30E820B9D9B4679E601461A46049866
:10AD000000F096FD249B0290012B6FDD0023089339
:10AD1000029A136902EB8303186900F053FCC0F137
:10AD2000200031E6984B05930333FFF7E9BB069B00
:10AD3000002B7FF428AEDDE90612C2F31303002BCB
:10AD40007FF421AE914B134033B10A9B01330A9338
:10AD5000099B013309930123089A0893002A3FF4C1
:10AD600012AED5E73FF423AEC0F13C03AEE60123BB
:10AD70000C93259B0B9A134403F1010B5E46012EA5
:10AD80001193B8BF0126172E40F3F6810122042348
:10AD90005B0003F11400B042114602F10102F7D941
:10ADA000049BD96302E401230C93259B002B37DD20
:10ADB00011939B461E46E6E700230C93D9E7002338
:10ADC0000C93F2E70E9B089A0E96F31A1A44099B0D
:10ADD00008925B4409930A9B1D465B440A93002634
:10ADE0000498012100F040FC0746A4E5069B002BD7
:10ADF0008CD1DDE90601C1F313030A46002BA1D073
:10AE0000089085E7DDE902340227CDE91234FFF727
:10AE1000FABB7FF40DAF19F0010F7FF403AF07E722
:10AE2000012325939B46FFF7BCBB03D119F0010F0B
:10AE30007FF40CAE5E461BF8013D302BFAD014E6D1
:10AE4000109A002A00F09C8003F23343099A0E9E68
:10AE50001A4409920A9A15461A440A92C0E7059ABA
:10AE600031230135137000E600F0F6800B9A484B51
:10AE7000554205F00F0203EBC203D3E90023DDE9DD
:10AE8000020102F0C3F92D11CDE9120100F0548145
:10AE9000404E0023022780468946EA0709D5D6E9B5
:10AEA00000234046494602F0B1F901378046894601
:10AEB00001236D1006F10806EFD1002B7FF4BCAB27
:10AEC000DDE91289FFF7B8BBC8F1010309900A93C5
:10AED0000F90FFF755BB059EB9E4DDF808A00246C8
:10AEE0000B4601F0DDFF0B9DCDE902010135024665
:10AEF0000B46DDE90601A84602F0FAFB40B9DDE9A0
:10AF00000223DDE9060102F0E9FB18B1F30701D5E0
:10AF1000059A32E43E46BAE57968049800F078FA7A
:10AF20000546002800F01D813B6902339A0007F1B5
:10AF30000C010C30FBF7EAFA04982946012200F0D4
:10AF4000D1FC804602E60B9D3C460135474671E543
:10AF5000049C39463246204600F06AFC52460146BF
:10AF60000746204600F0AEFB51468046204600F0E2
:10AF700075FA0E9B9B1BC2460E933FF4F7ACEFE4B1
:10AF8000189BC3F1360361E7BCE001100000F07FBD
:10AF9000E8060210D8070210DDE91423DDE91201EA
:10AFA00002F034F9059B1C70169B012BCDE90C01B6
:10AFB00000F0C080169F059B1F447A4B002240463C
:10AFC000494602F023F98946804602F0CFFB044649
:10AFD00002F0B2F8303402460B464046494601F0D2
:10AFE0005DFF06F8014BBE4280468946E5D16E4BB7
:10AFF0000022DDE90C0101F053FF02460B464046FA
:10B00000494602F093FB00286CD1DDE90C23664928
:10B01000002001F043FF02460B464046494602F03D
:10B0200067FB80B9199B002BFFF680AC0B9B0E2BA6
:10B030003FF77CAC5D4B0B9A03EBC203D3E90034C2
:10B04000CDE9063408E43E46013F16F8013C302BBA
:10B05000F9D0179D01351AE5DDE902890227FFF7CE
:10B06000EBBABBF1000F3FF49FAB119C002C7FF7B4
:10B07000C4AB0B9B013B0022404649461793494B0A
:10B0800002F0C4F880468946781C02F055F8424622
:10B090004B4602F0BBF8464B002201F001FFA1F144
:10B0A0005073CDE9120116941393FFF7E7BA08F134
:10B0B00001083123FFF768BB0B9D059AB34639237E
:10B0C0003C460BF8013B01354746C4E4002302939C
:10B0D0001F46E8E5099B5B4409930A9B1D465B44B8
:10B0E0000A937DE6179B059A03F10108FFF745BB1C
:10B0F000DDF848A0ADE7DDF848A0DDF850B0FFF777
:10B100007CBBB9F1390FD7D0002D3FF78FAD8FE55C
:10B11000249B022B03DC0B9DDDF844B067E4DDF8D3
:10B1200044B00B96ADE5249B022BF8DCDDF844B06F
:10B130000B96FEE437465AE7DDE912890227FFF74E
:10B140007BBA049B0025DD632946184600F060F9B0
:10B150000590D0B9174B1848002240F2AF1100F00B
:10B1600031F9144B14482A4640F2EF2100F02AF935
:10B17000002A3FF74BAD5BE5049B0021D963FFF745
:10B1800015BA0E4B0593FFF714B9DDE904324FF001
:10B19000FF3B9A6301232595CDF844B00C93FFF74C
:10B1A0002CBB00BF000024400000E03FE806021076
:10B1B00000001C40C0E00110D4E00110B0E001101C
:10B1C00038B52F4B1B6805460C4613B15A6B002A45
:10B1D0004BD0B4F90C3018071CD5226922B313F0F8
:10B1E000010107D0616900204942A060A1613AB124
:10B1F000002038BD980758BF6169A160002AF7D1C7
:10B20000190658BF1046F4D543F04003A3814FF010
:10B21000FF3038BDD9062CD55A0712D4226943F025
:10B220000803A381002ADAD103F42071B1F5007F6D
:10B23000D5D021462846FDF751FAB4F90C302269E1
:10B24000CDE7216B51B104F14002914204D0284670
:10B25000FAF72CFFB4F90C30002222632269002196
:10B26000C4E9002123F02403D9E71846FBF724FDA5
:10B27000AFE7092243F040032A60A381C7E700BF7C
:10B280001800002038B50C46084D8446114620466B
:10B290001A4600232B606446F8F7CAFA431C00D014
:10B2A00038BD2B68002BFBD0236038BDD82500208B
:10B2B000024B13B10248FBF7E1BE704700000000EB
:10B2C000BD71011070B4164D2C681CB365681F2D3C
:10B2D00023DC38B9AB1C0135656044F8231000202D
:10B2E00070BC704704EB850C0228CCF88820D4F899
:10B2F00088614FF0010202FA05F246EA0206C4F83C
:10B300008861CCF80831E5D1D4F88C311343C4F806
:10B310008C31DFE7034C2C60D8E74FF0FF30DFE7DC
:10B32000D4250020DC25002038B5074D0022044636
:10B3300008462A60F8F778FA431C00D038BD2B681D
:10B34000002BFBD0236038BDD82500202DE9F84321
:10B35000154692682C68FAB180468946083401E0A7
:10B360000834CFB16B68591E002B1746696013DD96
:10B3700054F8046C002EF3D0334654F8082C494698
:10B38000404600F0F3FD431C07D0AA68921B174605
:10B39000AA600834002FE5D100200023C5E901335D
:10B3A000BDE8F883936810B514461BB9184600230E
:10B3B000636010BDFBF7E6FC0023A360002363601D
:10B3C00010BD00BF00B50B4C25681446EE681A4648
:10B3D00085B003460D464CB107490095CDE90114EF
:10B3E0003046064900F030FE00F082FD04490C466C
:10B3F000F3E700BF1800002000E1011010E1011088
:10B400009CDD011008B513460022FFF7DBFF00BFEB
:10B41000436C70B505460C464BB153F8240080B11F
:10B42000026843F824200023C0E9033370BD2122C1
:10B43000042100F065FD034668640028EDD100207A
:10B4400070BD012101FA04F6721D9200284600F039
:10B4500057FD0028F3D0C0E90146E4E731B1436C61
:10B460004A6853F82200086043F82210704700BF72
:10B470002DE9F0410D6907460E461C4601F1140EF8
:10B480000020DEF800108BB202FB03434FEA134C9E
:10B49000090C02FB01CC01309BB203EB0C4385424B
:10B4A0004EF8043B4FEA1C44EBDC3CB1B368AB42C2
:10B4B00007DD06EB850301355C6135613046BDE88B
:10B4C000F081716838460131FFF7A2FF8046A8B1CC
:10B4D0003269023206F10C0192000C30FBF716F8CB
:10B4E0007B6C726853F82210316043F82260464644
:10B4F00006EB850301355C613561DFE7024B0348EC
:10B500004246BA21FFF75EFFC0E0011040E10110A2
:10B510002DE9F8431746284A1E4608330C46092EE3
:10B5200082FB03124FEAE3730546C3EB62033ADD85
:10B530004FF0010C00214FEA4C0C634501F1010171
:10B54000F9DC2846FFF764FF014670B3089B4361AE
:10B55000092F4FF00103036112DC0A340927BE42B0
:10B560000BDDF61B264414F8013B0A22303B28462B
:10B57000FFF77EFFB4420146F5D10846BDE8F883E7
:10B5800004F1090804EB0709444614F8013B0A22B8
:10B59000303B2846FFF76CFF4C450146F5D1A7F13B
:10B5A00008044444DBE70021CBE70A46034B044888
:10B5B000D321FFF707FF00BF398EE338C0E0011049
:10B5C00040E10110B0F5803F034636BF0304002080
:10B5D0001020B3F1807F3CBF1B020830B3F1805FC5
:10B5E0003CBF1B010430B3F1804F03D3002B06DBBB
:10B5F000013070479B0003D45B0003D420207047C8
:10B600000230704703307047036813F007020146A9
:10B6100007D0DA071FD4980721D55B080B600120FB
:10B62000704798B2A0B11046DAB20AB908301B0AC6
:10B630001A0704BF1B0904309A0704BF9B08023095
:10B64000DA0703D45B0800F1010006D00B607047F5
:10B650001B0C1020E8E700207047202070479B0853
:10B660000B600220704700BF38B5436C04460D469E
:10B670004BB15868B0B102685A6000220123C0E99A
:10B680000323456138BD2122042100F039FC034623
:10B6900060640028EDD1094B0948002240F24511B1
:10B6A000FFF790FE1C220121204600F029FC002813
:10B6B000F1D001220223C0E90123DEE7C0E001103E
:10B6C00040E101102DE9F04FD1F810801569A8452F
:10B6D00085B00E46924605DB2A46534645468A46C5
:10B6E00090461E46DAF80830DAF8041005EB080434
:10B6F000A342B8BF0131FFF78BFE8446002800F05B
:10B700008B8000F1140707EB840E774505D23B468A
:10B71000002243F8042B9E45FBD8143606EB88081C
:10B720000AF11409464509EB850566D2A5EB0A0323
:10B73000153B23F003030AF1150A043355452CBFCA
:10B740009B464FF0040BCDF808E00394AE46E2466A
:10B7500005E0090C2AD1B04507F104074AD956F88B
:10B76000041B8DB2002DF4D0CC463C46002301963C
:10B770005CF8040B216886B28AB2000C05FB062235
:10B78000090C1A4405FB001101EB124192B242EA86
:10B790000142E64544F8042B4FEA1143E8D8019EE4
:10B7A00047F80B3056F8041C090CD4D03B68002233
:10B7B00048461D463C469446028801FB02C202EB05
:10B7C00015429BB243EA024344F8043B50F8043B61
:10B7D00025684FEA134CABB201FB0C3303EB124369
:10B7E00070454FEA134CE7D3B04547F80B3007F1EB
:10B7F0000407B4D8DDE902E4D446002C02DC05E0FD
:10B80000013C03D05EF8043D002BF9D06046CCF833
:10B81000104005B0BDE8F08F034B044862464FF47A
:10B82000B171FFF7CFFD00BFC0E0011040E1011092
:10B8300012F003032DE9F041144607462CD10D46C2
:10B84000A4101CD03E6C86B3E3074FF0000806D46A
:10B85000641014D03068A8B10646E307F8D5324624
:10B8600029463846FFF72EFF35B17B6C696853F8DF
:10B8700021202A6043F8215064100546EAD1284669
:10B88000BDE8F081324631463846FFF71BFF306095
:10B89000C0F800800646E0E7013B0F4A52F823203B
:10B8A0000023FFF7E5FD0546CAE701213846FFF70B
:10B8B000AFFD064640B1012340F27122C0E90432D7
:10B8C000002338640360BFE7044B0548324640F26A
:10B8D0004511FFF777FD00BFD8060210C0E0011048
:10B8E00040E101102DE9F0470C4690462769A36816
:10B8F000496807EB62177D1C9D4206464FEA6219B4
:10B9000004DD5B009D4201F10101FADC3046FFF7E6
:10B910007FFD8446002851D0B9F1000F00F11400DA
:10B920000EDD09F105024FEA820E03460CEB82029E
:10B93000002143F8041B9342FBD1AEF114031844D9
:10B94000216904F1140318F01F0803EB81012DD0C5
:10B95000C8F1200986464FF0000A1A6802FA08F278
:10B9600042EA0A024EF8042B53F8042B994222FAB9
:10B9700009FAF2D80B1B153B23F00303043304F13F
:10B980001502914238BF042340F803A0BAF1000F1A
:10B9900000D13D46736C6268CCF8105053F8221009
:10B9A0002160604643F82240BDE8F087043853F830
:10B9B000042B40F8042F9942F9D8EAE7034B0448D6
:10B9C00062464FF4EF71FFF7FDFC00BFC0E00110CD
:10B9D00040E101100B6984460069C01A15D10CF1D1
:10B9E000140C14310CEB830210B401EB830301E05F
:10B9F000944508D252F8044D53F8041D8C42F7D0F8
:10BA000004D24FF0FF3010BC70477047012010BCCB
:10BA1000704700BF2DE9F04F15460A692B69D21A0D
:10BA2000002A83B0884640F0878001F1140605F1B2
:10BA3000140101EB830106EB830301E09E427ED2F9
:10BA400053F8044D51F8042D9442F7D075D32B468A
:10BA50000024454698466968FFF7DAFC81460028CD
:10BA600000F089802E69C460D8F8100005F1140B2D
:10BA700008F1140E09F1140A05F110020EEB800012
:10BA80000BEB860157464FF0000CCDF804B05EF882
:10BA9000044B52F8045F1FFA84FBABB2A3EB0B0319
:10BAA000240C6344C4EB154404EB23449BB243EAE7
:10BAB0000443704547F8043B4FEA244CE7D8A0EB19
:10BAC000080208F115084045A2F1150234BF002014
:10BAD000012092080028DDF804B002F101044FEAC9
:10BAE000840408BF04240BEB0405A942544433D951
:10BAF0002746284650F8043B1CFA83FE1A0C634480
:10BB000002EB2E429BB243EA0243814247F8043BD8
:10BB10004FEA224CEED80139491B21F003010C44B5
:10BB200023B954F8043D013E002BFAD04846C9F829
:10BB3000106003B0BDE8F08F89DA01248BE70021A3
:10BB4000FFF766FC814678B101220023C0E9042397
:10BB5000484603B0BDE8F08F00284FEA820208BFD4
:10BB600000220AEB0204DBE7064B07484A4640F294
:10BB70003721FFF727FC034B03484A4640F2452193
:10BB8000FFF720FCC0E0011040E10110114B0B4019
:10BB9000A3F15073002B03DD0022194610467047B5
:10BBA0005B42B3F1A07F4FEA235206DA4FF4002341
:10BBB00013410022194610467047A2F114031E2BB0
:10BBC000DABF4FF00042DA40012200231946104646
:10BBD000704700BF0000F07F02692DE9F04100F1DD
:10BBE000140707EB8202A2F1040852F8046C3046F5
:10BBF000FFF7E8FCC0F120030A280B6033DD47455E
:10BC0000A0F10B0119D252F8083C21B3C1F1200078
:10BC10008E4023FA00F426438B40A2F1080146F03F
:10BC20007F558F4245F4401519D252F80C2CC24072
:10BC3000134318462946BDE8F0810B280AD006FABE
:10BC400001F141F07F5545F440150023184629467F
:10BC5000BDE8F081002346F07F5545F440151846B5
:10BC60002946BDE8F081474538BF52F8082CC0F19D
:10BC70000B0326FA03F138BFDA4000F1150341F057
:10BC80007F5528BF002206FA03F345F440151343FD
:10BC900018462946BDE8F081F0B5012183B016466B
:10BCA0001F46FFF7B5FB0546002847D0C7F30A54E7
:10BCB000C7F313030CB143F48013002E019314D186
:10BCC00001A8FFF7A1FC019B6B61012220302A61D2
:10BCD00014B3089BA4F2334404441C60099BC0F1D4
:10BCE00035001860284603B0F0BD68460096FFF79F
:10BCF0008BFC019B00B30099C0F1200203FA02F211
:10BD0000C34001930A43002BC5E905230CBF012260
:10BD100002222A61002CDCD105EB8201A0F2324321
:10BD2000086908990B60FFF74DFC099BC0EB4210B6
:10BD30001860284603B0F0BD009AE4E7034B0448BE
:10BD40002A4640F20F31FFF73DFB00BFC0E0011073
:10BD500040E101102DE9F04383B0884669468146F1
:10BD6000FFF73AFF04460D46404601A9FFF734FFAE
:10BD7000D9F81030D8F81020A3EB020CDDE900321E
:10BD80009B1A03EB4C13002B0BDD05EB03573D46D1
:10BD900002460B462046294601F062FB03B0BDE88F
:10BDA000F083C3EB033301EB03594946F0E700BFCF
:10BDB000172870B506460ADD0849094D0020002401
:10BDC00022462B4601F022FA013EF9D170BD054B07
:10BDD00003EBC003D3E9040170BD00BF0000F03FD6
:10BDE00000002440D80602100139491101F1010C6C
:10BDF000116902F1140303EB81018B4200EB8C0CFF
:10BE000016D210B5A0F1040E53F8044B4EF8044FAF
:10BE10009942F9D88B1A153B23F0030304331844D5
:10BE2000844504D9002340F8043B8445FBD810BD69
:10BE3000844505D9002340F8043B8445FBD870476E
:10BE4000704700BF03694A11934200F1140009DAF8
:10BE500000EB830302E053F8042DA2B98342FAD821
:10BE60000020704700EB8203F8DD11F01F01F5D0D0
:10BE700010B450F8224024FA01F28A40944208D0CB
:10BE8000012010BC70470120704753F8042D002A90
:10BE9000F6D18342F9D8002010BC7047F0307047CB
:10BEA00000487047500600200048704750060020A8
:10BEB00010B4034CD4F8E440A44610BC604700BF63
:10BEC0006005002082B049B15AB16BB113780B60A4
:10BED0001278101E18BF012002B0704701A9002A75
:10BEE000F3D1104602B070476FF00100F4E700BFD5
:10BEF00008B5062000F070F9012000F0C9FF00BF6E
:10BF000038B5A1FB021454BBFDF7D4FE054650B36F
:10BF100050F8042C22F00302043A242A10D8132AE1
:10BF200013D91B2AC0E9004416D9242AC0E90244C7
:10BF30000ABFC0E9044400F1100200F1180205E054
:10BF40002146F9F769FB284638BD02460023C2E9BD
:10BF500000339360284638BD00F10802F6E7FAF78F
:10BF600043F80C2303600025284638BD2DE9F0472F
:10BF70008F681D46AF420B680C46164636D8B1F99D
:10BF80000CC01CF4906F0ED13D46184631462A462F
:10BF9000F9F7AAFFA368DF1B2368A7602B440020E2
:10BFA0002360BDE8F0874A69096902EB42025F1A23
:10BFB00002EBD2726B1C52103B44934292BF9146EB
:10BFC00099461A461CF4806F804611D01146FDF741
:10BFD00071FE824600B321693A46FAF797FAA389BF
:10BFE00023F4906343F08003A38105E02F46CCE760
:10BFF000FAF7A6FB824658B10AEB0703A9EB07073D
:10C00000A760C4F810A0C4F8149023602F46BCE7C2
:10C0100021694046FAF74AF8A3890C2243F040030D
:10C02000C8F800204FF0FF30A381BAE70CB400B588
:10C0300083B004AB53F8042B019300F089F903B0EB
:10C040005DF804EB02B070470EB410B583B005ABD9
:10C05000064C53F8042B01930146206800F078F950
:10C0600003B0BDE8104003B0704700BF18000020C7
:10C0700010B4034CD4F8E040A44610BC604700BFA5
:10C080006005002049B1FF2A02D80A7001207047DC
:10C090008A2303604FF0FF3070470846704700BFA7
:10C0A00038B5D0F818410CB1002038BD80210546C4
:10C0B000FDF700FE0246C5F8180130B1031F7C32BF
:10C0C00043F8044F9342FBD1EEE74FF0FF3038BD09
:10C0D00030B51F2983B0054609D8D0F818310C4671
:10C0E00053B153F8240043F8242003B030BD162385
:10C0F00003604FF0FF30F8E780210192FDF7DAFD91
:10C10000019AC5F8180103460028F2D0011F00F17A
:10C110007C05002041F8040FA942FBD1E1E700BFF4
:10C120001F2938B505461FD8D0F818210C466AB12A
:10C1300052F8213053B1012B06D0591C10D00021E8
:10C1400042F8241020469847002038BD284600F0C9
:10C15000FDF8224601462846BDE8384000F0E0B828
:10C1600016230360012038BD162303604FF0FF3013
:10C1700038BD00BF1F292CD838B5D0F818310C466F
:10C180000546A3B153F8242003EB84034AB1511CA4
:10C190000BD0012A07D0002520461D609047284675
:10C1A00038BD012038BD032038BD022038BD8021B4
:10C1B000FDF780FD0346C5F8180138B1021F0021C4
:10C1C0007C3042F8041F8242FBD1DBE74FF0FF30A6
:10C1D00038BD4FF0FF30704738B5144B1F281D682D
:10C1E0001ED8D5F81821044662B152F820304BB160
:10C1F000012B05D0591C0FD0002142F82010984780
:10C20000002038BD284600F0A1F822460146284605
:10C21000BDE8384000F084B816232B60012038BDFB
:10C2200016232B604FF0FF3038BD00BF18000020F0
:10C23000124B1F2870B51E6809D8D6F8183104466D
:10C240000D464BB153F8240043F8245070BD16231B
:10C2500033604FF0FF3070BD80213046FDF72AFD7E
:10C260000346C6F818010028F3D0021F00217C30D5
:10C2700042F8041F8242FBD1E4E700BF180000200F
:10C2800038B50C4B1D68D5F818410CB1002038BDED
:10C2900080212846FDF70EFDC5F8180138B1031FAF
:10C2A00000F17C0243F8044F9342FBD1EEE74FF0DC
:10C2B000FF3038BD1800002038B5184B1F281D6806
:10C2C00028D80446D5F81801A0B150F8243000EB66
:10C2D00084004BB15A1C0BD0012B07D00025056000
:10C2E00020469847284638BD012038BD032038BD78
:10C2F000022038BD80212846FDF7DCFCC5F8180176
:10C3000040B1031F00F17C01002243F8042F8B424F
:10C31000FBD1DAE74FF0FF3038BD00BF1800002036
:10C3200070B50C46084D03460026204611461C46B3
:10C330002E60F7F71FFC431C00D070BD2B68002B4C
:10C34000FBD0236070BD00BFD8250020F7F70EBCDE
:10C350002DE9F04FADB0CDE907301C460291934670
:10C3600018B1436B002B00F003850299B1F90C2042
:10C370004B6E950405D442F4005223F400538A8195
:10C380004B66980400F12485029BB3F90C20110739
:10C3900040F1D3801B69002B00F0CF8002F01A021D
:10C3A0000A2A00F0D9800023CDE910330DF170097D
:10C3B000CDF83C900993CA4605939BF80030002BBA
:10C3C00000F0F4805C4604E014F8013F002B00F01C
:10C3D000D280252BF8D1B4EB0B0540F0CF80237829
:10C3E000002B00F0E3804FF000038DF837304FF062
:10C3F000FF320023CDE90323617804F1010B984655
:10C400000BF1010BA1F12003582B00F2DC80DFE8D7
:10C4100013F0B201DA00DA00AD01DA00DA00DA0076
:10C42000DA00DA00DA007601A701DA00810186017C
:10C43000DA00A20159005900590059005900590069
:10C44000590059005900DA00DA00DA00DA00DA009F
:10C45000DA00DA00DA00DA00DA006800DA00DA007E
:10C46000DA00DA00DA00DA00DA00DA00DA00DA00FC
:10C470001902DA00DA00DA00DA00DA00EA01DA009A
:10C48000DA001D04DA00DA00DA00DA00DA00DA0095
:10C49000DA00DA00DA00DA00DD016A00DA00DA0038
:10C4A000DA00D8016A00DA00DA00CB01DA00BD0157
:10C4B0001B047F027A02DA005902DA001904DA005A
:10C4C000DA004204A1F1300300221BF8011B02EB49
:10C4D000820203EB4202A1F13003092BF5D9049249
:10C4E00090E748F0100818F0200F00F0D780079B65
:10C4F000073323F007031A46596852F8083B07929E
:10C500000A460029C0F2DE8003999DF837500029C1
:10C51000C0F2E38053EA020128F0800840F0DD8099
:10C52000039B002B40F0598401934C46002D00F0F2
:10C53000BE81019A01320192B9E1029D0898294613
:10C54000FEF73EFE002840F04384B5F90C2002F0CF
:10C550001A020A2A7FF427AF029BB3F90E30002B90
:10C56000FFF621AF0299089823465A462DB0BDE840
:10C57000F04F00F057BCB4EB0B0517D0119B2B44C8
:10C580001193109B0133072BCAE900B5109305DC0A
:10C590000AF1080A059B2B44059320E702990898A5
:10C5A0000FAAFEF7FFFE28B9CA46F3E7119B002B3E
:10C5B00040F00084029B9B895B0600F1098405988A
:10C5C0002DB0BDE8F08F0029F0D000238DF8373072
:10C5D00001238DF84810019312AC002203920692B9
:10C5E00018F08407DDE9102105D10498019D451B51
:10C5F000002D00F34F829DF8370080B101320DF11C
:10C6000037000131CAF80000072A4FF00100CDE9D8
:10C610001021CAF8040000F377820AF1080A06988C
:10C6200078B101320EA80231CAF80000072A4FF093
:10C630000200CDE91021CAF8040000F373820AF168
:10C64000080A802F00F09B810398C51A002D00F383
:10C65000D58101321944072ACDE91021CAF80040DA
:10C66000CAF8043000F302820AF1080A18F0040F35
:10C6700005D0049B019A9C1A002C00F36182DDE92D
:10C68000042301988242ACBF9B181B180593002914
:10C6900040F0F78100231093CA468EE6079A18F0FF
:10C6A000100F52F8043B079207D118F0400F04D046
:10C6B00043F3C03211461BB223E7DA1711460029B3
:10C6C000BFF622AF03995B4262EB42022D2500299F
:10C6D0008DF8375001DB28F080080A2B72F1000139
:10C6E00080F0F3823033DBB28DF86F30039B012B87
:10C6F000B8BF012301930DF16F04012316E7079BD7
:10C7000053F8042B0492002A80F28882049A07933B
:10C71000524204929BF8001048F0040870E6584614
:10C7200010F8011B2A2900F05A83A1F13003092BCC
:10C7300098BF002200F2478310F8011B02EB82022F
:10C7400003EB4202A1F13003092BF5D942EAE2736F
:10C750000393834656E69BF8001048F080084FE6A6
:10C760002B239BF800108DF8373049E69BF800101A
:10C7700048F0010844E69DF837309BF80010002B84
:10C780007FF43EAE20238DF8373039E618F0200FC5
:10C7900000F04D82079B059A1B681A60D2175A60F9
:10C7A000079B0433079308E69BF800106C2903BF2E
:10C7B0009BF8011048F020080BF1010B48F010081D
:10C7C0001EE69BF8001048F0400819E6079B00227F
:10C7D0008DF8372053F8042B079301238DF8482058
:10C7E000019312ACF9E648F0100111F0200200F0BC
:10C7F000DE81079B073323F0070318465A6850F879
:10C80000083B079003980025A8428DF83750C0F2E6
:10C81000A782012553EA020021F0800840F09480AD
:10C820000398002840F09E82002D40F0F38111F023
:10C83000010300F0F88130228DF86F2001930DF193
:10C840006F0434E048F0100111F0200200F0BE81C6
:10C85000079B073323F0070318465A6850F8083B34
:10C86000079003980025A8428DF83750D2DA884601
:10C870004C4603F00701DB0843EA4273D20830312B
:10C8800053EA0205204604F8011DF2D118F0010F09
:10C890006DD030296BD0039A0238302304F8013C64
:10C8A000A9EB00039A42B8BF1A460446019218F059
:10C8B000020206923FF494AE019A023201920222E1
:10C8C00006928DE6079D039B55F8044B00218DF8D9
:10C8D0003710002C00F05E82002BC0F2DF811A4678
:10C8E0002046FBF79DFF002800F06B82031B9DF89C
:10C8F000372023EAE3710191002A00F052820022DE
:10C900000795039215E69BF8001048F0200877E59C
:10C91000079A52F8043B079247F63002ADF83820E8
:10C92000B24A099248F00208002200218DF837101F
:10C93000039900290DDB414653EA02004FF002053E
:10C9400021F080083FF46CAF012D00F05482022DDD
:10C950008ED109984C4603F00F011B09415C04F885
:10C96000011D43EA0273120953EA0201F3D1039A4B
:10C97000A9EB04039A42B8BF1A46019297E70498BC
:10C98000019D451B002D7FF75FAE102D984E23DDD6
:10C9900006945046089C10279A4604E0103D102D3E
:10C9A00000F1080015DD01321031072AC0E90067E7
:10C9B000CDE91021F2DD02990FAA2046FEF7F2FC24
:10C9C00000287FF4F7AD103D102DDDE91021484619
:10C9D000E9DC069C5346824601322944072ACDE908
:10C9E0001021CAF80060CAF8045000F3C58103980A
:10C9F000C51A002D0AF1080A7FF72BAE102D7C4EC8
:10CA000026DD03945046089CB24610271E4604E0DB
:10CA1000103D102D00F1080016DD0132744B10316D
:10CA2000072AC0E90037CDE91021F1DD02990FAAEC
:10CA30002046FEF7B7FC00287FF4BCAD103D102D5A
:10CA4000DDE910214846E8DC039C33465646824621
:10CA500001322944072ACDE91021CAF80060CAF83A
:10CA6000045000F3C9800AF1080AF2E50299089817
:10CA70000FAAFEF797FC00287FF49CAD1199CA46D7
:10CA8000F4E5029908980FAAFEF78CFC00283FF401
:10CA900001AE8FE5102D574E28DDCDE90A745046C2
:10CAA0003746089C029E9A4604E0103D102D00F186
:10CAB000080016DD013210311023072ACDE91021BC
:10CAC00007604360F1DD0FAA31462046FEF76AFC9D
:10CAD00000287FF46FAD103D102DDDE91021484690
:10CAE000E8DC3E460B9C0A9F5346824601322944AD
:10CAF000072ACDE91021CAF80060CAF8045000F3F3
:10CB000021810AF1080A76E5029908980A930FAA8A
:10CB1000FEF748FC00287FF44DADDDE910210A9BAB
:10CB2000CA467CE50299089806930FAAFEF73AFCDC
:10CB300000287FF43FADDDE91021069BCA4680E561
:10CB4000102C109B2B4E1FDD089FDDF80880102550
:10CB500004E0103C102C0AF1080A15DD01331031F5
:10CB6000072BCAE90065CDE91031F2DD0FAA414675
:10CB70003846FEF717FC00287FF41CAD103C102C43
:10CB8000DDE91031CA46E9DC01332144072BCAE94B
:10CB90000064CDE910317FF772AD029908980FAAB1
:10CBA000FEF700FC00287FF405AD119967E50798B2
:10CBB00050F8043B079011F010007FF423AE11F001
:10CBC00040023FF41FAE9BB202461BE6079850F8A6
:10CBD000043B079011F010007FF443AE11F04002C7
:10CBE0003FF43FAE9BB202463BE600BF90E001102F
:10CBF00010080210000802100299089803930FAA67
:10CC0000FEF7D0FB00287FF4D5ACDDE91021039BB3
:10CC1000CA461EE5039B01934C4648E69BF800106C
:10CC20000793FFF7EDBB039A01924C463FE618F0DD
:10CC3000100F38D118F0400F35D0079B059A1B68AC
:10CC40001A80ADE54146D0E54146FDE56B4B0993C1
:10CC500018F020022CD0079B073323F00703184657
:10CC60005A6850F8083B079018F0010F3FF45DAE8A
:10CC700053EA02003FF459AE8DF8391030218DF897
:10CC8000381000218DF837100399002980F28D802B
:10CC900048F002085DE65A4B0993D9E72046F8F7B9
:10CCA0004FFC034623E6079B059A1B681A6077E54D
:10CCB000079850F8043B079018F01000D4D118F0F2
:10CCC00040021CBF9BB20246CEE74E4ECDF804A0F8
:10CCD0004C464FF0050E991841F10001A6FB0107E3
:10CCE00027F0030000EB9700091A581A9A46944659
:10CCF00062F100034FF0CC3202FB00F206FB03228C
:10CD0000A0FB063003F001070244A7FB0E07401802
:10CD1000BAF10A0F4FEA530300F130007CF1000C26
:10CD200043EAC27304F8010D4FEA5202D3D2039AC8
:10CD3000DDF804A0A9EB04039A42B8BF1A46019299
:10CD4000FFF7F4BB029908980A930FAAFEF72AFB93
:10CD500000287FF42FACDDE910210A9BCA464AE483
:10CD60008846BAE4012D7FF4F2AD00253023BBE400
:10CD7000F9F7A2FFFFF7F9BA0299089806930FAAEC
:10CD8000FEF710FB00287FF415ACDDE91021069BAF
:10CD9000CA4659E4062B28BF06231B4C079501936E
:10CDA0001BE4CDE9062503921AE428F0800141F046
:10CDB0000208CEE5029908980FAAFEF7F3FAFFF7EA
:10CDC000F9BB039B93E5002383460393FFF71ABB4C
:10CDD0004FF0FF330593FFF7F2BB302384E4079B4A
:10CDE0009BF8011053F8042B079342EAE272834642
:10CDF0000392FFF705BB00256FE400BF7CE0011044
:10CE000090E00110CDCCCCCCA4E0011010B4044CC7
:10CE100084461346206810BC0A466146FFF798BA5C
:10CE20001800002070B50C468989ADF58D6D21F094
:10CE30000201ADF80C101AA9009104914FF4806121
:10CE400002910591616E1991E189ADF80E10E169C9
:10CE50000791616A09910021069169460646FFF72C
:10CE600077FA051E07DB69463046F9F703F8002814
:10CE700018BF4FF0FF35BDF80C305B0603D5A38912
:10CE800043F04003A38128460DF58D6D70BD00BFB2
:10CE9000FEE700BF81F0004102E000BF83F00043E5
:10CEA00030B54FEA41044FEA430594EA050F08BF45
:10CEB00090EA020F1FBF54EA000C55EA020C7FEA09
:10CEC000645C7FEA655C00F0E2804FEA5454D4EB86
:10CED0005555B8BF6D420CDD2C4480EA020281EA50
:10CEE000030382EA000083EA010180EA020281EA88
:10CEF0000303362D88BF30BD11F0004F4FEA0131DA
:10CF00004FF4801C4CEA113102D0404261EB4101E8
:10CF100013F0004F4FEA03334CEA133302D052426E
:10CF200063EB430394EA050F00F0A780A4F101042A
:10CF3000D5F1200E0DDB02FA0EFC22FA05F2801864
:10CF400041F1000103FA0EF2801843FA05F359414A
:10CF50000EE0A5F120050EF1200E012A03FA0EFCC9
:10CF600028BF4CF0020C43FA05F3C01851EBE371F3
:10CF700001F0004507D54FF0000EDCF1000C7EEB10
:10CF800000006EEB0101B1F5801F1BD3B1F5001F4E
:10CF90000CD349085FEA30004FEA3C0C04F101046D
:10CFA0004FEA445212F5800F80F09A80BCF1004F96
:10CFB00008BF5FEA500C50F1000041EB045141EA18
:10CFC000050130BD5FEA4C0C404141EB0101013CE1
:10CFD00028BFB1F5801FE9D291F0000F04BF0146D0
:10CFE0000020B1FA81F308BF2033A3F10B03B3F1A2
:10CFF00020020CDA0C3208DD02F1140CC2F10C0232
:10D0000001FA0CF021FA02F10CE002F11402D8BF8F
:10D01000C2F1200C01FA02F120FA0CFCDCBF41EA5B
:10D020000C019040E41AA2BF01EB0451294330BD2A
:10D030006FEA04041F3C1CDA0C340EDC04F1140407
:10D04000C4F1200220FA04F001FA02F340EA0300DE
:10D0500021FA04F345EA030130BDC4F10C04C4F124
:10D06000200220FA02F001FA04F340EA0300294604
:10D0700030BD21FA04F0294630BD94F0000F83F44E
:10D08000801306BF81F480110134013D4EE77FEA31
:10D09000645C18BF7FEA655C29D094EA050F08BF7D
:10D0A00090EA020F05D054EA000C04BF194610465E
:10D0B00030BD91EA030F1EBF0021002030BD5FEAA2
:10D0C000545C05D14000494128BF41F0004130BDCA
:10D0D00014F580043CBF01F5801130BD01F000451E
:10D0E00045F0FE4141F470014FF0000030BD7FEA91
:10D0F000645C1ABF194610467FEA655C1CBF0B468C
:10D10000024650EA013406BF52EA033591EA030FA2
:10D1100041F4002130BD00BF90F0000F04BF00219A
:10D12000704730B54FF4806404F132044FF00005CD
:10D130004FF0000150E700BF90F0000F04BF002146
:10D14000704730B54FF4806404F1320410F00045AC
:10D1500048BF40424FF000013EE700BF42004FEAA7
:10D16000E2014FEA31014FEA02701FBF12F07F4324
:10D1700093F07F4F81F06051704732F07F4208BFDB
:10D18000704793F07F4F04BF41F40021704730B5E2
:10D190004FF4607401F0004521F000411CE700BF2E
:10D1A00050EA010208BF704730B54FF000050AE0B1
:10D1B00050EA010208BF704730B511F0004502D5B2
:10D1C000404261EB41014FF4806404F132045FEAB4
:10D1D000915C3FF4D8AE4FF003025FEADC0C18BF5D
:10D1E00003325FEADC0C18BF033202EBDC02C2F14F
:10D1F000200300FA03FC20FA02F001FA03FE40EAE1
:10D200000E0021FA02F11444BDE600BF70B54FF0E4
:10D21000FF0C4CF4E06C1CEA11541DBF1CEA1355C2
:10D2200094EA0C0F95EA0C0F00F0DEF82C4481EA2A
:10D23000030621EA4C5123EA4C5350EA013518BF4A
:10D2400052EA033541F4801143F4801338D0A0FB37
:10D2500002CE4FF00005E1FB02E506F00042E0FBE4
:10D2600003E54FF00006E1FB03569CF0000F18BFEA
:10D270004EF0010EA4F1FF04B6F5007F64F5407492
:10D2800004D25FEA4E0E6D4146EB060642EAC62125
:10D2900041EA55514FEAC52040EA5E504FEACE2E92
:10D2A000B4F1FD0C88BFBCF5E06F1ED8BEF1004F95
:10D2B00008BF5FEA500E50F1000041EB045170BD11
:10D2C00006F0004646EA010140EA020081EA030155
:10D2D000B4EB5C04C2BFD4EB0C0541EA045170BD51
:10D2E00041F480114FF0000E013C00F3AB8014F1CB
:10D2F000360FDEBF002001F0004170BDC4F1000414
:10D30000203C35DA0C341BDC04F11404C4F1200594
:10D3100000FA05F320FA04F001FA05F240EA0200EF
:10D3200001F0004221F0004110EBD37021FA04F625
:10D3300042EB06015EEA430E08BF20EAD37070BDDF
:10D34000C4F10C04C4F1200500FA04F320FA05F03E
:10D3500001FA04F240EA020001F0004110EBD37040
:10D3600041F100015EEA430E08BF20EAD37070BDB0
:10D37000C4F1200500FA05F24EEA020E20FA04F389
:10D3800001FA05F243EA020321FA04F001F0004138
:10D3900021FA04F220EA020000EBD3705EEA430EA9
:10D3A00008BF20EAD37070BD94F0000F0FD101F0D8
:10D3B0000046400041EB010111F4801F08BF013C11
:10D3C000F7D041EA060195F0000F18BF704703F04F
:10D3D0000046520043EB030313F4801F08BF013DD6
:10D3E000F7D043EA0603704794EA0C0F0CEA135592
:10D3F00018BF95EA0C0F0CD050EA410618BF52EA4C
:10D400004306D1D181EA030101F000414FF0000051
:10D4100070BD50EA410606BF1046194652EA43065F
:10D4200019D094EA0C0F02D150EA013613D195EAD3
:10D430000C0F05D152EA03361CBF104619460AD11B
:10D4400081EA030101F0004141F0FE4141F4700125
:10D450004FF0000070BD41F0FE4141F4780170BD15
:10D4600070B54FF0FF0C4CF4E06C1CEA11541DBF7A
:10D470001CEA135594EA0C0F95EA0C0F00F0A7F87C
:10D48000A4EB050481EA030E52EA03354FEA0131A9
:10D4900000F088804FEA03334FF0805545EA1313BC
:10D4A00043EA12634FEA022245EA111545EA106584
:10D4B0004FEA00260EF000419D4208BF964244F11B
:10D4C000FD0404F5407402D25B084FEA3202B61A3A
:10D4D00065EB03055B084FEA32024FF480104FF40E
:10D4E000002CB6EB020E75EB030E22BFB61A754682
:10D4F00040EA0C005B084FEA3202B6EB020E75EB15
:10D50000030E22BFB61A754640EA5C005B084FEA7C
:10D510003202B6EB020E75EB030E22BFB61A754649
:10D5200040EA9C005B084FEA3202B6EB020E75EB54
:10D53000030E22BFB61A754640EADC0055EA060E15
:10D5400018D04FEA051545EA16754FEA06164FEA58
:10D55000C30343EA52734FEAC2025FEA1C1CC0D104
:10D5600011F4801F0BD141EA00014FF000004FF091
:10D57000004CB6E711F4801F04BF01430020B4F152
:10D58000FD0C88BFBCF5E06F3FF6AFAEB5EB030C0A
:10D5900004BFB6EB020C5FEA500C50F1000041EB07
:10D5A000045170BD0EF0004E4EEA113114EB5C04D4
:10D5B000C2BFD4EB0C0541EA045170BD41F48011A7
:10D5C0004FF0000E013C90E645EA060E8DE60CEAAF
:10D5D000135594EA0C0F08BF95EA0C0F3FF43BAFCC
:10D5E00094EA0C0F0AD150EA01347FF434AF95EA83
:10D5F0000C0F7FF425AF104619462CE795EA0C0F67
:10D6000006D152EA03353FF4FDAE1046194622E733
:10D6100050EA410618BF52EA43067FF4C5AE50EA0D
:10D6200041047FF40DAF52EA43057FF4EBAE12E7FD
:10D630004FF0FF3C06E000BF4FF0010C02E000BFDE
:10D640004FF0010C4DF804CD4FEA410C7FEA6C5CC1
:10D650004FEA430C18BF7FEA6C5C1BD001B050EA64
:10D66000410C0CBF52EA430C91EA030F02BF90EA4F
:10D67000020F0020704710F1000F91EA030F58BF0E
:10D68000994208BF90422CBFD8176FEAE37040F070
:10D69000010070474FEA410C7FEA6C5C02D150EA0E
:10D6A000013C07D14FEA430C7FEA6C5CD6D152EAC9
:10D6B000033CD3D05DF8040B704700BF844610468E
:10D6C00062468C461946634600E000BF01B5FFF78D
:10D6D000B7FF002848BF10F1000F01BD4DF808ED5D
:10D6E000FFF7F4FF0CBF012000205DF808FB00BF2E
:10D6F0004DF808EDFFF7EAFF34BF012000205DF888
:10D7000008FB00BF4DF808EDFFF7E0FF94BF0120D4
:10D7100000205DF808FB00BF4DF808EDFFF7CEFFD5
:10D7200094BF012000205DF808FB00BF4DF808ED14
:10D73000FFF7C4FF34BF012000205DF808FB00BFE5
:10D740004FEA410C7FEA6C5C02D150EA013C0AD1FD
:10D750004FEA430C7FEA6C5C02D152EA033C02D1EF
:10D760004FF0000070474FF0010070474FEA410250
:10D7700012F5001215D211D56FF47873B3EB625223
:10D7800012D94FEAC12343F0004343EA505311F04A
:10D79000004F23FA02F018BF404270474FF00000DC
:10D7A000704750EA013005D111F0004008BF6FF01A
:10D7B000004070474FF00000704700BF53B94AB9AE
:10D7C000002908BF00281CBF4FF0FF314FF0FF3089
:10D7D00000F06AB9ADF1080C6DE904CE00F006F86E
:10D7E000DDF804E0DDE9022304B070472DE9F047DD
:10D7F000089D0E4604460F46002B4AD194468C45A0
:10D80000B2FA82F260D942B1C2F12003974020FA05
:10D8100003F30CFA02FC1F4394404FEA1C4E1FFA1C
:10D820008CF6B7FBFEF1230C0EFB117743EA07439E
:10D8300001FB06F098420AD91CEB030301F1FF3704
:10D8400080F01581984240F21281023963441B1A1C
:10D85000A4B2B3FBFEF00EFB103344EA034400FB1A
:10D8600006F6A6420AD91CEB040400F1FF3380F04F
:10D870000081A64240F2FD806444023840EA014043
:10D88000A41B00211DB1D4400023C5E90043BDE81D
:10D89000F0878B4205D90DB1C5E90001002108468A
:10D8A000F5E7B3FA83F1002946D1B34202D38242AD
:10D8B00000F2F580841A66EB030201201746002D62
:10D8C000E5D0C5E90047E2E7002A40F09380A1EBEC
:10D8D0000C034FEA1C471FFA8CFE0121B3FBF7F63D
:10D8E00007FB1630230C43EA00430EFB06F0984278
:10D8F00008D91CEB030306F1FF3802D2984200F26C
:10D90000D08046461B1AA4B2B3FBF7F007FB1033D6
:10D9100044EA03440EFB00FEA64508D91CEB0404B0
:10D9200000F1FF3302D2A64500F2B6801846A4EB00
:10D930000E0440EA0640A5E7C1F120078B4022FA19
:10D9400007FC4CEA030C06FA01FE20FA07F426FA5B
:10D9500007F344EA0E0400FA01F84FEA1C404FEACC
:10D960001449B3FBF0FE1FFA8CF600FB1E3349EAA4
:10D9700003430EFB06F9994502FA01F20BD91CEBA1
:10D9800003030EF1FF3A80F08580994540F28280D2
:10D99000AEF1020E6344A3EB0909A4B2B9FBF0F3A4
:10D9A00000FB139944EA094403FB06F6A64208D992
:10D9B0001CEB040403F1FF3068D2A64266D9023B97
:10D9C000644443EA0E40A41BA0FB02E6B442734643
:10D9D000B14652D34FD05DB1B8EB030264EB0904FA
:10D9E00004FA07F722FA01F31F43CC40C5E900749B
:10D9F00000214CE7C2F1200120FA01F30CFA02FCED
:10DA000026FA01F1964033434FEA1C471FFA8CFE79
:10DA1000B1FBF7F007FB1016190C41EA064100FBB9
:10DA20000EF68E4204FA02F408D91CEB010100F153
:10DA3000FF382DD28E422BD902386144891B9BB20C
:10DA4000B1FBF7F607FB161143EA014306FB0EF1A3
:10DA5000994208D91CEB030306F1FF3814D299420E
:10DA600012D9023E63445B1A46EA004136E7394662
:10DA7000EDE6184602E7F045ADD2BEEB020366EBD9
:10DA80000C060138B146A6E74646ECE7034698E7A0
:10DA90004046D3E7D6467EE76444023847E7084667
:10DAA0000DE7023E63442DE7704700BF2B632B3A1E
:10DAB000205B00002B732B3A202B0000426F6F7409
:10DAC000205265666572656E636520466C61673AD3
:10DAD0002025730A000000004661696C65642074AB
:10DAE0006F2061757468656E746963617465207315
:10DAF0007562736372697074696F6E210000000053
:10DB00004661696C656420746F2064656372797026
:10DB10007420737562736372697074696F6E21002B
:10DB20004661696C656420746F207570646174650A
:10DB300020737562736372697074696F6E202D2033
:10DB400063616E6E6F742073756273637269626570
:10DB500020746F20656D657267656E6379206368F8
:10DB6000616E6E656C0A0000537562736372697052
:10DB700074696F6E2076616C69646174696F6E2080
:10DB80006661696C65640A004661696C656420744D
:10DB90006F20757064617465207375627363726958
:10DBA0007074696F6E202D206D61782073756273BB
:10DBB0006372697074696F6E7320696E7374616CDF
:10DBC0006C65640A000000004661696C656420743D
:10DBD0006F20757064617465207375627363726918
:10DBE0007074696F6E202D206368616E6E656C20A5
:10DBF0006E6F7420616C6C6F7765640A00000000C2
:10DC00004661696C656420746F2061757468656E27
:10DC100074696361746521004661696C6564207490
:10DC20006F2064656372797074210000496E7661BB
:10DC30006C6964206368616E6E656C2069642100A4
:10DC400054696D657374616D702076616C6964618F
:10DC500074696F6E206661696C65640054696D65F6
:10DC60007374616D70206973206E6F7420696E63C8
:10DC700072656173696E6721000000004368656327
:10DC80006B696E6720737562736372697074696F14
:10DC90006E0A0000537562736372697074696F6E07
:10DCA0002056616C69640A004465636F6465206C8A
:10DCB0006174656E63793A202575206379636C65BC
:10DCC000730A0000526563656976696E6720756E38
:10DCD00073756273637269626564206368616E6EF6
:10DCE000656C20646174612E202025750A00000097
:10DCF000466972737420626F6F742E2020536574AE
:10DD000074696E6720666C6173682E2E2E0A00009F
:10DD1000207B2B632B3A205B312C20332C20345D6D
:10DD20002C202B732B3A202B303263343963643927
:10DD300031366531333063363232376437326638E4
:10DD4000396436363964313633303562636466653A
:10DD50003836336365393430643034616432663563
:10DD6000656530316530663032393637623936357F
:10DD700030613662653564366430396662623135E9
:10DD800035633032636364352B7D20004465636FF7
:10DD900064657220426F6F746564210A00000000A0
:10DDA00052656164790A00004661696C656420749B
:10DDB0006F207265636569766520636D64206672A5
:10DDC0006F6D20686F73740A00000000496E766101
:10DDD0006C696420436F6D6D616E643A2025630A3F
:10DDE00000000000202D3E20496E7465727275702F
:10DDF00074212028466C61736820616363657373C6
:10DE0000206661696C757265290A00004572726F3F
:10DE10007220696E697469616C697A696E672055F0
:10DE20004152543A2025640A000000004D58435FD7
:10DE3000415353455254202573202325643A20280A
:10DE40002573290A000000002F726F6F742F6D7305
:10DE5000646B2D323032345F30322F4C6962726124
:10DE6000726965732F426F617264732F4D41583729
:10DE7000383030302F465448525F526576412F5328
:10DE80006F757263652F626F6172642E63000000AC
:10DE90004641494C000000002F726F6F742F6D7364
:10DEA000646B2D323032345F30322F4C69627261D4
:10DEB000726965732F4D6973634472697665727315
:10DEC0002F4C45442F6C65642E63000069647820F4
:10DED0003C206E756D5F6C65647300002F726F6F10
:10DEE000742F6D73646B2D323032345F30322F4CAF
:10DEF00069627261726965732F434D5349532F2EC6
:10DF00002E2F506572697068447269766572732F3E
:10DF1000536F757263652F544D522F746D725F612C
:10DF20006938352E63000000746D725F6964203EAD
:10DF30003D2030002F726F6F742F6D73646B2D3224
:10DF40003032345F30322F4C6962726172696573AE
:10DF50002F434D5349532F2E2E2F506572697068F1
:10DF6000447269766572732F536F757263652F54AF
:10DF70004D522F746D725F726576622E63000000E1
:10DF80002F726F6F742F6D73646B2D323032345F6C
:10DF900030322F4C69627261726965732F434D5341
:10DFA00049532F2E2E2F506572697068447269761E
:10DFB0006572732F536F757263652F554152542FDD
:10DFC000756172745F726576622E63004D58435FAF
:10DFD000554152545F4745545F49445828286D784D
:10DFE000635F756172745F726567735F74202A295D
:10DFF0007561727429203E3D203000002F726F6FD2
:10E00000742F6D73646B2D323032345F30322F4C8D
:10E0100069627261726965732F434D5349532F2EA4
:10E020002E2F506572697068447269766572732F1D
:10E03000536F757263652F4750494F2F6770696F33
:10E040005F636F6D6D6F6E2E63000000706F727492
:10E05000203C204D58435F4346475F4750494F5F40
:10E06000494E5354414E434553000000494E46002B
:10E07000696E66004E414E006E616E003031323383
:10E0800034353637383941424344454600000000B4
:10E09000303132333435363738396162636465661E
:10E0A00000000000286E756C6C2900003000000034
:10E0B000496E66696E697479000000004E614E0019
:10E0C00042616C6C6F63207375636365656465643E
:10E0D000000000002E2E2F2E2E2F2E2E2F2E2E2F14
:10E0E0002E2E2F2E2E2F6E65776C69622F6C696233
:10E0F000632F7374646C69622F64746F612E6300A4
:10E100002C2066756E6374696F6E3A200000000003
:10E11000617373657274696F6E20222573222066A5
:10E1200061696C65643A2066696C652022257322FA
:10E130002C206C696E65202564257325730A000008
:10E140002E2E2F2E2E2F2E2E2F2E2E2F2E2E2F2EEA
:10E150002E2F6E65776C69622F6C6962632F737402
:10E16000646C69622F6D707265632E63000000003D
:10E1700043000000504F5349580000002E0000009B
:10E1800098E7380114BBCD0276F3F901DACF3B02F0
:10E190004405D901D2D2CA012C0E86002C0E86006D
:10E1A00076F3F9010CBE5C02B4821C0156FF350007
:10E1B0004050930390EAC700DACF3B02EE6DAE0108
:10E1C00056FF350098E73801F66A1F0290EAC7004B
:10E1D00090EAC70056FF3500D2D2CA0156FF35007B
:10E1E0003056B10238532203C83144000000000009
:10E1F000B6E4FF01AC9830000161F502BB381A01AA
:10E2000024514800A7441601E8743C00E8743C001F
:10E210000161F50298A42C00BC270100B190E50231
:10E22000DA67D401A2F0FB01BB381A01AD2BB202B0
:10E23000B190E502B6E4FF01C11FB602A2F0FB01F6
:10E24000A2F0FB01B190E502A7441601B190E502EE
:10E25000B27FCC01C673D0012E9D170200000000D2
:10E2600052096AD53036A538BF40A39E81F3D7FB4B
:10E270007CE339829B2FFF87348E4344C4DEE9CB95
:10E28000547B9432A6C2233DEE4C950B42FAC34E0A
:10E29000082EA16628D924B2765BA2496D8BD125C0
:10E2A00072F8F66486689816D4A45CCC5D65B69264
:10E2B0006C704850FDEDB9DA5E154657A78D9D8408
:10E2C00090D8AB008CBCD30AF7E45805B8B3450628
:10E2D000D02C1E8FCA3F0F02C1AFBD0301138A6B42
:10E2E0003A9111414F67DCEA97F2CFCEF0B4E67372
:10E2F00096AC7422E7AD3585E2F937E81C75DF6E20
:10E3000047F11A711D29C5896FB7620EAA18BE1B85
:10E31000FC563E4BC6D279209ADBC0FE78CD5AF42B
:10E320001FDDA8338807C731B11210592780EC5F71
:10E3300060517FA919B54A0D2DE57A9F93C99CEFCD
:10E34000A0E03B4DAE2AF5B0C8EBBB3C83539961CE
:10E35000172B047EBA77D626E169146355210C7D0C
:10E3600050A7F4515365417EC3A4171A965E273A0D
:10E37000CB6BAB3BF1459D1FAB58FAAC9303E34B22
:10E3800055FA3020F66D76AD9176CC88254C02F5A5
:10E39000FCD7E54FD7CB2AC5804435268FA362B57D
:10E3A000495AB1DE671BBA25980EEA45E1C0FE5D09
:10E3B00002752FC312F04C81A397468DC6F9D36B1B
:10E3C000E75F8F03959C9215EB7A6DBFDA595295F2
:10E3D0002D83BED4D32174582969E04944C8C98E1D
:10E3E0006A89C27578798EF46B3E5899DD71B927C8
:10E3F000B64FE1BE17AD88F066AC20C9B43ACE7D09
:10E40000184ADF6382311AE560335197457F5362C2
:10E41000E07764B184AE6BBB1CA081FE942B08F93D
:10E420005868487019FD458F876CDE94B7F87B52A9
:10E4300023D373ABE2024B72578F1FE32AAB5566AF
:10E440000728EBB203C2B52F9A7BC586A50837D340
:10E45000F2872830B2A5BF23BA6A03025C8216EDA8
:10E460002B1CCF8A92B479A7F0F207F3A1E2694E90
:10E47000CDF4DA65D5BE05061F6234D18AFEA6C486
:10E480009D532E34A055F3A232E18A0575EBF6A414
:10E4900039EC830BAAEF6040069F715E51106EBD90
:10E4A000F98A213E3D06DD96AE053EDD46BDE64DD0
:10E4B000B58D5491055DC4716FD40604FF1550608D
:10E4C00024FB981997E9BDD6CC434089779ED9673C
:10E4D000BD42E8B0888B8907385B19E7DBEEC87965
:10E4E000470A7CA1E90F427CC91E84F800000000A5
:10E4F0008386800948ED2B32AC70111E4E725A6C27
:10E50000FBFF0EFD5638850F1ED5AE3D27392D3643
:10E5100064D90F0A21A65C68D1545B9B3A2E36243D
:10E52000B1670A0C0FE75793D296EEB49E919B1BEE
:10E530004FC5C080A220DC61694B775A161A121CA5
:10E540000ABA93E2E52AA0C043E0223C1D171B1241
:10E550000B0D090EADC78BF2B9A8B62DC8A91E14B4
:10E560008519F1574C0775AFBBDD99EEFD607FA3B0
:10E570009F2601F7BCF5725CC53B6644347EFB5BAD
:10E580007629438BDCC623CB68FCEDB663F1E4B897
:10E59000CADC31D710856342402297132011C6840C
:10E5A0007D244A85F83DBBD21132F9AE6DA129C751
:10E5B0004B2F9E1DF330B2DCEC52860DD0E3C177B9
:10E5C0006C16B32B99B970A9FA4894112264E947E3
:10E5D000C48CFCA81A3FF0A0D82C7D56EF903322B3
:10E5E000C74E4987C1D138D9FEA2CA8C360BD49800
:10E5F000CF81F5A628DE7AA5268EB7DAA4BFAD3F77
:10E60000E49D3A2C0D9278509BCC5F6A62467E5412
:10E61000C2138DF6E8B8D8905EF7392EF5AFC382F5
:10E62000BE805D9F7C93D069A92DD56FB31225CF95
:10E630003B99ACC8A77D18106E639CE87BBB3BDBA5
:10E64000097826CDF418596E01B79AECA89A4F8331
:10E65000656E95E67EE6FFAA08CFBC21E6E815EFD9
:10E66000D99BE7BACE366F4AD4099FEAD67CB02947
:10E67000AFB2A43131233F2A3094A5C6C066A2357B
:10E6800037BC4E74A6CA82FCB0D090E015D8A73330
:10E690004A9804F1F7DAEC410E50CD7F2FF691172E
:10E6A0008DD64D764DB0EF43544DAACCDF0496E4A1
:10E6B000E3B5D19E1B886A4CB81F2CC17F516546BB
:10E6C00004EA5E9D5D358C01737487FA2E410BFB65
:10E6D0005A1D67B352D2DB92335610E91347D66DF9
:10E6E0008C61D79A7A0CA1378E14F859893C13EBB8
:10E6F000EE27A9CE35C961B7EDE51CE13CB1477AFB
:10E7000059DFD29C3F73F25579CE1418BF37C773C7
:10E71000EACDF7535BAAFD5F146F3DDF86DB4478DB
:10E7200081F3AFCA3EC468B92C3424385F40A3C219
:10E7300072C31D160C25E2BC8B493C2841950DFF88
:10E740007101A839DEB30C089CE4B4D890C15664BA
:10E750006184CB7B70B632D5745C6C484257B8D0BC
:10E76000A7F4515065417E53A4171AC35E273A9609
:10E770006BAB3BCB459D1FF158FAACAB03E34B931E
:10E78000FA3020556D76ADF676CC88914C02F525A1
:10E79000D7E54FFCCB2AC5D744352680A362B58F79
:10E7A0005AB1DE491BBA25670EEA4598C0FE5DE105
:10E7B000752FC302F04C811297468DA3F9D36BC617
:10E7C0005F8F03E79C9215957A6DBFEB595295DAEE
:10E7D00083BED42D217458D369E04929C8C98E4419
:10E7E00089C2756A798EF4783E58996B71B927DDC4
:10E7F0004FE1BEB6AD88F017AC20C9663ACE7DB405
:10E800004ADF6318311AE582335197607F536245BE
:10E810007764B1E0AE6BBB84A081FE1C2B08F99439
:10E8200068487058FD458F196CDE9487F87B52B7A5
:10E83000D373AB23024B72E28F1FE357AB55662AAB
:10E8400028EBB207C2B52F037BC5869A0837D3A53C
:10E85000872830F2A5BF23B26A0302BA8216ED5CA4
:10E860001CCF8A2BB479A792F207F3F0E2694EA18C
:10E87000F4DA65CDBE0506D56234D11FFEA6C48A82
:10E88000532E349D55F3A2A0E18A0532EBF6A47510
:10E89000EC830B39EF6040AA9F715E06106EBD518C
:10E8A0008A213EF906DD963D053EDDAEBDE64D46CC
:10E8B0008D5491B55DC47105D406046F155060FF89
:10E8C000FB981924E9BDD697434089CC9ED9677738
:10E8D00042E8B0BD8B8907885B19E738EEC879DB61
:10E8E0000A7CA1470F427CE91E84F8C900000000A1
:10E8F00086800983ED2B324870111EAC725A6C4E23
:10E90000FF0EFDFB38850F56D5AE3D1E392D36273F
:10E91000D90F0A64A65C6821545B9BD12E36243A39
:10E92000670A0CB1E757930F96EEB4D2919B1B9EEA
:10E93000C5C0804F20DC61A24B775A691A121C16A1
:10E94000BA93E20A2AA0C0E5E0223C43171B121D3D
:10E950000D090E0BC78BF2ADA8B62DB9A91E14C8B0
:10E9600019F157850775AF4CDD99EEBB607FA3FDAC
:10E970002601F79FF5725CBC3B6644C57EFB5B34A9
:10E9800029438B76C623CBDCFCEDB668F1E4B86393
:10E99000DC31D7CA856342102297134011C6842008
:10E9A000244A857D3DBBD2F832F9AE11A129C76D4D
:10E9B0002F9E1D4B30B2DCF352860DECE3C177D0B5
:10E9C00016B32B6CB970A999489411FA64E94722DF
:10E9D0008CFCA8C43FF0A01A2C7D56D8903322EFAF
:10E9E0004E4987C7D138D9C1A2CA8CFE0BD49836FC
:10E9F00081F5A6CFDE7AA5288EB7DA26BFAD3FA473
:10EA00009D3A2CE49278500DCC5F6A9B467E54620E
:10EA1000138DF6C2B8D890E8F7392E5EAFC382F5F1
:10EA2000805D9FBE93D0697C2DD56FA91225CFB391
:10EA300099ACC83B7D1810A7639CE86EBB3BDB7BA1
:10EA40007826CD0918596EF4B79AEC019A4F83A82D
:10EA50006E95E665E6FFAA7ECFBC2108E815EFE6D5
:10EA60009BE7BAD9366F4ACE099FEAD47CB029D643
:10EA7000B2A431AF233F2A3194A5C63066A235C077
:10EA8000BC4E7437CA82FCA6D090E0B0D8A733152C
:10EA90009804F14ADAEC41F750CD7F0EF691172F2A
:10EAA000D64D768DB0EF434D4DAACC540496E4DF9D
:10EAB000B5D19EE3886A4C1B1F2CC1B85165467FB7
:10EAC000EA5E9D04358C015D7487FA73410BFB2E61
:10EAD0001D67B35AD2DB92525610E93347D66D13F5
:10EAE00061D79A8C0CA1377A14F8598E3C13EB89B4
:10EAF00027A9CEEEC961B735E51CE1EDB1477A3CF7
:10EB0000DFD29C5973F2553FCE14187937C773BFC3
:10EB1000CDF753EAAAFD5F5B6F3DDF14DB447886D7
:10EB2000F3AFCA81C468B93E3424382C40A3C25F15
:10EB3000C31D167225E2BC0C493C288B950DFF4184
:10EB400001A83971B30C08DEE4B4D89CC1566490B6
:10EB500084CB7B61B632D5705C6C487457B8D042B8
:10EB6000F45150A7417E5365171AC3A4273A965E05
:10EB7000AB3BCB6B9D1FF145FAACAB58E34B93031A
:10EB8000302055FA76ADF66DCC88917602F5254C9D
:10EB9000E54FFCD72AC5D7CB3526804462B58FA375
:10EBA000B1DE495ABA25671BEA45980EFE5DE1C001
:10EBB0002FC302754C8112F0468DA397D36BC6F913
:10EBC0008F03E75F9215959C6DBFEB7A5295DA59EA
:10EBD000BED42D837458D321E0492969C98E44C815
:10EBE000C2756A898EF4787958996B3EB927DD71C0
:10EBF000E1BEB64F88F017AD20C966ACCE7DB43A01
:10EC0000DF63184A1AE58231519760335362457FBA
:10EC100064B1E0776BBB84AE81FE1CA008F9942B35
:10EC200048705868458F19FDDE94876C7B52B7F8A1
:10EC300073AB23D34B72E2021FE3578F55662AABA7
:10EC4000EBB20728B52F03C2C5869A7B37D3A50838
:10EC50002830F287BF23B2A50302BA6A16ED5C82A0
:10EC6000CF8A2B1C79A792B407F3F0F2694EA1E288
:10EC7000DA65CDF40506D5BE34D11F62A6C48AFE7E
:10EC80002E349D53F3A2A0558A0532E1F6A475EB0C
:10EC9000830B39EC6040AAEF715E069F6EBD511088
:10ECA000213EF98ADD963D063EDDAE05E64D46BDC8
:10ECB0005491B58DC471055D06046FD45060FF1585
:10ECC000981924FBBDD697E94089CC43D967779E34
:10ECD000E8B0BD428907888B19E7385BC879DBEE5D
:10ECE0007CA1470A427CE90F84F8C91E000000009D
:10ECF000800983862B3248ED111EAC705A6C4E721F
:10ED00000EFDFBFF850F5638AE3D1ED52D3627393B
:10ED10000F0A64D95C6821A65B9BD15436243A2E35
:10ED20000A0CB16757930FE7EEB4D2969B1B9E91E6
:10ED3000C0804FC5DC61A220775A694B121C161A9D
:10ED400093E20ABAA0C0E52A223C43E01B121D1739
:10ED5000090E0B0D8BF2ADC7B62DB9A81E14C8A9AC
:10ED6000F157851975AF4C0799EEBBDD7FA3FD60A8
:10ED700001F79F26725CBCF56644C53BFB5B347EA5
:10ED8000438B762923CBDCC6EDB668FCE4B863F18F
:10ED900031D7CADC6342108597134022C684201104
:10EDA0004A857D24BBD2F83DF9AE113229C76DA149
:10EDB0009E1D4B2FB2DCF330860DEC52C177D0E3B1
:10EDC000B32B6C1670A999B99411FA48E9472264DB
:10EDD000FCA8C48CF0A01A3F7D56D82C3322EF90AB
:10EDE0004987C74E38D9C1D1CA8CFEA2D498360BF8
:10EDF000F5A6CF817AA528DEB7DA268EAD3FA4BF6F
:10EE00003A2CE49D78500D925F6A9BCC7E5462460A
:10EE10008DF6C213D890E8B8392E5EF7C382F5AFED
:10EE20005D9FBE80D0697C93D56FA92D25CFB3128D
:10EE3000ACC83B991810A77D9CE86E633BDB7BBB9D
:10EE400026CD0978596EF4189AEC01B74F83A89A29
:10EE500095E6656EFFAA7EE6BC2108CF15EFE6E8D1
:10EE6000E7BAD99B6F4ACE369FEAD409B029D67C3F
:10EE7000A431AFB23F2A3123A5C63094A235C06673
:10EE80004E7437BC82FCA6CA90E0B0D0A73315D828
:10EE900004F14A98EC41F7DACD7F0E5091172FF626
:10EEA0004D768DD6EF434DB0AACC544D96E4DF0499
:10EEB000D19EE3B56A4C1B882CC1B81F65467F51B3
:10EEC0005E9D04EA8C015D3587FA73740BFB2E415D
:10EED00067B35A1DDB9252D210E93356D66D1347F1
:10EEE000D79A8C61A1377A0CF8598E1413EB893CB0
:10EEF000A9CEEE2761B735C91CE1EDE5477A3CB1F3
:10EF0000D29C59DFF2553F73141879CEC773BF37BF
:10EF1000F753EACDFD5F5BAA3DDF146F447886DBD3
:10EF2000AFCA81F368B93EC424382C34A3C25F4011
:10EF30001D1672C3E2BC0C253C288B490DFF419580
:10EF4000A83971010C08DEB3B4D89CE4566490C1B2
:10EF5000CB7B618432D570B66C48745CB8D04257B4
:10EF60005150A7F47E5365411AC3A4173A965E2701
:10EF70003BCB6BAB1FF1459DACAB58FA4B9303E316
:10EF80002055FA30ADF66D76889176CCF5254C0299
:10EF90004FFCD7E5C5D7CB2A26804435B58FA36271
:10EFA000DE495AB125671BBA45980EEA5DE1C0FEFD
:10EFB000C302752F8112F04C8DA397466BC6F9D30F
:10EFC00003E75F8F15959C92BFEB7A6D95DA5952E6
:10EFD000D42D83BE58D32174492969E08E44C8C911
:10EFE000756A89C2F478798E996B3E5827DD71B9BC
:10EFF000BEB64FE1F017AD88C966AC207DB43ACEFD
:10F0000063184ADFE582311A9760335162457F53B6
:10F01000B1E07764BB84AE6BFE1CA081F9942B0831
:10F02000705868488F19FD4594876CDE52B7F87B9D
:10F03000AB23D37372E2024BE3578F1F662AAB55A3
:10F04000B20728EB2F03C2B5869A7BC5D3A5083734
:10F0500030F2872823B2A5BF02BA6A03ED5C82169C
:10F060008A2B1CCFA792B479F3F0F2074EA1E26984
:10F0700065CDF4DA06D5BE05D11F6234C48AFEA67A
:10F08000349D532EA2A055F30532E18AA475EBF608
:10F090000B39EC8340AAEF605E069F71BD51106E84
:10F0A0003EF98A21963D06DDDDAE053E4D46BDE6C4
:10F0B00091B58D5471055DC4046FD40660FF155081
:10F0C0001924FB98D697E9BD89CC434067779ED930
:10F0D000B0BD42E807888B89E7385B1979DBEEC859
:10F0E000A1470A7C7CE90F42F8C91E840000000099
:10F0F000098386803248ED2B1EAC70116C4E725A1B
:10F10000FDFBFF0E0F5638853D1ED5AE3627392D37
:10F110000A64D90F6821A65C9BD1545B243A2E3631
:10F120000CB1670A930FE757B4D296EE1B9E919BE2
:10F13000804FC5C061A220DC5A694B771C161A1299
:10F14000E20ABA93C0E52AA03C43E022121D171B35
:10F150000E0B0D09F2ADC78B2DB9A8B614C8A91EA8
:10F16000578519F1AF4C0775EEBBDD99A3FD607FA4
:10F17000F79F26015CBCF57244C53B665B347EFBA1
:10F180008B762943CBDCC623B668FCEDB863F1E48B
:10F19000D7CADC314210856313402297842011C600
:10F1A000857D244AD2F83DBBAE1132F9C76DA12945
:10F1B0001D4B2F9EDCF330B20DEC528677D0E3C1AD
:10F1C0002B6C16B3A999B97011FA4894472264E9D7
:10F1D000A8C48CFCA01A3FF056D82C7D22EF9033A7
:10F1E00087C74E49D9C1D1388CFEA2CA98360BD4F4
:10F1F000A6CF81F5A528DE7ADA268EB73FA4BFAD6B
:10F200002CE49D3A500D92786A9BCC5F5462467E06
:10F21000F6C2138D90E8B8D82E5EF73982F5AFC3E9
:10F220009FBE805D697C93D06FA92DD5CFB3122589
:10F23000C83B99AC10A77D18E86E639CDB7BBB3B99
:10F24000CD0978266EF41859EC01B79A83A89A4F25
:10F25000E6656E95AA7EE6FF2108CFBCEFE6E815CD
:10F26000BAD99BE74ACE366FEAD4099F29D67CB03B
:10F2700031AFB2A42A31233FC63094A535C066A26F
:10F280007437BC4EFCA6CA82E0B0D0903315D8A724
:10F29000F14A980441F7DAEC7F0E50CD172FF69122
:10F2A000768DD64D434DB0EFCC544DAAE4DF049695
:10F2B0009EE3B5D14C1B886AC1B81F2C467F5165AF
:10F2C0009D04EA5E015D358CFA737487FB2E410B59
:10F2D000B35A1D679252D2DBE93356106D1347D6ED
:10F2E0009A8C61D7377A0CA1598E14F8EB893C13AC
:10F2F000CEEE27A9B735C961E1EDE51C7A3CB147EF
:10F300009C59DFD2553F73F21879CE1473BF37C7BB
:10F3100053EACDF75F5BAAFDDF146F3D7886DB44CF
:10F32000CA81F3AFB93EC468382C3424C25F40A30D
:10F330001672C31DBC0C25E2288B493CFF41950D7C
:10F34000397101A808DEB30CD89CE4B46490C156AE
:10F350007B6184CBD570B63248745C6CD04257B8B0
:10F36000A56363C6847C7CF8997777EE8D7B7BF60A
:10F370000DF2F2FFBD6B6BD6B16F6FDE54C5C59158
:10F380005030306003010102A96767CE7D2B2B56F8
:10F3900019FEFEE762D7D7B5E6ABAB4D9A7676ECB1
:10F3A00045CACA8F9D82821F40C9C989877D7DFA5F
:10F3B00015FAFAEFEB5959B2C947478E0BF0F0FB3B
:10F3C000ECADAD4167D4D4B3FDA2A25FEAAFAF45C7
:10F3D000BF9C9C23F7A4A453967272E45BC0C09BAD
:10F3E000C2B7B7751CFDFDE1AE93933D6A26264C6E
:10F3F0005A36366C413F3F7E02F7F7F54FCCCC834F
:10F400005C343468F4A5A55134E5E5D108F1F1F98F
:10F41000937171E273D8D8AB533131623F15152A1D
:10F420000C04040852C7C795652323465EC3C39DD9
:10F4300028181830A19696370F05050AB59A9A2F05
:10F440000907070E361212249B80801B3DE2E2DF83
:10F4500026EBEBCD6927274ECDB2B27F9F7575EABB
:10F460001B0909129E83831D742C2C582E1A1A34E2
:10F470002D1B1B36B26E6EDCEE5A5AB4FBA0A05B9D
:10F48000F65252A44D3B3B7661D6D6B7CEB3B37D90
:10F490007B2929523EE3E3DD712F2F5E978484138D
:10F4A000F55353A668D1D1B9000000002CEDEDC191
:10F4B000602020401FFCFCE3C8B1B179ED5B5BB676
:10F4C000BE6A6AD446CBCB8DD9BEBE674B39397282
:10F4D000DE4A4A94D44C4C98E85858B04ACFCF856D
:10F4E0006BD0D0BB2AEFEFC5E5AAAA4F16FBFBED08
:10F4F000C5434386D74D4D9A553333669485851160
:10F50000CF45458A10F9F9E906020204817F7FFEA2
:10F51000F05050A0443C3C78BA9F9F25E3A8A84BEC
:10F52000F35151A2FEA3A35DC04040808A8F8F0596
:10F53000AD92923FBC9D9D214838387004F5F5F19D
:10F54000DFBCBC63C1B6B67775DADAAF632121429E
:10F55000301010201AFFFFE50EF3F3FD6DD2D2BF7D
:10F560004CCDCD81140C0C18351313262FECECC3A5
:10F57000E15F5FBEA2979735CC4444883917172EB8
:10F5800057C4C493F2A7A755827E7EFC473D3D7ABF
:10F59000AC6464C8E75D5DBA2B191932957373E6E4
:10F5A000A06060C098818119D14F4F9E7FDCDCA3A1
:10F5B000662222447E2A2A54AB90903B8388880B93
:10F5C000CA46468C29EEEEC7D3B8B86B3C14142853
:10F5D00079DEDEA7E25E5EBC1D0B0B1676DBDBADD3
:10F5E0003BE0E0DB563232644E3A3A741E0A0A14AB
:10F5F000DB4949920A06060C6C242448E45C5CB89A
:10F600005DC2C29F6ED3D3BDEFACAC43A66262C4F1
:10F61000A8919139A495953137E4E4D38B7979F2A7
:10F6200032E7E7D543C8C88B5937376EB76D6DDA07
:10F630008C8D8D0164D5D5B1D24E4E9CE0A9A949DF
:10F64000B46C6CD8FA5656AC07F4F4F325EAEACF5A
:10F65000AF6565CA8E7A7AF4E9AEAE47180808102D
:10F66000D5BABA6F887878F06F25254A722E2E5C4D
:10F67000241C1C38F1A6A657C7B4B47351C6C6974C
:10F6800023E8E8CB7CDDDDA19C7474E8211F1F3EDC
:10F69000DD4B4B96DCBDBD61868B8B0D858A8A0F59
:10F6A000907070E0423E3E7CC4B5B571AA6666CCEF
:10F6B000D84848900503030601F6F6F7120E0E1C13
:10F6C000A36161C25F35356AF95757AED0B9B969E0
:10F6D0009186861758C1C199271D1D3AB99E9E274C
:10F6E00038E1E1D913F8F8EBB398982B33111122D4
:10F6F000BB6969D270D9D9A9898E8E07A794943332
:10F70000B69B9B2D221E1E3C9287871520E9E9C9D6
:10F7100049CECE87FF5555AA782828507ADFDFA535
:10F720008F8C8C03F8A1A15980898909170D0D1AB6
:10F73000DABFBF6531E6E6D7C6424284B86868D012
:10F74000C3414182B0999929772D2D5A110F0F1E6F
:10F75000CBB0B07BFC5454A8D6BBBB6D3A16162C6C
:10F760006363C6A57C7CF8847777EE997B7BF68D06
:10F77000F2F2FF0D6B6BD6BD6F6FDEB1C5C5915454
:10F7800030306050010102036767CEA92B2B567DF4
:10F79000FEFEE719D7D7B562ABAB4DE67676EC9AAD
:10F7A000CACA8F4582821F9DC9C989407D7DFA875B
:10F7B000FAFAEF155959B2EB47478EC9F0F0FB0B37
:10F7C000ADAD41ECD4D4B367A2A25FFDAFAF45EAC3
:10F7D0009C9C23BFA4A453F77272E496C0C09B5BA9
:10F7E000B7B775C2FDFDE11C93933DAE26264C6A6A
:10F7F00036366C5A3F3F7E41F7F7F502CCCC834F4B
:10F800003434685CA5A551F4E5E5D134F1F1F9088B
:10F810007171E293D8D8AB733131625315152A3F19
:10F820000404080CC7C7955223234665C3C39D5ED5
:10F8300018183028969637A105050A0F9A9A2FB501
:10F8400007070E091212243680801B9BE2E2DF3D7F
:10F85000EBEBCD2627274E69B2B27FCD7575EA9FB7
:10F860000909121B83831D9E2C2C58741A1A342EDE
:10F870001B1B362D6E6EDCB25A5AB4EEA0A05BFB99
:10F880005252A4F63B3B764DD6D6B761B3B37DCE8C
:10F890002929527BE3E3DD3E2F2F5E718484139789
:10F8A0005353A6F5D1D1B96800000000EDEDC12C8D
:10F8B00020204060FCFCE31FB1B179C85B5BB6ED72
:10F8C0006A6AD4BECBCB8D46BEBE67D93939724B7E
:10F8D0004A4A94DE4C4C98D45858B0E8CFCF854A69
:10F8E000D0D0BB6BEFEFC52AAAAA4FE5FBFBED1604
:10F8F000434386C54D4D9AD733336655858511945C
:10F9000045458ACFF9F9E910020204067F7FFE819E
:10F910005050A0F03C3C78449F9F25BAA8A84BE3E8
:10F920005151A2F3A3A35DFE404080C08F8F058A92
:10F9300092923FAD9D9D21BC38387048F5F5F10499
:10F94000BCBC63DFB6B677C1DADAAF75212142639A
:10F9500010102030FFFFE51AF3F3FD0ED2D2BF6D79
:10F96000CDCD814C0C0C181413132635ECECC32FA1
:10F970005F5FBEE1979735A2444488CC17172E39B4
:10F98000C4C49357A7A755F27E7EFC823D3D7A47BB
:10F990006464C8AC5D5DBAE71919322B7373E695E0
:10F9A0006060C0A0818119984F4F9ED1DCDCA37F9D
:10F9B000222244662A2A547E90903BAB88880B838F
:10F9C00046468CCAEEEEC729B8B86BD31414283C4F
:10F9D000DEDEA7795E5EBCE20B0B161DDBDBAD76CF
:10F9E000E0E0DB3B323264563A3A744E0A0A141EA7
:10F9F000494992DB06060C0A2424486C5C5CB8E496
:10FA0000C2C29F5DD3D3BD6EACAC43EF6262C4A6ED
:10FA1000919139A8959531A4E4E4D3377979F28BA3
:10FA2000E7E7D532C8C88B4337376E596D6DDAB703
:10FA30008D8D018CD5D5B1644E4E9CD2A9A949E0DB
:10FA40006C6CD8B45656ACFAF4F4F307EAEACF2556
:10FA50006565CAAF7A7AF48EAEAE47E90808101829
:10FA6000BABA6FD57878F08825254A6F2E2E5C7249
:10FA70001C1C3824A6A657F1B4B473C7C6C6975148
:10FA8000E8E8CB23DDDDA17C7474E89C1F1F3E21D8
:10FA90004B4B96DDBDBD61DC8B8B0D868A8A0F8555
:10FAA0007070E0903E3E7C42B5B571C46666CCAAEB
:10FAB000484890D803030605F6F6F7010E0E1C120F
:10FAC0006161C2A335356A5F5757AEF9B9B969D0DC
:10FAD00086861791C1C199581D1D3A279E9E27B948
:10FAE000E1E1D938F8F8EB1398982BB311112233D0
:10FAF0006969D2BBD9D9A9708E8E0789949433A72E
:10FB00009B9B2DB61E1E3C2287871592E9E9C920D2
:10FB1000CECE87495555AAFF28285078DFDFA57A31
:10FB20008C8C038FA1A159F8898909800D0D1A17B2
:10FB3000BFBF65DAE6E6D731424284C66868D0B80E
:10FB4000414182C3999929B02D2D5A770F0F1E116B
:10FB5000B0B07BCB5454A8FCBBBB6DD616162C3A68
:10FB600063C6A5637CF8847C77EE99777BF68D7B02
:10FB7000F2FF0DF26BD6BD6B6FDEB16FC59154C550
:10FB8000306050300102030167CEA9672B567D2BF0
:10FB9000FEE719FED7B562D7AB4DE6AB76EC9A76A9
:10FBA000CA8F45CA821F9D82C98940C97DFA877D57
:10FBB000FAEF15FA59B2EB59478EC947F0FB0BF033
:10FBC000AD41ECADD4B367D4A25FFDA2AF45EAAFBF
:10FBD0009C23BF9CA453F7A472E49672C09B5BC0A5
:10FBE000B775C2B7FDE11CFD933DAE93264C6A2666
:10FBF000366C5A363F7E413FF7F502F7CC834FCC47
:10FC000034685C34A551F4A5E5D134E5F1F908F187
:10FC100071E29371D8AB73D831625331152A3F1515
:10FC200004080C04C79552C723466523C39D5EC3D1
:10FC3000183028189637A196050A0F059A2FB59AFD
:10FC4000070E090712243612801B9B80E2DF3DE27B
:10FC5000EBCD26EB274E6927B27FCDB275EA9F75B3
:10FC600009121B09831D9E832C58742C1A342E1ADA
:10FC70001B362D1B6EDCB26E5AB4EE5AA05BFBA095
:10FC800052A4F6523B764D3BD6B761D6B37DCEB388
:10FC900029527B29E3DD3EE32F5E712F8413978485
:10FCA00053A6F553D1B968D100000000EDC12CED89
:10FCB00020406020FCE31FFCB179C8B15BB6ED5B6E
:10FCC0006AD4BE6ACB8D46CBBE67D9BE39724B397A
:10FCD0004A94DE4A4C98D44C58B0E858CF854ACF65
:10FCE000D0BB6BD0EFC52AEFAA4FE5AAFBED16FB00
:10FCF0004386C5434D9AD74D336655338511948558
:10FD0000458ACF45F9E910F9020406027FFE817F9A
:10FD100050A0F0503C78443C9F25BA9FA84BE3A8E4
:10FD200051A2F351A35DFEA34080C0408F058A8F8E
:10FD3000923FAD929D21BC9D38704838F5F104F595
:10FD4000BC63DFBCB677C1B6DAAF75DA2142632196
:10FD500010203010FFE51AFFF3FD0EF3D2BF6DD275
:10FD6000CD814CCD0C18140C13263513ECC32FEC9D
:10FD70005FBEE15F9735A2974488CC44172E3917B0
:10FD8000C49357C4A755F2A77EFC827E3D7A473DB7
:10FD900064C8AC645DBAE75D19322B1973E69573DC
:10FDA00060C0A060811998814F9ED14FDCA37FDC99
:10FDB000224466222A547E2A903BAB90880B83888B
:10FDC000468CCA46EEC729EEB86BD3B814283C144B
:10FDD000DEA779DE5EBCE25E0B161D0BDBAD76DBCB
:10FDE000E0DB3BE0326456323A744E3A0A141E0AA3
:10FDF0004992DB49060C0A0624486C245CB8E45C92
:10FE0000C29F5DC2D3BD6ED3AC43EFAC62C4A662E9
:10FE10009139A8919531A495E4D337E479F28B799F
:10FE2000E7D532E7C88B43C8376E59376DDAB76DFF
:10FE30008D018C8DD5B164D54E9CD24EA949E0A9D7
:10FE40006CD8B46C56ACFA56F4F307F4EACF25EA52
:10FE500065CAAF657AF48E7AAE47E9AE0810180825
:10FE6000BA6FD5BA78F08878254A6F252E5C722E45
:10FE70001C38241CA657F1A6B473C7B4C69751C644
:10FE8000E8CB23E8DDA17CDD74E89C741F3E211FD4
:10FE90004B96DD4BBD61DCBD8B0D868B8A0F858A51
:10FEA00070E090703E7C423EB571C4B566CCAA66E7
:10FEB0004890D84803060503F6F701F60E1C120E0B
:10FEC00061C2A361356A5F3557AEF957B969D0B9D8
:10FED00086179186C19958C11D3A271D9E27B99E44
:10FEE000E1D938E1F8EB13F8982BB39811223311CC
:10FEF00069D2BB69D9A970D98E07898E9433A7942A
:10FF00009B2DB69B1E3C221E87159287E9C920E9CE
:10FF1000CE8749CE55AAFF5528507828DFA57ADF2D
:10FF20008C038F8CA159F8A1890980890D1A170DAE
:10FF3000BF65DABFE6D731E64284C64268D0B8680A
:10FF40004182C3419929B0992D5A772D0F1E110F67
:10FF5000B07BCBB054A8FC54BB6DD6BB162C3A1664
:10FF6000C6A56363F8847C7CEE997777F68D7B7BFE
:10FF7000FF0DF2F2D6BD6B6BDEB16F6F9154C5C54C
:10FF80006050303002030101CEA96767567D2B2BEC
:10FF9000E719FEFEB562D7D74DE6ABABEC9A7676A5
:10FFA0008F45CACA1F9D82828940C9C9FA877D7D53
:10FFB000EF15FAFAB2EB59598EC94747FB0BF0F02F
:10FFC00041ECADADB367D4D45FFDA2A245EAAFAFBB
:10FFD00023BF9C9C53F7A4A4E49672729B5BC0C0A1
:10FFE00075C2B7B7E11CFDFD3DAE93934C6A262662
:10FFF0006C5A36367E413F3FF502F7F7834FCCCC43
:020000041002E8
:10000000685C343451F4A5A5D134E5E5F908F1F183
:10001000E2937171AB73D8D8625331312A3F151511
:10002000080C04049552C7C7466523239D5EC3C3CD
:100030003028181837A196960A0F05052FB59A9AF9
:100040000E090707243612121B9B8080DF3DE2E277
:10005000CD26EBEB4E6927277FCDB2B2EA9F7575AF
:10006000121B09091D9E838358742C2C342E1A1AD6
:10007000362D1B1BDCB26E6EB4EE5A5A5BFBA0A091
:10008000A4F65252764D3B3BB761D6D67DCEB3B384
:10009000527B2929DD3EE3E35E712F2F1397848481
:1000A000A6F55353B968D1D100000000C12CEDED85
:1000B00040602020E31FFCFC79C8B1B1B6ED5B5B6A
:1000C000D4BE6A6A8D46CBCB67D9BEBE724B393976
:1000D00094DE4A4A98D44C4CB0E85858854ACFCF61
:1000E000BB6BD0D0C52AEFEF4FE5AAAAED16FBFBFC
:1000F00086C543439AD74D4D665533331194858554
:100100008ACF4545E910F9F904060202FE817F7F96
:10011000A0F0505078443C3C25BA9F9F4BE3A8A8E0
:10012000A2F351515DFEA3A380C04040058A8F8F8A
:100130003FAD929221BC9D9D70483838F104F5F591
:1001400063DFBCBC77C1B6B6AF75DADA4263212192
:1001500020301010E51AFFFFFD0EF3F3BF6DD2D271
:10016000814CCDCD18140C0C26351313C32FECEC99
:10017000BEE15F5F35A2979788CC44442E391717AC
:100180009357C4C455F2A7A7FC827E7E7A473D3DB3
:10019000C8AC6464BAE75D5D322B1919E6957373D8
:1001A000C0A06060199881819ED14F4FA37FDCDC95
:1001B00044662222547E2A2A3BAB90900B83888887
:1001C0008CCA4646C729EEEE6BD3B8B8283C141447
:1001D000A779DEDEBCE25E5E161D0B0BAD76DBDBC7
:1001E000DB3BE0E064563232744E3A3A141E0A0A9F
:1001F00092DB49490C0A0606486C2424B8E45C5C8E
:100200009F5DC2C2BD6ED3D343EFACACC4A66262E5
:1002100039A8919131A49595D337E4E4F28B79799B
:10022000D532E7E78B43C8C86E593737DAB76D6DFB
:10023000018C8D8DB164D5D59CD24E4E49E0A9A9D3
:10024000D8B46C6CACFA5656F307F4F4CF25EAEA4E
:10025000CAAF6565F48E7A7A47E9AEAE1018080821
:100260006FD5BABAF08878784A6F25255C722E2E41
:1002700038241C1C57F1A6A673C7B4B49751C6C640
:10028000CB23E8E8A17CDDDDE89C74743E211F1FD0
:1002900096DD4B4B61DCBDBD0D868B8B0F858A8A4D
:1002A000E09070707C423E3E71C4B5B5CCAA6666E3
:1002B00090D8484806050303F701F6F61C120E0E07
:1002C000C2A361616A5F3535AEF9575769D0B9B9D4
:1002D000179186869958C1C13A271D1D27B99E9E40
:1002E000D938E1E1EB13F8F82BB3989822331111C8
:1002F000D2BB6969A970D9D907898E8E33A7949426
:100300002DB69B9B3C221E1E15928787C920E9E9CA
:100310008749CECEAAFF555550782828A57ADFDF29
:10032000038F8C8C59F8A1A1098089891A170D0DAA
:1003300065DABFBFD731E6E684C64242D0B8686806
:1003400082C3414129B099995A772D2D1E110F0F63
:100350007BCBB0B0A8FC54546DD6BBBB2C3A161660
:10036000000000010000000200000004000000087E
:10037000000000100000002000000040000000808D
:100380000000001B00000036982F8A42914437710C
:10039000CFFBC0B5A5DBB5E95BC25639F111F15908
:1003A000A4823F92D55E1CAB98AA07D8015B83124A
:1003B000BE853124C37D0C55745DBE72FEB1DE80F6
:1003C000A706DC9B74F19BC1C1699BE48647BEEF25
:1003D000C69DC10FCCA10C246F2CE92DAA84744AB0
:1003E000DCA9B05CDA88F97652513E986DC631A826
:1003F000C82703B0C77F59BFF30BE0C64791A7D505
:100400005163CA0667292914850AB72738211B2E8C
:10041000FC6D2C4D130D385354730A65BB0A6A7674
:100420002EC9C281852C7292A1E8BFA24B661AA880
:10043000708B4BC2A3516CC719E892D1240699D690
:1004400085350EF470A06A1016C1A419086C371E09
:100450004C774827B5BCB034B30C1C394AAAD84EE7
:100460004FCA9C5BF36F2E68EE828F746F63A57822
:100470001478C8840802C78CFAFFBE90EB6C50A4B5
:10048000F7A3F9BEF27871C603000000000408402B
:10049000010000000100010000040840020000000B
:1004A00001000100000408400400000001000100F8
:1004B0000200000000800040040000000001010074
:1004C000009000408000000000010100000408408E
:1004D000200000000300000000040840100000009D
:1004E00003000000009000408000000002000000B7
:1004F0000080004000000008020000000080004072
:1005000000800000020000000080004008000000A1
:1005100002000000009000404000000002000000C7
:100520000080004000000004020000000080004045
:1005300000400000020000000080004004000000B5
:100540000200000000040840C0000000030000009A
:100550000090004003000000020000000080004006
:100560000030000002000000008000400300000096
:1005700002000000008000400800000002000000AF
:100580000080004000900040000408400006084041
:100590000020202020202020202028282828282053
:1005A000202020202020202020202020202020204B
:1005B00020881010101010101010101010101010B3
:1005C00010040404040404040404041010101010A3
:1005D000101041414141414101010101010101016D
:1005E00001010101010101010101010110101010BF
:1005F000101042424242424202020202020202023F
:100600000202020202020202020202021010101092
:1006100020000000000000000000000000000000BA
:1006200000000000000000000000000000000000CA
:1006300000000000000000000000000000000000BA
:1006400000000000000000000000000000000000AA
:10065000000000000000000000000000000000009A
:10066000000000000000000000000000000000008A
:10067000000000000000000000000000000000007A
:10068000000000000000000000000000000000006A
:1006900000000000202020202020202020202020DA
:1006A000202020203030303030303030303030308A
:1006B00030303030202020202020202020202020FA
:1006C000202020203030303030303030303030306A
:1006D000303030300000000005000000190000003C
:1006E0007D00000000000000000000000000F03F5E
:1006F00000000000000024400000000000005940FD
:100700000000000000408F40000000000088C3404F
:1007100000000000006AF8400000000080842E41C4
:1007200000000000D01263410000000084D7974110
:100730000000000065CDCD41000000205FA0024216
:10074000000000E876483742000000A2941A6D428B
:10075000000040E59C30A2420000901EC4BCD6427E
:1007600000003426F56B0C430080E03779C3414329
:1007700000A0D8855734764300C84E676DC1AB439F
:10078000003D9160E458E143408CB5781DAF1544BD
:1007900050EFE2D6E41A4B4492D54D06CFF0804498
:1007A000F64AE1C7022DB544B49DD9794378EA44AD
:1007B000BC89D897B2D29C3C33A7A8D523F6493937
:1007C0003DA7F444FD0FA5329D978CCF08BA5B2559
:1007D000436FAC642806C80A0080E03779C3414300
:1007E000176E05B5B5B89346F5F93FE9034F384D97
:1007F000321D30F94877825A3CBF737FDD4F157543
:1008000020202020202020202020202020202020E8
:1008100030303030303030303030303030303030D8
:10082000F8B500BFF8BC08BC9E467047F8B500BFDD
:10083000F8BC08BC9E4670475FF800F0D10A002063
:100840005FF800F0A50B00205FF800F041090020E0
:100850005FF800F0D106002010000000000000004A
:10086000017A5200027C0E011B0C0D001C000000DE
:1008700018000000CC4CFFFFD800000000410E081B
:100880008501840202490A4AC5C4410B10000000D8
:1008900000000000017A5200027C0E011B0C0D00CA
:1008A0001400000018000000645CFFFF3401000029
:1008B0000002710A430B000010000000000000005D
:1008C000017A5200027C0E011B0C0D003800000062
:1008D000180000004C7FFFFF9E00000000510E102A
:1008E00084048503860287015BC7C6C5C40E004C1D
:1008F0000A420B0A420B0E1084048503860287010C
:0C09000051C7C6C5C40E00000000000076
:08091000304CFF7F01000000E4
:10091800FFFF00000000014000200440FFFFFFFF30
:1009280000900240000000002000002000000000AD
:100938000000000064240020CC240020342500207E
:10094800000000000000000000000000000000009F
:10095800000000000000000000000000000000008F
:10096800000000000000000000000000000000007F
:10097800000000000000000000000000000000006F
:10098800000000000000000000000000000000005F
:10099800000000000000000000000000000000004F
:1009A800000000000000000000000000000000003F
:1009B800000000000000000000000000000000002F
:1009C800000000000000000001000000000000001E
:1009D8000E33CDAB34126DE6ECDE05000B000000E3
:1009E80000000000000000000000000000000000FF
:1009F80000000000000000000000000000000000EF
:100A080000000000000000000000000000000000DE
:100A180000000000000000000000000000000000CE
:100A280000000000000000000000000000000000BE
:100A380000000000000000000000000000000000AE
:100A4800000000000000000000000000000000009E
:100A580000000000030000006424002000000000E3
:100A6800000000000000000050010020500100209C
:100A7800580100205801002060010020600100207A
:100A8800680100206801002070010020700100202A
:100A980078010020780100208001002080010020DA
:100AA800880100208801002090010020900100208A
:100AB8009801002098010020A0010020A00100203A
:100AC800A8010020A8010020B0010020B0010020EA
:100AD800B8010020B8010020C0010020C00100209A
:100AE800C8010020C8010020D0010020D00100204A
:100AF800D8010020D8010020E0010020E0010020FA
:100B0800E8010020E8010020F0010020F0010020A9
:100B1800F8010020F8010020000200200002002057
:100B28000802002008020020100200201002002005
:100B380018020020180200202002002020020020B5
:100B48002802002028020020300200203002002065
:100B58003802002038020020400200204002002015
:100B680048020020480200205002002050020020C5
:100B78005802002058020020600200206002002075
:100B88006802002068020020700200207002002025
:100B980078020020780200208002002080020020D5
:100BA8008802002088020020900200209002002085
:100BB8009802002098020020A0020020A002002035
:100BC800A8020020A8020020B0020020B0020020E5
:100BD800B8020020B8020020C0020020C002002095
:100BE800C8020020C8020020D0020020D002002045
:100BF800D8020020D8020020E0020020E0020020F5
:100C0800E8020020E8020020F0020020F0020020A4
:100C1800F8020020F8020020000300200003002052
:100C28000803002008030020100300201003002000
:100C380018030020180300202003002020030020B0
:100C48002803002028030020300300203003002060
:100C58003803002038030020400300204003002010
:100C680048030020480300205003002050030020C0
:100C78005803002058030020600300206003002070
:100C88006803002068030020700300207003002020
:100C980078030020780300208003002080030020D0
:100CA8008803002088030020900300209003002080
:100CB8009803002098030020A0030020A003002030
:100CC800A8030020A8030020B0030020B0030020E0
:100CD800B8030020B8030020C0030020C003002090
:100CE800C8030020C8030020D0030020D003002040
:100CF800D8030020D8030020E0030020E0030020F0
:100D0800E8030020E8030020F0030020F00300209F
:100D1800F8030020F803002000040020000400204D
:100D280008040020080400201004002010040020FB
:100D380018040020180400202004002020040020AB
:100D4800280400202804002030040020300400205B
:100D5800380400203804002040040020400400200B
:100D680048040020480400205004002050040020BB
:100D7800580400205804002060040020600400206B
:100D8800680400206804002070040020700400201B
:100D980078040020780400208004002080040020CB
:100DA800880400208804002090040020900400207B
:100DB8009804002098040020A0040020A00400202B
:100DC800A8040020A8040020B0040020B0040020DB
:100DD800B8040020B8040020C0040020C00400208B
:100DE800C8040020C8040020D0040020D00400203B
:100DF800D8040020D8040020E0040020E0040020EB
:100E0800E8040020E8040020F0040020F00400209A
:100E1800F8040020F8040020000500200005002048
:100E280008050020080500201005002010050020F6
:100E380018050020180500202005002020050020A6
:100E48002805002028050020300500203005002056
:100E58003805002038050020400500204005002006
:100E68004805002048050020FFFFFFFF00000200A2
:100E78004300000000000000000000000000000027
:100E8800000000000000000000000000000000005A
:100E98004300000000000000000000000000000007
:100EA800000000000000000000000000000000003A
:100EB80043000000000000000000000000000000E7
:100EC800000000000000000000000000000000001A
:100ED80043000000000000000000000000000000C7
:100EE80000000000000000000000000000000000FA
:100EF80043000000000000000000000000000000A7
:100F080000000000000000000000000000000000D9
:100F18004300000000000000000000000000000086
:100F280000000000000000000000000000000000B9
:100F38004300000000000000000000000000000066
:100F48000000000000000000000000000000000099
:100F580085C00110C5BE01100000000090050210F8
:100F68007CE101109CDD01109CDD01109CDD01106D
:100F78009CDD01109CDD01109CDD01109CDD011041
:100F88009CDD01109CDD0110FFFFFFFFFFFFFFFF4D
:100F9800FFFFFFFFFFFF00000100415343494900E5
:100FA8000000000000000000000000000000000039
:100FB80000000000000000000000415343494900C0
:100FC8000000000000000000000000000000000019
:100FD80000000000000000000000000000F064B8FD
:100FE80000F17043B3F5002F20D3A0F18453B3F57B
:100FF800804F1ED2C0F30D0000F5002100B50E4849
:1010080083B000F097F84FF08042136843F0400334
:10101800136013685B06FCD44FF08052074B1268CC
:1010280001921B68019303B05DF804FBC0F3120141
:10103800E4E76FF0020070470090024000200010C3
:10104800020729D100F17043B3F5002F0A4620D3D7
:10105800A0F18453B3F5804F1ED2C0F30D0000F504
:10106800002100B50E4883B000F058F94FF08042D7
:10107800136843F04003136013685B06FCD44FF019
:101088008052084B126801921B68019303B05DF807
:1010980004FBC0F31201E4E76FF00200704700BFE1
:1010A8000090024000200010024B986800F00700F2
:1010B800704700BF009002408268034650072AD15B
:1010C8001A4A1B491268A1FB0212920C5A605A6A0A
:1010D80091071BD49A6822F0704242F000529A603D
:1010E8009A6822F47F4242F42A429A609A6842F04F
:1010F80002029A609A685207FCD19A6822F07042FC
:101108009A60586A10F0020008D170475A6A22F0B3
:1011180002025A62DEE76FF00500F6E75A6A22F02B
:1011280002026FF006005A62704700BF6C27002069
:1011380083DE1B438268520703462BD11A4A1B4899
:101148001268A0FB0202920C5A605A6A90071CD4DB
:101158009A6822F0704242F000529A609A6822F42B
:101168007F4242F4AA429A6019609A6842F00402E7
:101178009A609A685207FCD19A6822F070429A6085
:10118800586A10F0020008D170475A6A22F0020229
:101198005A62DDE76FF00500F6E75A6A22F00202AC
:1011A8006FF006005A6270476C27002083DE1B43ED
:1011B8008B0739D10346086832EA000041D19868A4
:1011C800400721F0030132D11F4810B400681F4CBA
:1011D800A4FB0040800C5860586A80071FD49868A8
:1011E80020F0704040F000509860986840F010007F
:1011F800986019601A639A6842F001029A609A68C6
:10120800D101FCD49A685207FCD19A6822F0704246
:101218009A60586A10F002000CD110BC7047586AE6
:1012280020F002005862DAE76FF0020070476FF0B2
:10123800050070475A6A22F002025A626FF00600EF
:10124800EBE76FF0060070476C27002083DE1B4336
:1012580070B5844684B000208E07CDE90000CDE942
:10126800020050D1086832EA000049D1DCF8084091
:10127800650721F00F0049D1264C274D2468A5FBAE
:101288000454A40CCCF80440DCF82440A40725D46A
:10129800DCF8084024F0704444F00054CCF80840CE
:1012A80000F11004A04286460DD2051DAC4234BFA1
:1012B8000124042400EB84046D465EF8046B45F8B1
:1012C800046BA645F9D111F00C0FCCF800300CD105
:1012D80000926946FFF7B4FE04B070BDDCF8244004
:1012E80024F00204CCF82440D2E70B0701D4019281
:1012F800EFE701F00F010B2994BF02920392E8E790
:101308006FF00600E8E76FF00200E5E76FF0050010
:10131800E2E700BF6C27002083DE1B430B073AD1AE
:1013280003468068400739D1214810B40068214C31
:10133800A4FB0040800C5860586A800726D498683F
:1013480020F0704040F000509860986820F010003D
:1013580098601960116819635168596391689963B5
:10136800D268DA639A6842F001029A609A68D101F9
:10137800FCD49A685207FCD19A6822F070429A60AD
:10138800586A10F002000CD110BC7047586A20F05F
:1013980002005862D3E76FF0020070476FF0050053
:1013A80070475A6A22F002026FF006005A62EBE7B1
:1013B8006C27002083DE1B4300EB810C60450DD2B7
:1013C800043A01E0604509D2016852F8043F9942A5
:1013D80000F10400F6D06FF0060070470020704757
:1013E8002DE9F04310F0030787B004460E46154672
:1013F8000BD012E0230728D029680191204600F07D
:101408005FF8043E0434043520B9032EF2D8002EC8
:1014180041D1304607B0BDE8F08320F0030901ABA5
:10142800C7F10408D8192946D9F800300193424673
:1014380000F04AF80199484600F042F80028E9D13E
:10144800043E44443E444544DFE70F2E02D815E0ED
:101458000F2E11D928686968AA68EB680DF1080C85
:10146800ACE80F00204602A9FFF7EAFD103E103451
:1014780010350028ECD0CDE7032EC8D92968019192
:10148800204600F01DF8043E043404350028F3D04B
:1014980007B0BDE8F083236801932946324601A8C6
:1014A80000F012F80199204607B0BDE8F04300F0BB
:1014B80007B800BF03460846194600F005B800BF44
:1014C8005FF800F0054001105FF800F00D650110AD
:0C14D800B1B2011071E2001049E20010F6
:0414E4000000000004
:040000051000E20104
:00000001FF
