S01F00002F6465636F6465722F6275696C642F6D617837383030302E737265634D
S3151000E00000000220E93901101D380110273A0110CD
S3151000E010293A01102B3A01102D3A01100000000088
S3151000E0200000000000000000000000002F3A011060
S3151000E030313A011000000000333A0110353A011050
S3151000E040393A01103B3A01103D3A01103F3A01109E
S3151000E050413A0110433A0110453A0110473A01106E
S3151000E060493A01104B3A01104D3A01104F3A01103E
S3151000E070513A0110533A0110553A0110573A01100E
S3151000E080593A01105B3A01105D3A01105F3A0110DE
S3151000E090613A0110633A0110653A0110673A0110AE
S3151000E0A0A1370110A93701106D3A01106F3A01100E
S3151000E0B0713A0110733A0110753A0110773A01104E
S3151000E0C0793A01107B3A01107D3A01107F3A01101E
S3151000E0D0813A0110833A0110853A0110873A0110EE
S3151000E0E0893A01108B3A01108D3A01108F3A0110BE
S3151000E0F0913A0110933A0110953A0110973A01108E
S3151000E100993A01109B3A01109D3A01109F3A01105D
S3151000E110A13A0110A33A0110A53A0110A73A01102D
S3151000E120A93A0110AB3A0110AD3A0110AF3A0110FD
S3151000E130B13A0110B33A0110B53A0110B73A0110CD
S3151000E140B93A0110BB3A0110BD3A0110BF3A01109D
S3151000E150C13A0110C33A0110C53A0110C73A01106D
S3151000E160C93A0110CB3A0110CD3A0110CF3A01103D
S3151000E170D13A0110D33A0110D53A0110D73A01100D
S3151000E180D93A0110DB3A0110DD3A0110DF3A0110DD
S3151000E190E13A0110E33A0110E53A0110E73A0110AD
S3151000E1A0E93A0110EB3A0110ED3A0110EF3A01107D
S3151000E1B0F13A0110F33A0110F53A0110F73A01104D
S3151000E1C0F93A0110FB3A0110FD3A0110FF3A01101D
S3151000E1D0013B0110033B0110053B0110073B0110E9
S3151000E1E00000000000000000000000000000000019
S3151000E1F00000000000000000000000000000000009
S3151000E20000488047E93901100348044B834202D085
S3151000E210034B03B118477047CC0B0020CC0B0020E2
S3151000E220000000000548064B1B1AD90F01EBA3018D
S3151000E230491002D0034B03B118477047CC0B00208E
S3151000E240CC0B00200000000010B5064C237843B913
S3151000E250FFF7DAFF044B13B10448AFF30080012334
S3151000E260237010BD000C002000000000580802109A
S3151000E27008B5044B1BB104490448AFF30080BDE850
S3151000E2800840CFE700000000040C002058080210D8
S3151000E2902DE9F04792460746D8B3884699B311F050
S3151000E2A0010530D1DFF87490461C16F8014C317810
S3151000E2B009EB050022462CB107F0AEF90135013CF9
S3151000E2C055FA84F50236F31B013B9845EDD825B96E
S3151000E2D01248CAF80050BDE8F0876B1E19F80310F3
S3151000E2E04A1E1F2AF4D8012D15D00D4828444B4438
S3151000E2F0401A03E083420ED099450CD013F8012939
S3151000E3008A42F7D0E4E700252846CAF80050BDE84F
S3151000E310F0870546DDE76D1ADAE700BF1C0C002012
S3151000E3201B0C002070B5DCB01C4601230E460546BA
S3151000E330114600932022609B03A802F027FF38B9EC
S3151000E34033462A46214603A802F0A0FF5CB070BDF2
S3151000E3504FF0FF30FAE700BF70B5DCB01C46002363
S3151000E3600E460546114600932022609B03A802F034
S3151000E3700DFF38B933462A46214603A802F014FF8A
S3151000E3805CB070BD4FF0FF30FAE700BF2DE9F041E9
S3151000E390E0B00E4604460021174608A86FF00102A9
S3151000E3A098469DF8985103F0DFF82023324606214F
S3151000E3B00DEB030003F0A0F900283AD14246394686
S3151000E3C008A803F01FF8A0BB694608A803F054F884
S3151000E3D0064670BB08A803F0D7F8DDB9204604F14D
S3151000E3E0200669462A4650F8043B51F8044B8642EB
S3151000E3F083EA040342EA0302F5D1C2F30726164361
S3151000E400C2F307431E4346EA1266F6B2304660B0C0
S3151000E410BDE8F0816D460FCD20606160A260E360BB
S3151000E4200FCD206130466161A261E36160B0BDE845
S3151000E430F0814FF0FF36E9E72DE9F0470021C2B031
S3151000E44080462022514807F0E7F85149404607F028
S3151000E450C7FB002800F083804FF00009861D02AF2D
S3151000E460CA4600E0661C2C21304607F027F9044600
S3151000E470851BA0B10F2DF5D82A463146384607F030
S3151000E48029F8B9F1070F07F805A0EBD8384607F0B9
S3151000E49037FF3E4B43F8290009F10109E2E75D21F8
S3151000E4A0304607F00BF910B1851B0F2D59D90021F5
S3151000E4B04FF48072384607F0AFF83649404607F0F9
S3151000E4C08FFB40B1841D2B21204607F0F7F810B1C1
S3151000E4D0021BFF2A55D9384607F032F801240346A5
S3151000E4E03A46394600942C48FFF750FF384607F055
S3151000E4F027F83A4603460DF10D0100942748FFF719
S3151000E50045FF384607F01CF83A4603460DF112014E
S3151000E51000942348FFF73AFF384607F011F83A46B9
S3151000E52003460DF1170100941E48FFF72FFF3846DA
S3151000E53007F006F83A46034607A900941A48FFF76B
S3151000E54025FF384606F0FCFF009403463A460DF1C7
S3151000E55021011648FFF71AFF42B0BDE8F08702AF57
S3151000E560A5E731462A46384606F0B4FFB9F1070F3B
S3151000E5707C559CD8384607F0C3FE044B43F8290057
S3151000E58095E72146384606F0A5FFA4E7B01D002002
S3151000E590ACDA0110B4DA0110BC1C00209C1C00205F
S3151000E5A07C1C00205C1C00203C1C00201C1C002035
S3151000E5B02DE9F043294A2A4E2A4F2B4D2B4C4FF06A
S3151000E5C0040C00EB060E87FB0E384FEAEE73C3EB16
S3151000E5D0E85302FB13E34FF0040803EB430E03EB7F
S3151000E5E08E032B444FEA932EA4FB0E9E4FEA5E1E1B
S3151000E5F0B8F1010802FB1E33EFD1CB1A990AA4FB1E
S3151000E60001E1490902FB113101EB060E4FEA9E2387
S3151000E610A4FB03835B0902FB13E34FF0040803EB2F
S3151000E620430E03EB8E032B444FEA932EA4FB0E9E50
S3151000E6304FEA5E1EB8F1010802FB1E33EFD1C31A72
S3151000E640980AA4FB00E04009BCF1010C02FB103053
S3151000E650B7D107480844C0B2BDE8F08300A49A03B6
S3151000E66078563412BFF48323C7AB2551F5832300A4
S3151000E670A7A39A03F0B5A9B08022002108A806F036
S3151000E680CBFF104E104D114B01AC0027184656F813
S3151000E690041BFFF78DFF55F8043F207004F8017F27
S3151000E6A0002BF3D101AA0A4908A808F00BFD08A807
S3151000E6B006F046FF08A982B2472000F0ADFC29B04B
S3151000E6C0F0BD00BF80E10110F0E10110B6E4FF01DA
S3151000E6D0BCDA011030B51B4BABB0002215460192C7
S3151000E6E003F1C0041146187A01EB81020DF1A80C52
S3151000E6F00CEB820290B1A2F1A40EDD6842F8A05C88
S3151000E700A2F19C0C5D691A69CEF80820CEF80C505F
S3151000E710DA699D690131CCE90252054618339C42EB
S3151000E720E1D165B101EB810292000432019192B2FE
S3151000E73001A94C2000F070FC00202BB030BD042243
S3151000E740F6E700BFE81C0020F0B5203887B00D466C
S3151000E75086B200240A4600945D493346A819FFF78D
S3151000E76015FEA042C0F296805A4F38687968BA688A
S3151000E770FB680DF1080CACE80F0002AB00933A46AB
S3151000E7802B4631462846FFF7CDFD0028C0F29A8069
S3151000E7906E69002E00F084802A684F4B9A4267D12A
S3151000E7A04E4BA44653F8044F0CF1010C0CB1A64283
S3151000E7B014D0BCF1080FF5D1002005F0D9F80120CE
S3151000E7C005F0D6F8022005F0D3F8002005F0B0F8D1
S3151000E7D043493422452000F01FFC1FE0414A4FF008
S3151000E7E0000C1446E3689E421CD0237A1834CBB131
S3151000E7F00CF1010CBCF1080FF4D1002005F0B8F8AB
S3151000E800012005F0B5F8022005F0B2F8002005F059
S3151000E8108FF835493C22452000F0FEFB4FF0FF30C3
S3151000E82007B0F0BD0CEB4C0302EBC3030120696883
S3151000E830DE601872A868C3E904100CF1010C0CEB29
S3151000E8404C0C02EBCC03E868296942F83C002748D7
S3151000E850596000F001FB23492448C82200F036FB1A
S3151000E86000221146532000F0D7FB002007B0F0BD60
S3151000E870204605F07DF8012005F07AF8022005F013
S3151000E88077F8204605F054F819491F22452000F064
S3151000E890C3FBC3E717492422452000F0BDFBBDE7A3
S3151000E8A0304605F065F8012005F062F8022005F003
S3151000E8B05FF8304605F03CF80F494622452000F037
S3151000E8C0ABFBABE70D491F22452000F0A5FBA5E7E2
S3151000E8D03C1C00209C1C0020EFBEADDEAC1D0020B1
S3151000E8E0C8DB0110E81C002088DB011000C00710EF
S3151000E8F068DB0110D8DA011020DB011000DB0110F3
S3151000E9002DE9F04FA44B0546D9B01868A5F120089B
S3151000E9100E461FFA88F805F07DFF0024802200219C
S3151000E92038A806F079FE9D4900944346324606EB18
S3151000E9300800FFF72BFDA042C0F20A81DFF86092B3
S3151000E940CDF808902C3DABB2964FDFF85CA203933E
S3151000E9504D46B14605E00134082C05F1180500F0C6
S3151000E960A3802B7A002BF6D0DAF80000DAF8041020
S3151000E97006AB03C3EB6804931CA804F0D1FE042273
S3151000E98004A91CA804F0A8FD082206A91CA804F0D6
S3151000E990A3FD0CA91CA804F025FE38687968BA688E
S3151000E9A00C9B089309AB07C34FF0010B049B7F49DF
S3151000E9B0059305AA042308AECDF800B014A8FFF7F6
S3151000E9C0E5FC009614AA4B4641464846FFF7AAFCBA
S3151000E9D000287DDBD9F80030049A9342BBD17049E8
S3151000E9E004EB4402013404EB440408464E4601EBA2
S3151000E9F0C20250F83450DDF80890D2E9047001EBE9
S3151000EA00C4017468B2684968BC4272EB000071D3E5
S3151000EA10A54291416ED3664DD5E90001A0429141C0
S3151000EA20644803D301688B4200F0A4800360C5E9F3
S3151000EA300042614902931622472000F0EDFA029B2C
S3151000EA406BB15E4903E009F11809894564D0D9F81C
S3151000EA500C209342F7D199F80820002AF3D0584990
S3151000EA601322472000F0D8FA03991CAA06F10C00CD
S3151000EA70FFF70EFC40220146442000F0CDFA464B2B
S3151000EA80186805F0C9FE4F49024638A808F01AFB67
S3151000EA9038A806F055FD38A982B2472000F0BCFA16
S3151000EAA0002059B0BDE8F08F002004F061FF01206E
S3151000EAB004F05EFF022004F05BFF002004F038FF34
S3151000EAC041491322452000F0A7FA4FF0FF30E8E73E
S3151000EAD0002004F04DFF584604F04AFF022004F0CF
S3151000EAE047FF002004F024FF38491222452000F089
S3151000EAF093FAEAE7002004F03BFF012004F038FF08
S3151000EB00022004F035FF002004F012FF30491B22CA
S3151000EB10452000F081FAD8E70020029304F028FF80
S3151000EB20012004F025FF022004F022FF002004F04B
S3151000EB30FFFE029B27491A4638A808F0C3FA38A8E0
S3151000EB4006F0FEFC38A982B2452000F065FABCE753
S3151000EB50204604F00DFF012004F00AFF022004F005
S3151000EB6007FF204604F0E4FE1B491722452000F05B
S3151000EB7053FAAAE7002004F0FBFE584604F0F8FE0C
S3151000EB80022004F0F5FE002004F0D2FE13491C22E8
S3151000EB90452000F041FA98E7040000205C1C002094
S3151000EBA0E81C0020C01C0020B41C0020BC1C002047
S3151000EBB0E01C0020000000207CDC0110A81D0020B5
S3151000EBC094DC0110A8DC01102CDC011018DC0110FB
S3151000EBD040DC0110C4DC011000DC01105CDC01100B
S3151000EBE030B54FF0FF33B5B0274A284D10684FF4B3
S3151000EBF08074CDE90143264C002201A905F08CFC56
S3151000EC0000F012F92348C822214600F027F923689C
S3151000EC10AB4205D100F092FA002828DB35B030BDA2
S3151000EC201D491E22472000F0F7F94FF0FF304FF034
S3151000EC30FF314FF0000C256004AB34AAC3E9020182
S3151000EC40C3E9040103F818CB9342F7D1C02204A9F3
S3151000EC50124807F05BFC0F4800F0FEF80C490D480F
S3151000EC60C82200F033F900F069FA0028D6DA00203D
S3151000EC7004F07EFE012004F07BFE022004F078FEF4
S3151000EC80002004F055FEFEE704000020EFBEADDEC6
S3151000EC90E81C002000C00710F0DC0110F01C00205A
S3151000ECA030B5ADF5025D83B08022002102A806F0D2
S3151000ECB0B3FC4C484C4C4D4DFFF7BEFBFFF790FF95
S3151000ECC04B491022472000F0A7F90622214647207B
S3151000ECD000F0A2F9002004F04BFE012004F048FEDB
S3151000ECE0022004F045FE012004F022FE0DF106027A
S3151000ECF022A90DF1050000F0CDF90346002083424C
S3151000ED0024DB9DF805304C2B4FF0000057D0532BC9
S3151000ED1041D0442B2BD0002004F02AFE012004F011
S3151000ED2027FE022004F024FE002004F001FE9DF8C8
S3151000ED300520294602A808F0C5F902A806F000FC2D
S3151000ED4002A982B2452000F067F9BEE704F010FE72
S3151000ED50012004F00DFE022004F00AFE002004F04B
S3151000ED60E7FD24492022452000F056F9ADE704F0CE
S3151000ED70FFFD012004F0FCFD022004F0F9FD002047
S3151000ED8004F0D6FD022004F0D3FDBDF8060022A93A
S3151000ED90FFF7B6FD99E704F0EBFD012004F0E8FD5E
S3151000EDA0022004F0E5FD002004F0C2FD012004F06D
S3151000EDB0BFFDBDF8060022A9FFF7C6FC85E704F0E3
S3151000EDC0D7FD012004F0D4FD022004F0D1FD01206E
S3151000EDD004F0AEFD022004F0ABFDFFF74BFCFFF78D
S3151000EDE079FC72E710DD0110A0DD0110CCDD0110F9
S3151000EDF08CDD0110A8DD0110094A536AD90703D525
S3151000EE00516A21F0010151629B0700D47047044AF0
S3151000EE100448536A23F00203536207F0ABBF00BFE6
S3151000EE2000900240E4DD011008B50849172004F0EF
S3151000EE30E1FF074B4FF400021A604FF4407005F0E3
S3151000EE401DF9BDE80840034805F044BBF9ED001074
S3151000EE5000E100E000A0024011F0FABC70B5194CB8
S3151000EE60EAB04FF4C87205460E4606A8002106F011
S3151000EE70D3FB20686168A268E3680DF1080CACE862
S3151000EE800F0028464FF4C872614605F0F5F80023C6
S3151000EE9000930D494FF4B87306AA62A8FFF776FAE5
S3151000EEA060B902AB05460093224633464FF4B8715B
S3151000EEB006A8FFF737FA28466AB070BD4FF0FF353F
S3151000EEC0F9E700BF7C1C00201C1C00202DE9F04136
S3151000EED04FF4C878EAB005460E461746002142465A
S3151000EEE006A806F099FB104C02AB009320686168E7
S3151000EEF0A2689C46E368ACE80F0022466346394692
S3151000EF003046FFF729FA01224FF4B87300920749E9
S3151000EF1006AA62A8FFF73AFA06AA4146284605F05D
S3151000EF20A9F86AB0BDE8F0817C1C00201C1C0020EA
S3151000EF3081B32DE9F047DFF8608082B00F46451E99
S3151000EF40002444F2251902AE00F00EF900281ADB4F
S3151000EF500134BC4205F8010F18D0E3B2002BF3D1EF
S3151000EF60CDF804900DF1040A1AF8010B00F002F91D
S3151000EF70B245F9D1D8F80030986806F091FF00F044
S3151000EF80F3F80028E4DA02B0BDE8F087002002B0FA
S3151000EF90BDE8F087002070471800002000B583B048
S3151000EFA00023019300F0E0F8C0B225288DF8040084
S3151000EFB0F8D100F0D9F8022103460DF106008DF8BC
S3151000EFC00530FFF7B5FF9DF80500413818BF4FF023
S3151000EFD0FF30C0B203B05DF804FB00BFF8B591B1C5
S3151000EFE017460E46451E0024013415F8010F00F091
S3151000EFF0C1F8B442E3B206D0002BF5D1002FF3D0FE
S3151000F000FFF7CCFFF0E7034B1B68986806F048FF44
S3151000F0100020F8BD180000202DE9F04182B025230C
S3151000F0200646174688468DF804308DF80500ADF86B
S3151000F030062001AC02AD14F8010B00F09BF8AC42AF
S3151000F040F9D1134B1B68986806F02AFF412E02D09F
S3151000F050472E04D197B9002002B0BDE8F081FFF722
S3151000F0609DFF002FF7D0012239464046FFF7B6FF25
S3151000F070FFF794FF002002B0BDE8F0810022394668
S3151000F0804046FFF7ABFF002002B0BDE8F08100BF9D
S3151000F09018000020F0B583B000230093002848D054
S3151000F0A00E461546044600F05FF8C0B225288DF8C6
S3151000F0B00000F8D100F058F802218DF801000DEB90
S3151000F0C00100FFF735FF9DF80130237015B1BDF82B
S3151000F0D002202A80412B02D1002003B0F0BD44F259
S3151000F0E02513019301AC02AD14F8010B00F042F8A0
S3151000F0F0A542F9D1104F3B68986806F0D1FEBDF8CD
S3151000F10002100029E8D026B13046FFF711FF00287B
S3151000F1100FDB44F22513019301AC02AD14F8010B79
S3151000F12000F028F8A542F9D13B68986806F0B8FEB9
S3151000F130D2E74FF0FF30D0E71800002010B508488E
S3151000F14002224FF4E13105F0BBFE044608B9204611
S3151000F15010BD2146034807F0F9FF204610BD00BF39
S3151000F160002004400CDE0110014805F0A1BF00BFCD
S3151000F17000200440024A53681B06FCD410627047F4
S3151000F180002004402DE9F04F87B00D684F688E6857
S3151000F190CC68CDE9003203682DBA5D4043683FBAAA
S3151000F1A05F40836836BA5E40C368F9B2F2B224BAD9
S3151000F1B05C4001F54071EA4B02F540725FFA84FE3D
S3151000F1C053F8218053F822100EF5407E2A0E53F87C
S3151000F1D02EE053F822205FFA85FC82EA0E020CF527
S3151000F1E0407C4FEA176E53F82CC053F82EE08EEA87
S3151000F1F00C0E4FEA166C53F82CC08CEA080C4FEA2A
S3151000F200146853F8288088EA0101C7F30748C7F342
S3151000F210072707F50077029153F827B00169C6F35F
S3151000F2200747C6F3072606F5007608F5807853F8E3
S3151000F230269053F828A0C4F30746C4F3072407F50D
S3151000F240807704F500744A40416953F8278053F8D3
S3151000F250247006F58076C5F30744C5F307258EEAB4
S3151000F260010E05F50075816953F8266053F825508F
S3151000F2708CEA010C04F580748CEA060C8CEA050CF9
S3151000F28053F82440C56902996940614081EA0B012F
S3151000F290CCB28EEA080E04F540748EEA070E53F8C7
S3151000F2A02450CEF3074404F5807482EA0A0253F818
S3151000F2B024705FFA8EF404F5407482EA090203940E
S3151000F2C05FFA8CF404F54079140ED6B2C2F3074BEC
S3151000F2D0C2F3072253F82440CDF8149002F50072B9
S3151000F2E00492CCF30728026A08F500786C40544063
S3151000F2F04FEA1E697C4006F5407653F8287053F89D
S3151000F3002660039ACEF3072E67400EF5007A53F85F
S3151000F3102940DDF8149053F82AA04FEA1C6ECCF35E
S3151000F320074C0CF5807574404FEA116C53F82E603B
S3151000F33053F822E00295029A53F82CC086EA0E067C
S3151000F34053F829E0C1F30745C1F3072101F5007110
S3151000F3508CEA0E0C53F822E0049A53F8219053F8D5
S3151000F3602210426A05F580755440826A53F825804A
S3151000F37056400BF5807B86EA08064E40C16A53F864
S3151000F3802B508CEA010C8CEA050C8CEA0A0C5FFAFD
S3151000F3908CF284EA0E0402F5407284EA090453F8EA
S3151000F3A02210C4F3074202F5807253F822A0C6F366
S3151000F3B0072202F5007253F822500295FAB202F5AE
S3151000F3C0407253F82250C6F3074202F5807253F882
S3151000F3D022200392CCF3072202F5007253F822E0A2
S3151000F3E0CDF810E0E2B202F540725FFA86FE53F8ED
S3151000F3F022B0CCF3074202F580724FEA1C6C53F828
S3151000F400229053F82C20C7F3072C0CF5007C360EEF
S3151000F41053F82C8053F826604FEA176C86EA0B06D1
S3151000F42053F82CB0C7F307478BEA010B07F5807129
S3151000F430270E0EF5407E53F8277087EA050C056BEC
S3151000F4408BEA050B029D8BEA0A076F40456B8CEA27
S3151000F450050C039D8CEA050C049D8CEA050C856B46
S3151000F4606E4053F82E50C4F3072482EA050E04F5B5
S3151000F470007453F82150C16B53F824208EEA010E04
S3151000F4808EEA050E8EEA020E5FFA8EF202F54072D1
S3151000F49086EA090653F82210FAB202F5407286EA95
S3151000F4A0080653F822805FFA8CF202F5407253F880
S3151000F4B02250F2B202F5407253F822403A0E53F837
S3151000F4C0222051404FEA1C6253F8222082EA080299
S3151000F4D04FEA166853F8288088EA05054FEA1E6831
S3151000F4E053F8288088EA0404CCF30748CCF3072C99
S3151000F4F008F580780CF5007C53F828B0029453F880
S3151000F5002C400394C6F3074C0CF5807CC6F30726F3
S3151000F51006F5007653F82C90046C53F826A0CEF31B
S3151000F520074CCEF3072E0EF500766140446C53F867
S3151000F53026800CF5807CC7F30746C7F30727624081
S3151000F54007F50077846C53F82CE053F82770654064
S3151000F55085EA0E0506F580767D40029CC76C01E0B3
S3151000F56060F3011053F826607C40039F74407C4082
S3151000F570E6B282EA090206F5407682EA080253F8F4
S3151000F5802670C2F3074606F5807681EA0B0153F81A
S3151000F59026C0CDF808C0C5F3074C0CF5807B5FFA82
S3151000F5A082FC81EA0A01C5F307260CF540795FFA59
S3151000F5B085FC2D0E04950D0E06F5007653F8255094
S3151000F5C053F826E0CDF80CE0CEB26F4006F5407643
S3151000F5D0150E53F8266053F8255053F829907540A8
S3151000F5E0066D7740029E7740039E7740466D7540C4
S3151000F5F053F82B60DDF810B04FEA1468C4F3074EC9
S3151000F600C4F307240CF5407A754004F5007453F8DA
S3151000F6102B60C1F3074CC2F30722C1F3072186EA18
S3151000F620090902F5007253F8286053F82A8053F836
S3151000F63024400EF5807E01F5007153F82EA00CF5CE
S3151000F640807C85EA040E53F8214053F82210826D0F
S3151000F65086EA080653F82C8089EA020CC26D5640D9
S3151000F66086EA08064E40F2B202F540728CEA0A0C9F
S3151000F67053F82280FAB202F540728CEA040C53F861
S3151000F68022505FFA8EF202F5407253F822405FFA6A
S3151000F6908CF202F5407253F822103A0E53F82220DB
S3151000F6A082EA08024FEA1E6853F8288088EA0505A0
S3151000F6B04FEA1C6853F8288088EA04044FEA166853
S3151000F6C053F8288088EA0101CEF30748CEF3072EB7
S3151000F6D00EF5007E029153F82E100391CCF3074ECF
S3151000F6E0CCF3072C0CF5007C016E53F82CA0C6F356
S3151000F6F0074CC6F3072608F5807806F500764A40CB
S3151000F700416E53F828B053F826800EF5807E0CF51E
S3151000F710807CC7F30746C7F307274D4007F50077E8
S3151000F720816E53F82E9053F82CE053F827704C4006
S3151000F73084EA0E0406F580767C400299C76E53F86B
S3151000F74026607940039F7140794082EA0B0285EA70
S3151000F750090582EA0A0285EA08055FFA81F8170E9A
S3151000F76008F540785FFA82FEE6B253F8279053F810
S3151000F77028700EF5407E5FFA85FC06F540760CF58E
S3151000F780407C53F826B053F82C8089EA07072E0ED2
S3151000F79053F82E9053F82660C5F3074EC5F3072588
S3151000F7A04FEA146C0EF5807E05F5007553F82EA001
S3151000F7B053F82CC053F825E0C4F30745C4F30724C7
S3151000F7C004F500748CEA080C4FEA116886EA0906FB
S3151000F7D053F8249053F82880C1F30744C1F3072146
S3151000F7E005F5807504F5807401F5007188EA0B0B38
S3151000F7F053F8258053F8245053F82140C2F307419B
S3151000F800C2F3072202F5007201F5807153F8222027
S3151000F8100292026F53F821105740426F564086EA03
S3151000F82008066640846F029A8CEA040CC46F8CEA50
S3151000F830050C8BEA04048CEA020C4C4072465440C8
S3151000F840E2B202F5407287EA0A0753F82250C6F36D
S3151000F850074202F5807287EA090753F822200292BE
S3151000F860CCF3072202F50072C7F3074953F82210AA
S3151000F8700391FAB202F5407209F5807953F8221015
S3151000F880CCF3074202F5807253F822E0CDF810E06F
S3151000F890C4F3072202F500725FFA8CFE53F8228039
S3151000F8A0CDF81480F2B202F540724FEA1C6C53F890
S3151000F8B0222053F82CC08CEA02024FEA176CC7F3C9
S3151000F8C0072753F82CB08BEA050B350E07F5007C8D
S3151000F8D053F82550029F85EA010AD0F880508BEA2A
S3151000F8E0050B039D8BEA07076F40D0F884508AEA10
S3151000F8F0050A049D4FEA14688AEA050AC4F3074408
S3151000F900059D53F82880C6F3072604F5807406F57E
S3151000F91000718AEA0506D0F8885053F8244053F847
S3151000F92021100EF5407E6A4053F82E5082EA040EDE
S3151000F93053F82C2053F829408EEA020ED0F88C206A
S3151000F94088EA050585EA020C8CEA040C8CEA010C9F
S3151000F9505FFA8CF202F540724FEA176853F82210DC
S3151000F96053F82880FAB202F5407288EA01014FEA8C
S3151000F970166853F8225053F82880F2B202F54072F6
S3151000F98088EA05054FEA1E6853F8224053F8288086
S3151000F9905FFA8EF288EA040402F540724FEA1C6898
S3151000F9A053F8222053F8288088EA0202C6F3074843
S3151000F9B0C6F3072606F50076029253F82620039220
S3151000F9C0CEF3074606F58076CEF3072E53F826902B
S3151000F9D0CCF3074608F580780EF5007E06F580769E
S3151000F9E053F828B053F82EA053F826E0D0F89020FC
S3151000F9F05140D0F89420C7F30746C7F30727554060
S3151000FA0007F50077D0F8982053F82770544006F57C
S3151000FA10807684EA0E04029A53F826607C40D0F869
S3151000FA209C70CCF3072C7A400CF5007C7240009E3B
S3151000FA3053F82C80039F81EA0B0185EA0905052EF0
S3151000FA4081EA0A0185EA080582EA070240F2ED8199
S3151000FA50D6B206F54076C5F3074E53F82670CEB2E9
S3151000FA6006F540760EF5807E53F826C0EEB206F502
S3151000FA70407653F82680E6B206F5407653F826B05F
S3151000FA800E0E53F8266077402E0EC5F3072553F851
S3151000FA90266005F5007586EA0C064FEA146C53F8D5
S3151000FAA025A053F82CC0C4F30745C4F3072404F566
S3151000FAB000748CEA080C4FEA126853F8249053F835
S3151000FAC02880C2F30744C2F3072205F5807502F5B4
S3151000FAD0007288EA0B0B53F82E8053F825E053F882
S3151000FAE02250C1F3074202F5807204F5807453F870
S3151000FAF022200292D0F8A02053F824405740D0F884
S3151000FB00A420564086EA0E06C1F30721754001F57A
S3151000FB100071D0F8A86053F82110029A8CEA060CEE
S3151000FB208CEA040C8CEA010CD0F8AC108BEA0106B6
S3151000FB30564052465640F2B202F54072CCF3074494
S3151000FB4053F82210C5F3074202F5807204F580744B
S3151000FB5053F822B053F824400394CCF30722C6F38B
S3151000FB60072402F5007287EA080704F5007487EA8D
S3151000FB70090753F8222053F824E00292ECB2FAB2A5
S3151000FB80CDF810E002F540725FFA8CFE04F5407471
S3151000FB904FEA1C6C53F8222053F8244053F82CC01B
S3151000FBA08CEA04044FEA176C4FEA166853F82CC017
S3151000FBB053F828808CEA01014FEA156CC6F3074604
S3151000FBC053F82CA08AEA020AD0F8B0205140029AC3
S3151000FBD081EA0B015140D0F8B4208AEA020A039A4E
S3151000FBE08AEA020A049AC5F3072506F5807605F512
S3151000FBF0007CC7F307498AEA0205C7F30727D0F83E
S3151000FC00B82053F8266007F500770EF5407E54406D
S3151000FC10744053F8276053F82E2053F82C7009F5CA
S3151000FC2080797440D0F8BC6053F829E088EA020263
S3151000FC307240009E82EA0E02062E82EA070200F049
S3151000FC40F480D6B206F54076C5F3074E53F8267003
S3151000FC50CEB206F540760EF5807E53F826C0EEB28B
S3151000FC6006F5407653F82680E6B206F5407653F848
S3151000FC7026B00E0E53F8266077402E0EC5F30725D4
S3151000FC8053F8266005F5007586EA0C064FEA146CE3
S3151000FC9053F825A053F82CC0C4F30745C4F3072422
S3151000FCA004F500748CEA080C4FEA126853F8249095
S3151000FCB053F82880C2F30744C2F3072205F580756E
S3151000FCC002F5007288EA0B0B53F82E8053F825E0E4
S3151000FCD053F82250C1F3074202F5807204F580747E
S3151000FCE053F822200292D0F8C02053F824405740EF
S3151000FCF0D0F8C420564086EA0E06C1F30721754097
S3151000FD0001F50071D0F8C86053F82110029A8CEAF8
S3151000FD10060C8CEA040C8CEA010CD0F8CC108BEA99
S3151000FD200106564052465640F2B202F54072CCF3E6
S3151000FD30074453F82210C5F3074202F5807204F502
S3151000FD40807453F822B053F824400394CCF307225E
S3151000FD50C6F3072402F5007287EA080704F5007453
S3151000FD6087EA090753F8222053F824E00292ECB2EE
S3151000FD70FAB2CDF810E002F540725FFA8CFE04F587
S3151000FD8040744FEA1C6C53F8222053F8244053F861
S3151000FD902CC08CEA04044FEA176C4FEA166853F825
S3151000FDA02CC053F828808CEA01014FEA156CC6F373
S3151000FDB0074653F82CA08AEA020AD0F8D020514000
S3151000FDC0029A81EA0B015140D0F8D4208AEA020A3D
S3151000FDD0039A8AEA020A049AC5F3072506F580767D
S3151000FDE005F5007CC7F307498AEA0205C7F307271A
S3151000FDF0D0F8D82053F8266007F500770EF5407E28
S3151000FE005440744053F8276053F82E2053F82C7042
S3151000FE1009F580797440D0F8DC6053F829E088EA57
S3151000FE200202724082EA0E027A40D6B206F5807657
S3151000FE304FEA146913F826C0C5F3074606F540764F
S3151000FE4009F5007953F8266053F8299006F47F08CF
S3151000FE500E0E06F500765FFA84FA53F8266006F061
S3151000FE607F4648EA0608CEB206F580760AF5807A0D
S3151000FE7013F82670C4F3074606F54076C4F3072434
S3151000FE8053F8266006F47F0E2E0E06F5007609F05E
S3151000FE907F4953F8266006F07F464EEA060EEEB20C
S3151000FEA0C5F307254FEA126B53F8255005F47F4525
S3151000FEB00295C2F3074505F54075C2F3072253F8BC
S3151000FEC0255053F8222005F47F0545EA090553F815
S3151000FED0249013F82A40C1F3074A0BF5007B06F568
S3151000FEE08076C1F307210AF5407A13F8266053F895
S3151000FEF0211053F82AA053F82B3002F47F4B009AA6
S3151000FF000AF47F0A03F07F434AEA030300EB421A1E
S3151000FF10520109F47F4982588CEA020CDAF804205F
S3151000FF205740DAF808205640DAF80C205440029A66
S3151000FF3001F47F418CEA090C87EA0B074E405440C6
S3151000FF4001998CEA080C87EA0E076E405C409CFA11
S3151000FF508CFC3FBA36BA24BAC1F800C04F608E6026
S3151000FF60CC6007B0BDE8F08F2DE9F04F87B00D6873
S3151000FF704C68D1F80890CE68CDE9003203682DBAE6
S3151000FF805D40436824BA5C40836899FA89F989EA26
S3151000FF900309C3685FFA84FC5FFA89F7EAB236BAD6
S3151000FFA05E400CF5407CE84B07F5407702F5407251
S3151000FFB0F1B253F82C8053F827C053F8227001F58C
S3151000FFC040712A0E53F821E053F82210220E81EACE
S3151000FFD0080153F8222082EA0C024FEA196C0292A9
S3151000FFE053F82CC08CEA0E0C4FEA166E53F82EB04E
S3151000FFF08BEA070BC6F30747C6F3072606F5007606
S3151001000007F5807753F826E053F827A0C5F307467E
S31510010010C5F3072506F5807605F5007553F8268094
S3151001002053F82560C4F30745C4F3072404F5007497
S3151001003005F5807553F8242003920269029C53F842
S31510010040257051404269C9F30745C9F30729544040
S3151001005005F5807509F5007984EA080282EA0E022F
S3151001006053F8255053F82990D0F818E0039C8CEAE0
S315100100700E0C8CEA070C8CEA060CC6698BEA060B89
S315100100808BEA050BD5B205F540758BEA040453F8D6
S315100100902560C4F3074505F5807581EA0A0153F811
S315100100A0257002975FFA8CF581EA090105F5407B07
S315100100B0E5B205F5407ECDB205F540790D0E4FEA54
S315100100C01268C2F3074AC2F3072253F82550CDF836
S315100100D00CE002F500720592CCF30727026A75400F
S315100100E007F500775540029A53F8277055406F402F
S315100100F0039A53F8285053F82B804FEA1C6ECCF311
S31510010100074C0CF5807653F82EE004964FEA146CE2
S3151001011085EA080553F82280059A53F82CC0C1F3D5
S3151001012007460AF5807A06F580768EEA080EC4F33C
S31510010130072453F8298053F82A9053F822A0426ACB
S3151001014004F500748CEA080C53F8268053F8244001
S31510010150049E554085EA0805C1F30721654001F55E
S315100101600071846A53F8211053F826608EEA040E42
S315100101708EEA090E8EEA010EC16AEAB28CEA010C08
S315100101808CEA060C02F540728CEA0A0CC7F3074199
S3151001019053F822A0CCF3074202F5807201F5807163
S315100101A053F8222053F821100391CCF3072101F5BE
S315100101B00071029253F82180CDF810805FFA8CF10C
S315100101C001F540714FEA1C6C53F8214053F82CB0DD
S315100101D0C5F3074101F58071CEF3072253F821804B
S315100101E0C7F3072101F5007102F5007253F821C01A
S315100101F053F82260F9B23F0E5FFA8EF253F8277068
S3151001020002F5407287EA0A0A2F0E53F8222053F894
S315100102102770C5F3072587EA020905F500724FEA2B
S315100102201E6501F5407153F8257053F8211067408A
S31510010230046B8AEA040A029C8AEA040A446B89EA74
S315100102400409039C89EA0409049C8BEA010B89EAD7
S31510010250040553F82210846BC26BCEF3074E0EF5CC
S31510010260807E67408BEA020BEAB253F82E4087EA8A
S31510010270080702F5407287EA0C078BEA040B53F85C
S315100102802240FAB202F540728BEA010B53F822E0D2
S315100102905FFA8BF202F540728AEA060653F82210CB
S315100102A0F2B202F5407253F82280320E53F8222030
S315100102B054402A0E53F8222082EA0E024FEA176E94
S315100102C0029253F82EE08EEA01014FEA1B6E53F8A3
S315100102D02EE08EEA0808CBF3074ECBF3072B0BF56E
S315100102E0007C0EF5807E53F82C2053F82EB0039225
S315100102F0C6F3074CC6F307260CF5807C06F5007687
S3151001030053F82C9053F826C0026CC5F3074606F530
S315100103108076544053F826E0029AC7F30746C7F38E
S31510010320072707F5007784EA0B0453F8277084EA48
S31510010330070A476C039C7A40876C82EA0902C5F367
S31510010340072506F5807601E060E30110624005F5A8
S31510010350007581EA0704C76C53F8266053F82550D7
S3151001036088EA070184EA0E0484EA0C047140CAF390
S31510010370074C69400CF5807CCDF80CC05FFA81FC06
S315100103800CF5407ED5B25FFA8AFC0CF5407905F57D
S3151001039040754FEA1A6C53F8255053F82CB0CDF826
S315100103A010E0E7B28BEA050B07F54077150EC1F39E
S315100103B0074653F8277053F8255006F580767D4089
S315100103C053F82660076D02968BEA070B029F8BEA9C
S315100103D0070B476D7D40039FC4F3072653F827701B
S315100103E04FEA14684FEA116E06F50076C1F307213C
S315100103F001F5007153F82660C2F3074C7D40C2F334
S31510010400072253F82870DDF8108053F8211053F89D
S31510010410288053F82EE002F500724D400CF5807CD1
S3151001042053F82210826D53F82CC087EA0807CAF3D5
S31510010430072A53F829800AF5007A5740C4F307446E
S31510010440C26D8EEA080E04F5807453F82A8053F8AB
S31510010450244087EA0C078EEA020CEAB202F54072D2
S3151001046087EA08078CEA040C53F82240FAB202F51F
S3151001047040728CEA010C53F822105FFA8CF202F5E5
S3151001048040728BEA060653F82280F2B202F54072E8
S3151001049053F822E0320E53F8222054402A0E53F814
S315100104A0222051403A0E53F8222082EA08024FEADE
S315100104B01C68029253F82880026E88EA0E0ECCF35D
S315100104C00748CCF3072C08F580780CF5007C53F817
S315100104D028B053F82C80C6F3074CC6F307260CF543
S315100104E0807C06F5007653F82C9053F826C0C5F398
S315100104F0074606F58076544053F826A0029AC7F3AC
S315100105000746C7F3072707F5007784EA0B0453F864
S3151001051027707C40476EC5F30725794005F50075B0
S31510010520876E53F8255006F580767A4053F8266083
S31510010530C76E82EA0A0282EA0C0281EA09018EEA90
S31510010540070C81EA08018CEA060C8CEA050C5FFAA5
S3151001055081F85FFA82FEE5B2260E08F540780EF5AF
S31510010560407E05F5407553F8269053F8286053F8E8
S315100105702E8053F825E00D0E5FFA8CF753F82550AF
S3151001058007F5407785EA08054FEA126853F8277090
S3151001059053F8288088EA07074FEA1C68C2F3074A0E
S315100105A053F82880C2F3072202F5007288EA0E0872
S315100105B0CCF3074E53F8222002920EF5807E026F7D
S315100105C053F82EB089EA06065640029AC4F3074E2E
S315100105D086EA0B065640CCF3072C426F0EF5807E49
S315100105E00CF5007C53F82EE053F82CC05540826F61
S315100105F0C1F307490AF5807AC1F3072185EA0E0589
S31510010600574001F50071C26F53F82AA053F8211013
S3151001061085EA0C0C88EA020E5FFA8CF28EEA0A0E53
S3151001062002F54072C4F3072409F580798EEA010EAA
S3151001063004F5007453F8221053F8299053F8244006
S31510010640CEF3074202F5807287EA0907674053F82D
S3151001065022200292C7F3072202F5007253F8228074
S31510010660CDF80C80FAB202F540725FFA86F853F8AB
S315100106702240C6F3074202F5807208F5407853F816
S315100106802290CDF81090CEF3072202F50072CCF32A
S31510010690074953F822505FFA8EF24FEA1E6ECDF8D3
S315100106A014E04FEA166EC6F3072653F82EB08BEAFE
S315100106B0010B06F500714FEA1C6602F5407253F8FC
S315100106C0266053F8222086EA040A3C0EC7F3074730
S315100106D053F8244084EA020ED0F880408BEA040BCA
S315100106E0029C8BEA040B039C8BEA0406D0F8844027
S315100106F08AEA040A049C8AEA040AD0F8884007F5B3
S3151001070080728EEA0407DDF814E053F8284053F896
S315100107102EE009F580798EEA040453F829E087EA78
S315100107200E0753F822E053F82120CCF3072C57403B
S315100107300CF5007CD0F88C2053F82C108AEA0505AC
S3151001074084EA020CEAB202F540728CEA0E0C53F8F6
S315100107502240FAB202F540728CEA010C53F82210CB
S315100107605FFA8CF202F5407253F82280F2B202F56A
S31510010770407253F822E0320E53F8222054402A0ECA
S3151001078053F8222051403A0E53F8222082EA0802E9
S315100107904FEA1C68029253F8288088EA0E08CCF3B7
S315100107A0074ECCF3072C0CF5007C0EF5807E53F822
S315100107B02CA053F82EB0C6F3074CC6F307260CF53A
S315100107C0807C06F5007653F82C9053F826C0C5F3B5
S315100107D0074606F58076C5F3072505F5007553F826
S315100107E026E053F82550D0F89020C7F30746C7F3F3
S315100107F0072707F50077544053F82770029A84EAC1
S315100108000B047C40D0F894707940D0F8987006F5B6
S3151001081080767A40D0F89C7053F8266082EA0E02F0
S3151001082082EA0C0288EA070C8CEA060C8CEA050CA3
S31510010830009D81EA0901052D81EA0A0140F2EE8146
S31510010840CDB205F54075C2F3074A53F82560D5B206
S3151001085005F54075C1F3074953F825805FFA8CF504
S3151001086005F540750AF5807A53F8257053F82AA0D4
S31510010870E5B205F5407509F5807953F825E053F889
S315100108802990250E53F825506E400D0EC1F3072100
S3151001089053F8255085EA08054FEA1268C2F3072274
S315100108A053F8288088EA07074FEA1C6802F5007298
S315100108B053F8288053F82220029288EA0E08CCF3C6
S315100108C0074E0EF5807ED0F8A02053F82EB0564074
S315100108D0029AC4F3074E86EA0B065640CCF3072C50
S315100108E0D0F8A4200EF5807E0CF5007C53F82EE08E
S315100108F053F82CC05540D0F8A82085EA0E0557406C
S3151001090001F50071D0F8AC2053F8211085EA0C05D9
S31510010910C4F3072488EA020CEAB28CEA0A0C02F53F
S31510010920407204F500748CEA010C53F822E053F876
S315100109302440CCF3074287EA090702F58072674023
S3151001094053F82240C7F3072202F500724FEA1668E0
S3151001095053F8229053F82880FAB202F540724FEA02
S315100109601C6A53F82210C6F3074202F5807288EA10
S315100109700E0853F822B0CCF3072202F500724FEAA3
S31510010980156E53F8222002925FFA8CF202F540722C
S315100109905FFA86FCC6F3072606F5007653F8222081
S315100109A0039653F82EE08EEA01014FEA176E0CF505
S315100109B0407C53F82EE053F82CC08EEA0206D0F88C
S315100109C0B02088EA0208D0F8B420C5F3074E51408A
S315100109D0029A0EF5807E81EA0B015140D0F8B820BB
S315100109E053F82EE0564086EA0E02039EC5F30725FC
S315100109F053F8266005F5007588EA0408C7F307471A
S31510010A0088EA090453F82A9007F58077724053F85B
S31510010A102560D0F8BC5053F8277089EA0C0C8CEA83
S31510010A20050C009D8CEA070C062D8CEA060C00F0CD
S31510010A30F580CDB205F54075C2F3074A53F8256026
S31510010A40D5B205F54075C1F3074953F825805FFA0C
S31510010A508CF505F540750AF5807A53F8257053F82B
S31510010A602AA0E5B205F5407509F5807953F825E018
S31510010A7053F82990250E53F825506E400D0EC1F3EB
S31510010A80072153F8255085EA08054FEA1268C2F383
S31510010A90072253F8288088EA07074FEA1C6802F5EF
S31510010AA0007253F8288053F82220029288EA0E0821
S31510010AB0CCF3074E0EF5807ED0F8C02053F82EB039
S31510010AC05640029AC4F3074E86EA0B065640CCF3FB
S31510010AD0072CD0F8C4200EF5807E0CF5007C53F857
S31510010AE02EE053F82CC05540D0F8C82085EA0E05E3
S31510010AF0574001F50071D0F8CC2053F8211085EA42
S31510010B000C05C4F3072488EA020CEAB28CEA0A0C33
S31510010B1002F5407204F500748CEA010C53F822E0D8
S31510010B2053F82440CCF3074287EA090702F580728D
S31510010B30674053F82240C7F3072202F500724FEAC5
S31510010B40166853F8229053F82880FAB202F54072CB
S31510010B504FEA1C6A53F82210C6F3074202F5807257
S31510010B6088EA0E0853F822B0CCF3072202F5007278
S31510010B704FEA156E53F8222002925FFA8CF202F5B3
S31510010B8040725FFA86FCC6F3072606F5007653F81F
S31510010B902220039653F82EE08EEA01014FEA176ED2
S31510010BA00CF5407C53F82EE053F82CC08EEA020661
S31510010BB0D0F8D02088EA0208D0F8D420C5F3074E21
S31510010BC05140029A0EF5807E81EA0B015140D0F810
S31510010BD0D82053F82EE05640C7F30747C5F307252B
S31510010BE086EA0E0207F58077039E53F8277053F8AD
S31510010BF0266005F5007588EA040888EA090453F8A1
S31510010C002A9053F82550D0F8DC3089EA0C0C8CEA7E
S31510010C10030C8CEA070C72408CEA050C314B250E3D
S31510010C20CEB25D5D9E5D46EA05660D0E5FFA8CFEDF
S31510010C305F5D13F80EE0D5B25D5D45EA0765170EE7
S31510010C40DF5D4EEA076E4FEA1C6713F80780E7B2BD
S31510010C50DF5D47EA0867CCF30748CCF3072C13F896
S31510010C60088013F80CC046EA0846C4F30748C4F3D3
S31510010C70072413F8088045EA084545EA0C2513F8B8
S31510010C8004C0C1F30744C1F307211C5D4EEA0444B5
S31510010C9044EA0C2413F801C0C2F30741C2F3072238
S31510010CA0595C9B5C009A46EA032300EB42165201FB
S31510010CB047EA014182585340726885EA0200B268D8
S31510010CC0019D6240F46841EA0C211BBA2B6081EA4E
S31510010CD0040300BA12BA1BBA6860AA60EB6007B0C7
S31510010CE0BDE8F08F60E20110002800F048822DE97E
S31510010CF0F04FA2F11006102E85B0174600F23C8275
S31510010D00C24DF540EC0740F137829608B51D88466D
S31510010D100446C0F8F420C0F8F050002B78D0D3F870
S31510010D2000E0D3F804C09D68DB68C0F80431C0F850
S31510010D30F8E0C0F8FCC0C0F8005105F0E7FB254605
S31510010D4004EB86062346186800BA43F8040B9E4244
S31510010D50F9D141463A46204605F0D8FB2346196893
S31510010D6009BA43F8041B9E42F9D1182F00F0BC8131
S31510010D70202F00F03F81DFF898E22668E168A54B45
S31510010D80D4E9017C0EF12808204600E01030CAB2E1
S31510010D904FEA116909F5807953F8222013F8299041
S31510010DA002F47F4242EA0902C1F3074909F50079C3
S31510010DB053F8299009F07F4982EA0902C1F30729FC
S31510010DC009F5407953F8299009F47F0982EA090255
S31510010DD05EF8049B82EA0902564077408CEA070CBA
S31510010DE081EA0C01F045C0E90467C0E906C1CDD11D
S31510010DF00E9A0020012A8DF80C008DF80D008DF841
S31510010E000E008DF80F000ED0002005B0BDE8F08F52
S31510010E10C0F8F830C0F8FC30C0F80031C0F8043121
S31510010E2005F074FB8BE7D4F8F0205FEA820C1DD035
S31510010E3004EB021221460F6816680E6017604F68A0
S31510010E4056684E6057608E6897688F609660CE6858
S31510010E50D768CF600430D660ACEB0006B04201F122
S31510010E601001A2F11002E6D3D4F8F0200021012AD4
S31510010E708DF80C108DF80D108DF80E108DF80F10D1
S31510010E80C2D9654A01272E695FFA86FCC6F307495E
S31510010E900CF5807C310E09F5807913F82CC013F806
S31510010EA029A001F58071C6F3072606F5807613F899
S31510010EB0211013F8269052F821800CF5407C0AF582
S31510010EC08076D5E9050152F82CC052F8266009F54D
S31510010ED0007988EA0C0888EA06065FFA80FC52F85F
S31510010EE029800CF5807C86EA08064FEA10692E6186
S31510010EF013F82CC0C0F3074609F5807906F58076FC
S31510010F00C0F3072013F829A013F826600CF5407CCE
S31510010F1000F5807052F82CE013F8209052F82A0050
S31510010F2006F5807680EA0E0009F5007E52F82680D5
S31510010F3052F82EE05FFA81FC80EA0800C1F30746F9
S31510010F4080EA0E000CF5807C686106F58076080E45
S31510010F5013F82CC013F82660C1F3072100F5807031
S31510010F6001F5807113F8200013F8211052F82000B2
S31510010F700CF5407C06F5807652F82CC052F82660A6
S31510010F8001F5007180EA0C0052F821107040EE69EB
S31510010F904840310E01F58071A86113F82100F1B2B4
S31510010FA001F58071013713F821C052F820100CF5A4
S31510010FB0407C103552F82C00C6F3074C0CF5807C9A
S31510010FC04840C6F3072101F5807113F82CC013F8B8
S31510010FD021600CF5807106F5007652F8211041401A
S31510010FE052F826004140E960D4F8F0108F42FFF420
S31510010FF04AAF09E7DFF82480A3680193D4E900EC2E
S31510011000E068044B08F11C09224636E00101010093
S315100110106003021060F3011060E301105C0302101B
S31510011020C0F3074707F54077566953F8277007F459
S315100110307F0AC0F3072753F8277007F47F474AEA58
S31510011040070A070E07F5007753F8277007F07F4B4D
S31510011050C7B207F5807713F827704BEA070B1769A4
S315100110608AEA070A8AEA0B07176377409669576374
S3151001107077407940C2E90E712032D16958F804AF30
S31510011080019ECFB24FEA116B0BF5807B53F8277097
S3151001109013F82BB007F47F4747EA0B0787EA0A07CD
S315100110A0C1F3074A0AF5007AC14553F82AA00AF096
S315100110B07F4A87EA0A07C1F3072A0AF5407A53F8E5
S315100110C02AA00AF47F0A87EA0A078EEA070E8CEA33
S315100110D00E0C86EA0C0680EA0600C2E908ECC2E9A3
S315100110E00A6001969CD183E6DFF89880D4F800C097
S315100110F06668254BD4E9027E08F12009204606E0F0
S3151001110001698EEA01014A40C0E90A1218304269A2
S3151001111058F804AFD1B24FEA126B0BF5807B53F836
S31510011120211013F82BB001F47F4141EA0B0181EA3A
S315100111300A01C2F3074A0AF5007AC14553F82AA0F3
S315100111400AF07F4A81EA0A01C2F3072A0AF5407AB0
S3151001115053F82AA00AF47F0A81EA0A018CEA010CE3
S3151001116086EA0C0687EA06078EEA070EC0E906C666
S31510011170C0E9087EC4D13BE66FF0AC0045E66FF0DE
S31510011180AC0070475C03021060F3011010B4019CAF
S3151001119028B1F02A03D8019410BCFFF7A5BD6FF052
S315100111A0AC0010BC704700BF00286CD02DE9F84385
S315100111B00E46002964D0002A62D0DBB31B0939D050
S315100111C002F1100401EB031700F1F80900F20715FB
S315100111D000F00308A4F1100389EA0302920737D13C
S315100111E04946B8F1000F28D013F8012B11F801CB9D
S315100111F0A34282EA0C0201F8012CF5D1D0F8F030A5
S315100112005B085A1E062A37D84A464946FDF7BAFFE1
S31510011210D9F80010D9F80420D9F80830D9F80CC03B
S31510011220C6F80CC031607260B3601036BE4204F16C
S315100112301004CFD10020BDE8F88353F804CB51F840
S31510011240042BA34282EA0C0241F8042CF5D1D5E70E
S3151001125000F1F703A4F1110213F801CF12F8011FDF
S315100112609D428CEA010C83F800C0F5D1D0F8F0301C
S315100112705B085A1E062AC7D96FF0E100BDE8F8834C
S315100112806FF0AC00D7E76FF0AC00704700286BD059
S31510011290002969D02DE9F0471646002A67D0002BA0
S315100112A041D01C074FEA131261D1E2B3814601F115
S315100112B00F0506EB021800F5847400F1F807726841
S315100112C0B3683168F068E06062602160A360D9F8A4
S315100112D0F0305B085A1E062AA5F10F0A40D852466D
S315100112E031464846FEF740FE87EA0A039B0728D196
S315100112F01AF0030F3A4619D012F8013B1AF8011BDE
S31510011300944283EA01030AF8013CF5D110362068AC
S315100113106168A268E368FB60464538607960BA6027
S3151001132005F11005CBD10020BDE8F08752F8041B5A
S315100113305AF8043B944283EA01034AF8043CF5D176
S31510011340E4E7A5F1100309F1F70213F801CF12F83A
S31510011350011FAB428CEA010C83F800C0F5D1D5E729
S315100113606FF0E100BDE8F0876FF0AC0070476FF0E9
S31510011370AC00D9E710B590F81431042B044614D0FB
S31510011380062B0CD0032B05D1402200F1700100F081
S315100113906FFD18B9012384F81531002010BD4022C4
S315100113A000F1700102F098F8F3E7402200F17001A4
S315100113B001F092FDEDE700BF042938B50546144644
S315100113C013D0062909D0032917D16FF0010221463E
S315100113D000F02EFDC5F8104138BD6FF0010221460F
S315100113E002F04CF8C5F8104138BD6FF001022146E4
S315100113F001F04EFDC5F8104138BD6FF0AC00C5F8CF
S31510011400104138BDA0B370B50D461646044619B342
S3151001141094F8153183B194F81431042B15D0062B99
S3151001142003D0032B1DD0002070BD3246294620461D
S31510011430BDE8704002F050B82046FFF79BFF002828
S31510011440F2D194F81431042BE9D1324629462046BB
S31510011450BDE8704001F040BD002AD9D06FF0AC0054
S3151001146070BD324629462046BDE8704000F000BDE9
S315100114706FF0AC00704700BF002871D070B50D46F3
S3151001148059B190F81531044653B394F81431042B1D
S315100114902ED0062B04D0032B46D06FF0AC0070BDB6
S315100114A004F1F0063146204602F09CF80028F6D1E8
S315100114B0402204F1B001204602F00EF80028EED1C8
S315100114C020223146204602F007F80028E7D12946A6
S315100114D0204602F087F80028E1D184F8150170BD85
S315100114E0FFF748FF0028DAD194F81431042BD0D134
S315100114F004F1F0063146204601F08EFD0028CED1CA
S31510011500402204F1B001204601F0E6FC0028C6D1C4
S3151001151014223146204601F0DFFC0028BFD12946AE
S31510011520204601F079FDD6E704F1F0063146204652
S3151001153000F020FD0028B2D1402204F1B00120466E
S3151001154000F096FC0028AAD110223146204600F060
S315100115508FFC0028A3D12946204600F00BFDBAE7DF
S315100115606FF0AC00704700BF58B138B504460D4650
S315100115704FF4B072002104F04FF80020C4F8105156
S3151001158038BD6FF0AC007047D0B190F81431042B10
S3151001159010B5044611D0062B0CD0032B01D100F047
S315100115A045FD04F5B0710022234601348C421A70B0
S315100115B0FAD110BD02F0E2F8F3E701F0BFFDF0E752
S315100115C0704700BF2DE9F041002846D00C469046E1
S315100115D01F460546002A49D0E31E052B39D895F832
S315100115E01431D5F81061EBBB0023324685F814414E
S315100115F0214685F815312846FFF7DEFE064628BB3B
S31510011600069B0BB90D2F72D995F81431042B05F1E0
S3151001161070042ED0062B48D0032B1ED1402F34D860
S31510011620B8F1000F04D041463A46204604F06EFF49
S31510011630402F4CD12346B0351A6882F05C3182F0C6
S315100116403632196443F8042B9D42F5D13046BDE874
S31510011650F081A4F10A03032BC1D96FF0AC06304611
S31510011660BDE8F0812846FFF78FFFBDE7002BB3D009
S31510011670F3E7402FD4D93A464146284601F02CFCCF
S3151001168060B306463046BDE8F0813A4641462846E3
S3151001169000F0EEFB0028F4D12146284600F06AFC42
S315100116A0034638BB3022102713E0402FB8D93A46EB
S315100116B04146284601F010FF0028E2D1214628466E
S315100116C001F090FF0346A8B920273A4601E0C7F179
S315100116D04002E019002103F09FFFABE7214628469F
S315100116E001F09AFC034628B92C221427F1E76FF072
S315100116F0C706ABE71E46A9E710B582B001240094D0
S31510011700FFF760FF02B010BDC36CE94A2DE9F04F37
S315100117101A44D0E91534076DD1F800B0466D4D68FD
S31510011720D1F814E0D1F81880D1F81CA0D1F8209086
S3151001173063403B405A4463401344DE4A224407EB5C
S3151001174073632C462A4487EA06051D4075401544E5
S31510011750D94A8DB032448E68019603EB3555324421
S3151001176087EA03062E400A977E401644D34F0A9AFB
S31510011770CDF810E01744CA68029205EBF636174405
S3151001178083EA050232405A403A440F69CDF8148073
S31510011790BC46CB4FCDF80CC0674406EBB2221F44B2
S315100117A085EA060313406B403B44C64FCDF81890AB
S315100117B0774402EB73632F4486EA02051D40754098
S315100117C03D44C14F474403EB3555374482EA03067E
S315100117D02E4056403E44BD4FD1F83080574405EB5C
S315100117E0F636174483EA050232405A403A44B84F56
S315100117F04F4406EBB2221F4485EA060313406B40A1
S315100118003B444F6ABC46B34FCDF81CC0674402EB4C
S3151001181073633D4486EA02071F4077402F448D6A61
S31510011820A5F5244E03EB375782EA030CAEF14F0EA2
S31510011830B6440CEA070CCE6A8CEA020CF444B6469E
S31510011840A54ECDF820E0764407EBFC3C164483EA1E
S31510011850070202EA0C025A403244A04EDFF880E237
S3151001186046440CEBB2221E4487EA0C0313407B401C
S3151001187033444E6BB64402EB736377448CEA020E23
S315100118800EEA030E8EEA0C0EBE44D1E90E97954967
S315100118900994494403EB3E5E614482EA030C0CEA67
S315100118A00E0C8CEA020C8C448F49CDF82CB03944BD
S315100118B00EEBFC3C114483EA0E0202EA0C025A407A
S315100118C00A448A490CEBB222214419448CEA0203D8
S315100118D003EA0E0383EA0C03059C0B44844902EBCD
S315100118E0F36321448E4482EA030101EA0C0151405B
S315100118F0089C7144DFF8FCE103EBF151A644E64480
S3151001190083EA010C0CEA020C8CEA030CF444DFF8AE
S31510011910E8E1079C01EBBC4CDE44964481EA0C02DB
S315100119201A404A40DDF810B07244DFF8D0E10CEBF2
S315100119303232DE449E448CEA02030B4083EA0C03E6
S315100119407344DFF8BCE1DDF80CB002EBF363AE448F
S315100119508E4482EA030101EA0C0151407144DFF819
S31510011960A4E103EBF151BE44E64483EA010C0CEA0F
S31510011970020C8CEA030CF444DFF88CE101EBBC4C4D
S31510011980DE44964481EA0C021A404A407244DFF85A
S315100119907CE1DFF87CB10CEB3232A6449E448CEA32
S315100119A002030B4083EA0C037344DFF868E1029CDF
S315100119B002EBF363CE448E4482EA030101EA0C0181
S315100119C051407144DFF850E103EBF151A644E6446E
S315100119D083EA010C0CEA020C8CEA030C069CF44413
S315100119E0DFF838E101EBBC4CA644964481EA0C02BF
S315100119F01A404A407244DFF828E1019C0CEB32325E
S31510011A00B6449E448CEA02030B4083EA0C037344EA
S31510011A10DFF810E102EBF363A6448E4482EA030178
S31510011A2001EA0C0151407144DFF8FCE0099C03EB1B
S31510011A30F151D644E64483EA010C0CEA020C8CEA15
S31510011A40030CF44401EBBC4CC344934481EA0C02ED
S31510011A5002EA030E8EEA010EDE440CEB3E3E82EAEA
S31510011A600E0B049AA2F5B822A2F2BE621A445A4487
S31510011A702E4BDDF818B05B440EEB327219448CEA2A
S31510011A800E035340DDF820B00B442949594402EBAB
S31510011A90735361448EEA020C8CEA030C8C4425497B
S31510011AA0DDF80CB0494403EB3C4C8E4444E000BFD6
S31510011AB078A46AD756B7C7E8DB702024EECEBDC12D
S31510011AC0AF0F7CF52AC68747134630A8019546FD08
S31510011AD0D8988069AFF7448BBED75C892211906B79
S31510011AE0937198FD8E4379A62108B44962251EF695
S31510011AF040B340C0515A5E26AAC7B6E95D102FD62B
S31510011B005314440281E6A1D8C8FBD3E7E6CDE121FF
S31510011B108A4C2A8DD60737C3870DD5F4ED145A454D
S31510011B2005E9E3A9F8A3EFFCD9026F6781F671877E
S31510011B3022619D6D0C38E5FD82EA030181EA0C01F3
S31510011B407144DFF880E2A6440CEB7121964483EAD6
S31510011B500C024A407244DFF870E2029CDE4401EB4B
S31510011B60327273448CEA010E8EEA020E9E44974B32
S31510011B70DDF82CB0534402EB7E5E9C4481EA0203ED
S31510011B8083EA0E036344DFF848C2AC440EEB3343D9
S31510011B90614482EA0E0C8CEA030C8C448D49314463
S31510011BA003EB7C2C11448EEA030282EA0C020A44EE
S31510011BB0894959440CEB32728E4483EA0C01514027
S31510011BC07144DFF818E2A64402EB71519E448CEA87
S31510011BD002034B40059C7344DFF804E2A64401EB73
S31510011BE03343E64482EA010C8CEA030C079CF44465
S31510011BF0DFF8F0E1A64403EB7C2C964481EA03025C
S31510011C0082EA0C027244DFF8E0E1019CC6440CEB57
S31510011C1032728E4483EA0C0151407144DFF8CCE1F3
S31510011C20BE4402EB715173448CEA020E8EEA010E28
S31510011C309E446F4B234401EB3E4E9C4482EA0103C2
S31510011C4083EA0E036344DFF8ACC1099C0EEB7323E0
S31510011C50DC44944463EA010282EA0E026244DFF82C
S31510011C6098C1DDF80CB003EBB262D4448C4462EA3D
S31510011C700E0159406144DFF884C102EBB151CC44E5
S31510011C80F44461EA030E8EEA020EDDF81090F44474
S31510011C90DFF86CE101EB7C4CCE449E446CEA020306
S31510011CA04B407344DFF85CE10CEBF323C6449644D6
S31510011CB063EA010282EA0C02DDF808807244A5F596
S31510011CC08015DFF844E103EBB262A5F6833565446E
S31510011CD0C64462EA0C0C8E448CEA030CF44402EB03
S31510011CE0BC5C6CEA030151402944484DDDF818E00B
S31510011CF0DDF814800CEB714125441D4461EA0203A1
S31510011D0083EA0C032B44424D019C01EBF3237544EA
S31510011D10154463EA0C024A402A443E4D03EBB26273
S31510011D203D4462EA01075F4065443D443A4F02EB88
S31510011D30B55547440F4465EA030151403944374FBD
S31510011D4005EB7141374461EA02061F446E40344B7C
S31510011D503E4401EBF6265B441A4466EA05034B4002
S31510011D601344C26CDDF820B006EBB3631A44C264A7
S31510011D702C4A5A44154463EA010272402A44856D7D
S31510011D8003EBB25215448565274D25440D4462EA8D
S31510011D9006015940294402EB714161EA03030A9C89
S31510011DA05340426DDDF81CC00C4411441F4A416575
S31510011DB062443244134404EBF324046500200DB04D
S31510011DC0BDE8F08F44EABEA4A9CFDE4B604BBBF64B
S31510011DD070BCBFBEC67E9B28FA27A1EA8530EFD418
S31510011DE0051D880439D0D4D9E599DBE6F87CA21F04
S31510011DF06556ACC4442229F497FF2A43A72394AB12
S31510011E0039A093FCC3595B6592CC0C8FD15D848547
S31510011E104F7EA86FE0E62CFE144301A3A111084ED4
S31510011E20827E53F735F23ABDBBD2D72A91D386EBD0
S31510011E30A8B10C4A10B4C26402F129420A4CC16518
S31510011E40A2F5961209490023A2F68B62C0E9144144
S31510011E50C0E900338265836010BC184670476FF085
S31510011E60AC0070470123456789ABCDEFFEDCBA980C
S31510011E702DE9F843002876D00C46904605460029F0
S31510011E804FD000683F2871D86B68D3186B602ED27B
S31510011E9005F10C0690BBB8F13F0F57D9A8F14007D1
S31510011EA027F03F07403727442346314604F1400EB9
S31510011EB0D3F800C05C689868DA68CA601033734555
S31510011EC0C1F800C04C60886001F11001F0D13146B3
S31510011ED028461C46FFF718FCBC428146E4D108F09F
S31510011EE03F08B8F1000F27D14846BDE8F883AB6823
S31510011EF00133AB6005F10C060028CCD0C0F14007C8
S31510011F00474528BF474630443A46214604F0FEFA73
S31510011F102B683B44402B2B601CD03C44A8EB070894
S31510011F20B9E702BB03683F2B8CBF6FF083094FF0F3
S31510011F3000094846BDE8F88339463046424604F062
S31510011F40E5FAC5F800804846BDE8F88327464FF004
S31510011F500009C6E731462846FFF7D6FB8146002819
S31510011F60C2D12860D9E76FF0AC09BDE76FF08309DC
S31510011F70BAE700BF00284DD070B50D46002946D0EE
S31510011F800646044656F80C3B3F2B3DD85A1C0260B8
S31510011F908022F2540368382B08D93F2B2DD93146AC
S31510011FA02046FFF7B1FB3822304602E0F018C3F1A4
S31510011FB03802002103F030FBD4E901305A0F02EB4D
S31510011FC0C002DB0031466364A2642046FFF79CFB26
S31510011FD0E16C636D226DA06D2960AB600F49104BEA
S31510011FE0E8606A60C4E913130E4A0F4B0020C4E976
S31510011FF01523C4E90000A06070BDC3F14002F018BA
S31510012000002103F009FBCAE76FF0830070BD6FF082
S31510012010AC0070BD6FF0AC00704700BF012345677F
S3151001202089ABCDEFFEDCBA9876543210704700BFFB
S315100120302DE9F04FD0E9146CD1E9004597B0F04B7A
S31510012040876DC26DD0F84C80159096468CEA0700C4
S31510012050E2187244304002EBF86278401044B246FE
S31510012060E3468CEAB602464632405E467240EE18A8
S31510012070C4463E444FEABC0932448E68139789EA36
S31510012080BA0784EA06080740F418CDF850E05C4414
S31510012090D1F80CE0CDF840C087EABA0702EBF0623E
S315100120A0274489EAB0040EEB030C1440CDF844A082
S315100120B00CEBBA0C84EA0904D1F814A0CDF848B097
S315100120C007EBF26764444FEAB202D1F810C08EEA08
S315100120D00A0B85EA0E0582EAB00ECDF804B00EEAB7
S315100120E0070E0CEB030BCB448EEAB00EDE440AEB63
S315100120F0030B0BEBB00B886904EBF76486EA0C064D
S3151001210082EAB7098CEA000CCDF808C009EA04097D
S31510012110D1F81CC00EEBF46E89EA02094FEAB40439
S315100121208AEA0C0AD94484EAB70BCDF810A00BEA57
S315100121300E0B00EB030A92448BEAB70B09EBFE690F
S3151001214084EABE02D3440CEB030A0AEBB70A02EA8D
S3151001215009020F6A6240524488EA070A80EA0708B0
S31510012160486ACDF814800BEBF96B45404FEAB90973
S31510012170009589EABE058CEA000805EA0B0507EB0E
S31510012180030CA44485EABE0502EBFB62654489EAA9
S31510012190BB0CCDF81880C418D1F828800CEA020CB3
S315100121A004EBBE048CEA090CA44486EA08040394E1
S315100121B0CE6A019C05EBF26584EA060E4FEAB2027D
S315100121C080EA0604089482EABB0408EB03002C405B
S315100121D0484484EABB040CEBF56C044482EAB5006E
S315100121E006EB030900EA0C0009EBBB095040484411
S315100121F0D1F83090DDF808B004EBFC644FEABC0C62
S31510012200CDF804C087EA080788EA090CD1F83480AA
S31510012210CDF824C08AEA080A8EEAFA7CDDF810E0C5
S31510012220CDF808A08EEA080ADDF808E0CDF82CC032
S3151001223087EAFE770797019F86EA080686EAFC7603
S3151001224087EAB50E0A960EEA040E09EB030600EBB1
S31510012250F46016448EEAB50E87EAB402B64402401B
S3151001226008EB030606EBB5067A403244D1E90E7641
S315100122700399009D71408AEAF17ACDF80CA0DDF838
S3151001228014A08AEA070A8AEAFC7CDDF818A0CDF8C0
S3151001229030C07D408BEA090B8BEAF57B8AEA060A88
S315100122A08AEAFB7A0495CDF814A0079DDDF80CA0F7
S315100122B085EAFA7ACDF818A0049DDDF820A08AEAFD
S315100122C0F57A8AEAFC7CDDF824A0CDF81CC0DDF88D
S315100122D014C00A9D8AEAF17A8AEAFC7ADDF818C0F6
S315100122E085EAFC7CCDF820C089EA0709DDF81CC017
S315100122F089EAFB7989EAFC794D46DDF80C90DDF81F
S3151001230004C088EA060888EAF9780EEBF06E88EAC6
S31510012310FA784FEAB000CDF8008080EAB40807EBEE
S31510012320030908EA0E08E14488EAB408C844DDF84E
S315100123300890DDF830C0029587EAF97787EAFC77CD
S31510012340DDF820C087EAFC77099702EBFE6280EA86
S31510012350BE0706EB030C17400CEBB40C4740674461
S31510012360DDF810C0059C86EAFC7686EAF47608EB61
S31510012370F26886EAF5744FEAB2020A9482EABE045A
S3151001238003EBF97604EA0804064484EABE0407EB73
S31510012390F86782EAB800344404EBF76403EBFC7681
S315100123A038404FEAB70706EBBE065040654687EA46
S315100123B0B80C30440CEA040C03EBF176DDF818E0A6
S315100123C08CEAB80C16444FEAF1710B9A664481EA0D
S315100123D0F97C03EBF2738CEAFE7C4FEAF272DDF8BC
S315100123E01CE0DDF8249082EAF57503EBB80385EA63
S315100123F0FE75DDF80080DDF830E085EAF97901E057
S315100124009979825A81EAFB710A9D8CEAF87C81EAF4
S31510012410FA71DDF80C8081EAF571089D039182EA63
S31510012420F87282EAF57282EAFC7200EBF4600B92A2
S3151001243087EAB40202407A401A44F24B06EBF06680
S315100124404FEAB00080EAB40503EBFB7139447540DD
S3151001245002EBF66203EBF8770D4480EAB60105EB61
S31510012460F265514007EBB4074FEAB202CC1982EA82
S31510012470B60103EBFE7707446940704639444FEACB
S31510012480F070029FDDF814E080EAFB7B8BEAF77BA4
S315100124908BEAF977DDF818B00497099F80EAFB708B
S315100124A080EAF7700B9F80EAF77004EBF5640690EB
S315100124B003EBFE7782EAB50007EBB60760403844B6
S315100124C077464FEAF77787EAF876DDF8008086EAED
S315100124D0F876DDF80C80DDF81CE086EAF876DDF892
S315100124E0288087EAFE7787EAF877DDF8108001EB16
S315100124F0F46187EAF8774FEAB404059703EBFB78A2
S3151001250084EAB50790444F4000EBF16084EAB102CA
S31510012510474403EBFE7807EBF067424008EBB5083A
S315100125204FEAB00002EB080580EAB10203EBFA7834
S315100125304FEAFA7AA0447A408AEAFB74DDF808B0C9
S315100125404244DDF80C808AEAFB7A8AEAF87ADDF8E9
S315100125501480DDF820B08AEAF87ACDF81CA005EBD4
S31510012560F76580EAB70803EBFB7A0AEBB10A88EA4A
S315100125700508D0444FEAFB7A8AEAFE71DDF818B0F5
S3151001258081EAF97181EAFB7101910099DDF82CB0AC
S315100125908AEAF17A8AEAFB7A84EAFC74DDF808B0F1
S315100125A002EBF56284EAF6744FEAB5058AEAF47E1F
S315100125B003EBFB7B85EAB70A83448AEA020A08EB36
S315100125C0F26885EAB200DA4403EBF17B0999CDF89A
S315100125D034E00AEBF86A80EA08000BEBB70B4FEA16
S315100125E0B80800EB0B0788EAB20003EBF17BAB44AA
S315100125F080EA0A005844DDF808B04FEAF1750499EB
S3151001260085EAFB7B8BEAF17B01998BEAF17BCDF8AD
S3151001261020B0DDF818B085EAFC7585EAFB7585EA08
S31510012620FE75DDF828E0099507EBFA6788EABA0521
S3151001263003EBFE7B7D400BEBB20B05EB0B02009D12
S315100126404FEAFE7B8BEAF575DDF81CE085EAF67537
S3151001265085EAFE752946059D8BEAF97B8BEAF57BA2
S31510012660089D00EBF7604FEAB7078BEAF57E87EA1C
S31510012670BA0B03EBFC7545448BEA000B02EBF062D7
S31510012680AB4487EAB0050BEBF26B4FEAB208554043
S3151001269003EBF97202EBBA02DDF80CA0CDF838E0C3
S315100126A003EBFA7ABA44039F4FEAF777154487EAA0
S315100126B0FC7C88EAB0028CEAF47C82EA0B02524472
S315100126C08CEAF17ADDF810C087EAFC77DDF81CC0D8
S315100126D087EAFC7787EAFE770C97DDF82CE0009104
S315100126E005EBFB6588EABB0703EBFE7C0CEBB00C34
S315100126F06F40704667444FEAF070DDF804C0DDF8AC
S3151001270034E080EAF97989EAFC7980EAF670DDF835
S3151001271024C080EAFE70DDF810E002EBF56289EA6A
S31510012720FC7C4FEAB505CDF828C080EAFA7985EA2E
S31510012730BB0C03EBFE7040448CEA020C844403EBA1
S31510012740F67007EBF26785EAB20800EBBB00DDF81D
S3151001275018B0CDF82C900CEBF76C88EA07084FEA05
S31510012760B70787EAB209804403EBFB7089EA0C09C3
S3151001277028444844DDF8149003EBF97303EBB203D4
S315100127805A464FEAF2724D46DDF82090DDF828B030
S3151001279082EAFE7E4FEAF5758EEAF97E8EEAFB79BC
S315100127A085EAF676DDF830B0DDF824E086EAF176D2
S315100127B086EAFB7B82EAF4720B9E0199CDF808B08A
S315100127C082EAFE7282EAF67204920E9A85EAF1752F
S315100127D085EAF27585EAF97508EBFC68294687EAF8
S315100127E0BC0500EBF86085EA0805074A0F911D4400
S315100127F040EAB80303EABC0300EAB80E43EA0E0E38
S3151001280004E000BFA1EBD96EDCBC1B8F02EBF473A5
S3151001281005EBF0653B449E4445EAB00303EAB80371
S3151001282005EAB0061E43019B02EBF3730EEBF56E40
S3151001283003EBBC031E44DDF81CC04EEAB50303EAE4
S31510012840B0030EEAB5071F4302EBFC7303EBB803A3
S315100128501F4463464FEAF37383EAF47484EAFA7405
S3151001286084EAFB7B089CDDF830C0DDF8348083EA0E
S31510012870F47383EAFC7306EBFE6683EAF173059340
S3151001288046EABE0303EAB50306EABE0C43EA0C0C9C
S3151001289002EBF87303EBB0039C4443464FEAF37023
S315100128A0019BDDF8008080EAF3710A9B81EAF371DE
S315100128B0049B81EAF3730B9980EAF87080EAF17050
S315100128C007EBF66780EAFB71069147EAB60101EA62
S315100128D0BE0107EAB60841EA080802EBF4710CEBEF
S315100128E0F76C01EBB5018844009D4CEAB70101EA8A
S315100128F0B6010CEAB700084302EBF57108EBFC6868
S3151001290001EBBE010844DDF824E048EABC0101EA06
S31510012910B70108EABC050D4302EBFE7101EBB601E6
S315100129200D447146049EDDF818E04FEAF17181EA13
S31510012930F47481EAFA7184EAF97481EAF67100EBAA
S31510012940F86084EAF37481EAFE71019403910E9C96
S31510012950DDF800E040EAB80101EABC0100EAB80678
S315100129600E4302EBF47101EBB7010E44029F4FEADD
S31510012970F47181EAFE74DDF814E084EAF77484EAEE
S31510012980FE7ECDF800E0DDF828E00F9C81EAFE71AD
S3151001299081EAF471019C05EBF06581EAF47745EA69
S315100129A0B00101EAB80105EAB00406EBF5660C437D
S315100129B002EBFA71079701EBBC0146EAB50707EA84
S315100129C0B0070C4406EAB501394302EBFE7704EB76
S315100129D0F66407EBB8073944DDF8308044EAB607E8
S315100129E0F44607EAB50704EAB60E47EA0E0E02EBFD
S315100129F0F87707EBB00740464FEAF070DDF8008034
S31510012A0080EAFA7A8AEAFB7A8AEAF87ABE44059F5C
S31510012A10CDF820A001EBF461DDF81CA0DDF82C80C7
S31510012A2080EAF97080EAF77041EAB40780EAFA7A27
S31510012A3007EAB60701EAB400384302EBF87707EB69
S31510012A40B50745464FEAF575384485EAFC77DDF852
S31510012A500CC0DDF8088087EAF37787EAFC7CCDF8AD
S31510012A6024C0DDF818C0089F85EAF8750EEBF16EE3
S31510012A7085EAFC7585EAF7754EEAB10707EAB407E8
S31510012A800EEAB10C00EBFE6047EA0C0C02EBF9778B
S31510012A9007EBB60740EABE0606EAB106BC4400EAF1
S31510012AA0BE07374302EBF8760CEBF06C06EBB40677
S31510012AB0DDF8108037444CEAB00606EABE060CEA89
S31510012AC0B004344302EBF87606EBB10641464FEA01
S31510012AD0F171344481EAF976DDF8049086EAF976E3
S31510012AE0DDF8249086EAF9760496039E81EAFB7155
S31510012AF081EAF67107EBFC6781EAF5710A9147EAFB
S31510012B00BC08DDF83C90009E08EAB00807EABC0153
S31510012B1048EA010102EBF97808EBBE084144DDF8F9
S31510012B2008804FEAF97E8EEAF87888EAF67888EA1C
S31510012B30FA78CDF80880DDF81C80DDF814908EEA5D
S31510012B40F37E8EEAF87EDDF8108004EBF7648EEAE8
S31510012B50F87844EAB70ECDF82C800EEABC0E04EADA
S31510012B60B7084EEA080802EBFB7E01EBF4610EEBA7
S31510012B70B00EF04441EAB40E0EEAB70E01EAB40003
S31510012B8008EBF1684EEA000002EBF37E0EEBBC0E89
S31510012B9048EAB10C0CEAB40C704408EAB10E4CEADE
S31510012BA00E0E02EBF97C0CEBB70CF444DDF818E0D1
S31510012BB002EBFE7202EBB4024C464FEAF47787EA57
S31510012BC0FB79DDF820B00A9C4FEAFE7E89EAFB7993
S31510012BD08EEAF37B029B89EAF379099B8BEAF37BF5
S31510012BE0019B8BEAF47B87EAF3770B9C87EAFA77EA
S31510012BF087EAF4778EEAF67EA44C109E00EBF86015
S31510012C008EEAF57E8EEAF97E40EAB80304EBF9798D
S31510012C102644CDF814900C9600EAB809019E03EAF1
S31510012C20B1030CEBF06C43EA09034FEAB00004EB75
S31510012C30F679134480EAB80209EBB10982EA0C026B
S31510012C404A44DDF8009003EBFC6380EABC0104EB17
S31510012C50F97909EBB80959404944DDF80C9002EBB2
S31510012C60F3624FEAB30383EABC0804EBF97988EA05
S31510012C700208814408EB0900DDF80C804FEAF87967
S31510012C8089EAF678049E88EAF67888EAFB7804EBF6
S31510012C90FB7BCDF804B0DDF820B0CDF8108089EAC1
S31510012CA0FB7904EBFB78DDF828B089EAFB7989EA30
S31510012CB0FE7904EBFE7ECDF80CE004EBF97EDDF82F
S31510012CC01C90CDF818E004EBF97E01EBF261984403
S31510012CD00EEBBC0E83EAB2034FEAF97CDDF80090E5
S31510012CE04B4073448CEAF97EDDF808908EEAF97E42
S31510012CF08EEAF77E04EBFE7ECDF800E0DDF824E0E7
S31510012D0000EBF1608CEAFE7C4FEAB10104EBFE7E2A
S31510012D100EEBB20E81EAB20204EBFA7A424003EBF1
S31510012D20F0638A44424481EAB00102EBF36204EB98
S31510012D30F57559404FEAB30305EBB00583EAB000C8
S31510012D4004EBF6767144504001EBF2611E44504497
S31510012D5083EAB20300EBF16004EBF9794B404FEAD9
S31510012D60B10109EBB20981EAB202DDF82C8004EB5C
S31510012D70FB7B2B44424003EBF0638B44324481EAE4
S31510012D80B00102EBF36204EBF87E59404FEAB3034C
S31510012D900EEBB00E059D83EAB0004944504001EB9D
S31510012DA0F2611D44DDF80490584483EAB20300EB46
S31510012DB0F1604B404FEAB10109EBB20604EBF7772C
S31510012DC0734481EAB20203EBF0630F448CEAF87C98
S31510012DD04240DDF81080DDF850E081EAB0012A4466
S31510012DE05940039D02EBF36231444FEAB30304EBFE
S31510012DF0F87401EBF26105EBB0051C4483EAB000EF
S31510012E0083EAB20350404B4038442B44009D129E36
S31510012E10139F00EBF1604FEAB10105EBB20581EAB0
S31510012E20B20242402244069C8CEAF87CDDF83080DE
S31510012E3003EBF0630C4481EAB00102EBF3625940F3
S31510012E4008EBFC7C4FEAB3030CEBB00C83EAB00041
S31510012E5050400D4405EBF2651199044404EBF564F9
S31510012E6015982144016506EBB501416507EBB201E1
S31510012E7083EAB2026A4094440CEBF46473448165AC
S31510012E80C464C365002017B0BDE8F08FD6C162CA0D
S31510012E90B8B10D4A10B40D4CC2640D4A0166C0E9B1
S31510012EA0144202F12C520B4910BC02F5C012002338
S31510012EB002F2F242C0E91612C0E9003383601846E5
S31510012EC070476FF0AC0070470123456789ABCDEFB2
S31510012ED0FEDCBA9876543210002800F099802DE95C
S31510012EE0F04F0C4683B0904600296BD0824600689D
S31510012EF03F2800F28A80DAF80430D318CAF8043071
S31510012F0004D3DAF808300133CAF808300AF10C068E
S31510012F10B0BBB8F13F0F5ED9A8F1400727F03F07C4
S31510012F20403727440AF108090AF14805334604F1E6
S31510012F30400BD4F800C06068A168E268DA6010340A
S31510012F405C45C3F800C05860996003F11003F0D1D5
S31510012F505C464B4653F8042F12BA9D421A60F9D1BA
S31510012F6031465046FFF764F85F450346DED108F057
S31510012F703F08B8F1000F18D1184603B0BDE8F08F1D
S31510012F80C0F14007474528BF474630443A462146D7
S31510012F9003F0BCFADAF800303B44402BCAF8003093
S31510012FA01FD03C44A8EB0708B3E7394630464246E2
S31510012FB0019303F0ABFA019BCAF80080184603B0DF
S31510012FC0BDE8F08F002A14BF6FF0AC03002318463A
S31510012FD003B0BDE8F08F27460023B8F1000FCBD020
S31510012FE0E3E70AF108030AF1480553F8041F09BA81
S31510012FF0AB421960F9D131465046FFF719F803462D
S315100130000028B9D1CAF80000CBE76FF08303B3E704
S315100130106FF0AC0318467047002800F085802DE943
S31510013020F0410F4600297CD08046064658F80C3BE5
S315100130303F2B73D85A1C0260802208F803200368BC
S31510013040382B62D93F2B58D93546402345F8083BD2
S3151001305006F148042B4653F8042F12BA9C421A6003
S31510013060F9D141463046FEF7E3FF002843D13060DF
S3151001307038224046002102F0CFFA2B4653F8042F8E
S3151001308012BA9C421A60F9D17368B0685A0F02EBF2
S31510013090C002DB0041467360B364B26072643046AD
S315100130A0FEF7C6FF06F14C05234606F15C0153F8FF
S315100130B0042F12BA8B421A60F9D16968AB68EC68B1
S315100130C0F26C3A607960BB60FC602A6918493A6112
S315100130D0184AF16401F18831C6E9141202F12C5231
S315100130E0154902F5C012002302F2F242C6E9161280
S315100130F0C6E90033B360BDE8F081C3F1400208EBC5
S315100131000300002102F088FA9EE708EB0300C3F1E1
S31510013110380206F1080506F14804ABE76FF0BF0067
S31510013120E9E76FF0AC00E6E76FF0AC00704700BF5F
S3151001313001234567FEDCBA9876543210704700BFFA
S315100131402DE9F04F80460C460068D8F80410D8F8DF
S315100131500820D8F80C30CBB002AD0FC5D8F8100046
S31510013160D8F81410D8F81820D8F81C300FC504F167
S3151001317040072E4620686168A268E36835460FC588
S315100131801034BC422E46F5D1DDE918340DF1280E66
S315100131900A983AAE71461F46D1F824C0054651F831
S315100131A0040F4FEAF74282EA77424FEAB04382EAC6
S315100131B0972283EAF013624483EAD0031A4427461E
S315100131C0B14205EB0204CC63E6D1AB4FDDF824C066
S315100131D0069DCDF80480DDE90706DDE90232DDE959
S315100131E0041407F5807BD7F80080DEF80090C144FF
S315100131F04FEAF52888EAB51888EA7568C84486EA58
S31510013200000909EA050989EA0609C844E04404EBFC
S31510013210080C4FEAB30484EA733484EAB354444481
S3151001322043EA020803EA020908EA010848EA09081A
S315100132304444DEF80490D7F8048008EB090AB24436
S3151001324085EA000606EA0C064640B2444FEAFC2619
S3151001325086EABC1686EA7C66B2444FEA743686EA7A
S31510013260B40686EAB45601EB0A0806EB0A09B968F0
S31510013270DEF8086044EA030A31440AEA020A014404
S3151001328004EA03004AEA000A85EA0C0000EA08008B
S31510013290684001444FEAF82080EAB81009EB0A06A3
S315100132A080EA786001444FEA763080EAB60080EA17
S315100132B0B65002EB01090844FA68DEF80C1044EA2C
S315100132C0060A0AEA030A0A4404EA06014AEA010A54
S315100132D08CEA080101EA090181EA0C012A445044E9
S315100132E00A444FEAF92181EAB9114FEA703581EAA8
S315100132F0796185EAB0050A4485EAB05503EB020AFD
S3151001330015443B69DEF8102046EA000121401344BA
S3151001331006EA0002114388EA090202EA0A0282EA6F
S315100133200802634413444FEAFA2282EABA1282EA85
S315100133307A620D44134404EB030C4FEA753484EAA4
S31510013340B50484EAB554DEF814201C447B6940EABE
S3151001335005013140134400EA0502114389EA0A02C4
S3151001336002EA0C0282EA090243440C4413444FEA6E
S31510013370FC2282EABC124FEA743182EA7C6281EA4B
S31510013380B401134481EAB4511E44DEF818201944DD
S31510013390BB6945EA040808EA0008134405EA040271
S315100133A048EA02088AEA0C0232404B4482EA0A02CF
S315100133B013444FEAF62282EAB612414482EA766251
S315100133C013444FEA713282EAB10282EAB1521844C9
S315100133D002EB0308FA69DEF81C3044EA01091A44C3
S315100133E002EB0A0309EA050904EA010249EA02099C
S315100133F008EB09028CEA060808EA000888EA0C08B4
S3151001340098444FEAF02383EAB01383EA7063984431
S315100134104FEA723383EAB20383EAB2534344454413
S3151001342041EA0208203708EA040801EA020948EAD3
S3151001343009085F450EF1200E43447FF4D4AEDDF842
S31510013440048004910293CDF824C0A8F104030594D5
S31510013450089607900392069501A908F11C0853F8DE
S31510013460042F51F8040F434502441A60F7D1002086
S315100134704BB0BDE8F08F00BF88030210C0B110B485
S315100134800D4A0E4CC0E900420D4C0E4AC0E90242EB
S315100134900D4C0E4AC0E904420D4C0E4A0023C0E9F8
S315100134A00642C0E91833C0E91A3110BC18467047F4
S315100134B06FF0AC00704700BF85AE67BB67E6096A5F
S315100134C072F36E3C3AF54FA57F520E518C68059BEF
S315100134D0ABD9831F19CDE05B00287DD02DE9F843C8
S315100134E00C46904600293BD00546006E3F2876D8FB
S315100134F06B6ED3186B6602D3AB6E0133AB6605F1F7
S31510013500200600283DD128F03F07274405F15C0924
S31510013510BC4229D02146334604F1400ED1F800C0F1
S315100135204C688868CA68DA6010317145C3F800C002
S315100135305C60986003F11003F0D10C46A8F14008C5
S3151001354005F11C0353F8042F12BA99451A60F9D1E3
S3151001355031462846FFF7F4FD0028D9D0BDE8F88397
S31510013560BABB0020BDE8F8830028F7D1B8F1000FE7
S31510013570F7D042462146304602F0C8FFC5F86080B2
S31510013580EFE7C0F14007474528BF47463A4621466F
S31510013590304402F0BBFF2B6E3C44A8EB07081F44D6
S315100135A0402F2F6601D00020ADE705F11C0305F170
S315100135B05C0153F8042F12BA99421A60F9D13146B7
S315100135C02846FFF7BDFD08B928669CE74FF00008AD
S315100135D099E76FF0AC00C1E76FF0AC0070476FF080
S315100135E08300BBE7002800F08980F8B50D46002955
S315100135F000F08180036E3F2B044679D85A1C00F1E6
S31510013600200702668022FA54036E382B6AD93F2BA3
S3151001361061D904F11C06334604F15C0153F8042FF9
S3151001362012BA99421A60F9D139462046FFF788FD38
S3151001363000284FD1206638223846002101F0ECFFD0
S31510013640D4E919315A0F02EBC102DB006366A26697
S31510013650334604F1540153F8042F12BA99421A60F1
S31510013660F9D1636EE365A36EA36539462046FFF76C
S3151001367067FD78BB231F53F8042F12BAB3421A60A1
S31510013680F9D121686368A268E668EE6029606B600B
S31510013690AA6021696369A269E669296119496B61A1
S315100136A0AA61EE61184A21601849C4E90112184944
S315100136B0184AC4E90312184A18490023C4E9051225
S315100136C002F17452A2F52302C4E91833A2F692420A
S315100136D0E261A366F8BDC3F14002F818002101F0BA
S315100136E09BFF96E7F818C3F1380204F11C06A4E70C
S315100136F06FF0BF00F8BD6FF0AC00F8BD6FF0AC0015
S31510013700704700BF67E6096A72F36E3C85AE67BB08
S315100137103AF54FA57F520E51ABD9831F8C68059B85
S31510013720C0B110B40D4A0E4C0E49C0E900420E4A02
S315100137300E4CC0E902120E4A0E49C0E904420E4A65
S3151001374010BC0023C0E90612C0E91833C0E91A33C8
S31510013750184670476FF0AC00704700BF85AE67BB67
S3151001376067E6096A72F36E3C3AF54FA57F520E5120
S315100137708C68059BABD9831F19CDE05B38B100F17D
S31510013780700100220346013088421A70FAD170473F
S3151001379008B50346014803F0D9FCFEE72CDE0110FB
S315100137A0002000F0EDBD00BF012000F0E9BD00BF13
S315100137B010B5002000F066FB012000F063FB4020ED
S315100137C000F060FB104B022218684FF4E13101F052
S315100137D077FB041E0CDB00F0EBF858B900F088F803
S315100137E0044660B9094B0A484322DA6000F0C8FA68
S315100137F0204610BD074908486522FFF7C9FF05494C
S3151001380005486A22FFF7C4FF080000200044004063
S31510013810400D030048DE011090DE011000BF704715
S315100138204FF0FF30704700BF4FF0FF30704700BFB9
S315100138304FF0FF30704700BF4FF0FF30704700BFA9
S315100138402DE9F04100BB002A1746054617DD124E39
S315100138500C4601E0AF4214D0304601F029FCC1B24A
S315100138602170304601F026FCA04614F8013B0D2BC1
S3151001387005F10105EED10A2388F800302846BDE886
S31510013880F0813846BDE8F08102F0AEFB09230360F2
S315100138904FF0FF30F3E700BF00200440F8B5431E98
S315100138A0012B1CD8002A174617DD531E0F4E4C1E2E
S315100138B0CD1804E0304601F0FDFBAC420DD014F8F2
S315100138C0011F0A29F6D10D21304601F0F3FB2178AB
S315100138D0304601F0EFFBAC42F1D13846F8BD02F0AB
S315100138E083FB092303604FF0FF30F8BD002004402D
S315100138F0F8B50D4B1F68A7B100250C4C2E46D4E91F
S31510013900000100F00FFD204600F0EAFB013500280A
S3151001391018BF6FF00706AF4204F10C04EFD1304621
S31510013920F8BD3E463046F8BD880402108C040210DC
S315100139300B4B1B68834210B504460BD9094B04EB9C
S31510013940440403EB840253F824005168BDE8104087
S3151001395000F0FEBC044905482F22FFF719FFEDE7D9
S31510013960880402108C04021098DE0110CCDE0110BE
S315100139700B4B1B68834210B504460BD9094B04EB5C
S31510013980440403EB840253F824005168BDE8104047
S3151001399000F0C8BC044905483A22FFF7F9FEEDE7E5
S315100139A0880402108C04021098DE0110CCDE01107E
S315100139B0F8B50B4B1F6887B100240A4D26462846D9
S315100139C000F08EFB0134002818BF6FF00706BC42C9
S315100139D005F10C05F3D13046F8BD3E463046F8BD2B
S315100139E0B0040210B4040210474885464748804780
S315100139F080B94749474A484B9B1A03DD043BC858CF
S31510013A00D050FBDC4549464A00209142BCBF41F8E3
S31510013A10040BFAE7434880474348804743488047A9
S31510013A20FFF7FEFFFEE7FEE7FEE7FEE7FEE7FEE72E
S31510013A30FEE7FEE7FEE7FEE7FEE7FEE7FEE7FEE747
S31510013A40FEE7FEE7FEE7FEE7FEE7FEE7FEE7FEE737
S31510013A50FEE7FEE7FEE7FEE7FEE7FEE7FEE7FEE727
S31510013A60FEE7FEE7FEE7FEE7FEE7FEE7FEE7FEE717
S31510013A70FEE7FEE7FEE7FEE7FEE7FEE7FEE7FEE707
S31510013A80FEE7FEE7FEE7FEE7FEE7FEE7FEE7FEE7F7
S31510013A90FEE7FEE7FEE7FEE7FEE7FEE7FEE7FEE7E7
S31510013AA0FEE7FEE7FEE7FEE7FEE7FEE7FEE7FEE7D7
S31510013AB0FEE7FEE7FEE7FEE7FEE7FEE7FEE7FEE7C7
S31510013AC0FEE7FEE7FEE7FEE7FEE7FEE7FEE7FEE7B7
S31510013AD0FEE7FEE7FEE7FEE7FEE7FEE7FEE7FEE7A7
S31510013AE0FEE7FEE7FEE7FEE7FEE7FEE7FEE7FEE797
S31510013AF0FEE7FEE7FEE7FEE7FEE7FEE7FEE7FEE787
S31510013B00FEE7FEE7FEE7FEE700000220E93B0110B3
S31510013B101809021000000020CC0B0020000C002018
S31510013B206C270020ED3B0110F1660110A1EC00108D
S31510013B300B4A08B50346106828B10A4903448B425B
S31510013B4007D8136008BD08480649106003448B4224
S31510013B50F7D902F049FA0C2303604FF0FF3008BD84
S31510013B60D01D002000F00120702700206FF01000FA
S31510013B70704700BF6FF01000704700BF4FF08043D1
S31510013B809B6803F46063B3F5206F1FD012D9B3F5A8
S31510013B90406F18D0104A1149B3F5606F08BF0A4635
S31510013BA04FF080430E499B68C3F3821322FA03F345
S31510013BB00B6070476BB1084947F23052B3F5C06FCD
S31510013BC018BF0A46ECE74FF40042E9E74FF4E10269
S31510013BD0E6E7044AE4E700BF00E1F505C0687804AA
S31510013BE06C270020008793030020704710B50A4CFC
S31510013BF00A4BA3600A4800F06BFCD4F8883043F4F2
S31510013C007003C4F88830BFF34F8FBFF36F8FFFF780
S31510013C10B5FFFFF7CDFD10BD00ED00E000E000108F
S31510013C2000A0024038B54FF0E02318499C691A6983
S31510013C3022F480320A601A69D2071FD46FF07F44CA
S31510013C4005225C614FF080759C611A61104B114A17
S31510013C5019680023A0FB010109F0B0FD0E4BB0FB62
S31510013C60F5F205FB120084421A600AD81A6801326D
S31510013C701A602544094B281A186038BD5D6901354B
S31510013C80E4E7064B201A186038BD00BFD81D002086
S31510013C906C27002040420F000C000020DC1D002084
S31510013CA010B50C4C0C4B22681960002A0EDC08B9B1
S31510013CB0002010BDFFF7B6FF2368002BF8DD4FF08B
S31510013CC0E022136943F002031361F1E76FF0050077
S31510013CD010BD00BF0C000020D41D0020F8B5174CF4
S31510013CE02368002B1EDB26682EBB154B4FF0E025F3
S31510013CF01B68AA699A421ED8124F3B685BB16FF0D6
S31510013D000F009847104B3E601A682A614FF0FF3337
S31510013D1023600020F8BD0C4A4FF0FF3312682A6168
S31510013D202360F6E7074C2368002BF2D00020984752
S31510013D3000232360EDE76FF00500F8BD0C000020AD
S31510013D40DC1D0020D41D0020D81D002010B5094C03
S31510013D50236823B16FF00F00984700232360064AAA
S31510013D60064B10684FF0E0214FF0FF3208611A60E0
S31510013D7010BD00BFD41D0020D81D00200C0000204E
S31510013D8038B5184C2268002A29DC08B9002038BD3C
S31510013D90FFF748FF4FF0E02202E01369DB031AD464
S31510013DA02368002BF9DC104B1A684FF0E0218B6960
S31510013DB09342FCD80D4D2B6823B16FF00F00984735
S31510013DC000232B600A4B4FF0E022196811614FF066
S31510013DD0FF332360DAE72368013B2360E0E76FF0E6
S31510013DE0050038BD0C000020DC1D0020D41D00206C
S31510013DF0D81D0020F8B50F4E0F4BB2689A420446F3
S31510013E000D4600F1100707D018460C494FF4F07211
S31510013E1002F07CFB0346B060002C43F8275007DB09
S31510013E20074A6109012304F01F04A34042F8213017
S31510013E30F8BD00BF00ED00E0001E002000E00010FC
S31510013E4000E100E03F2808D90D4A4038D168C0B2D8
S31510013E50012383400B43D36070471F284FF08042E4
S31510013E6007D92038916CC0B2012383400B43936468
S31510013E707047516A012383400B435362704700BF59
S31510013E80000008403F2809D90E494038CB68C0B216
S31510013E900122824023EA0203CB6070471F284FF0AC
S31510013EA0804108D920388B6CC0B20122824023EAA6
S31510013EB002038B6470474B6A0122824023EA020394
S31510013EC04B6270470000084010B507280AD8DFE892
S31510013ED000F00C09092333475B04BDE8104036484E
S31510013EE000F0FEB86FF0020010BD4FF080440021C3
S31510013EF0A36843F48023A3604FF47A70FFF7D0FED2
S31510013F0003E0FFF7EBFE063052D1A3685901F8D54D
S31510013F10FFF71CFF002010BD00214FF47A70FFF748
S31510013F20BFFE4FF0804403E0FFF7D8FE06303FD1C5
S31510013F30A3689A00ECD4F7E74FF080440021A368F8
S31510013F4043F40023A3604FF47A70FFF7A9FE03E050
S31510013F50FFF7C4FE06302BD1A3681B01F8D5D7E7AE
S31510013F604FF080440021A36843F48013A3604FF4FB
S31510013F707A70FFF795FE03E0FFF7B0FE063017D112
S31510013F80A368D800C4D4F7E74FF080440021A36892
S31510013F9043F40033A3604FF47A70FFF781FE03E018
S31510013FA0FFF79CFE063003D1A3689B01B0D4F7E757
S31510013FB06FF0090010BD00BF740502103F2809D922
S31510013FC040380F49C0B2012282408A608B681A427A
S31510013FD0FCD170471F280AD92038C0B201224FF0F0
S31510013FE0804182404A644B6C1A42FCD170470122CF
S31510013FF04FF0804182404A604B681A42FCD17047AB
S315100140000000084082072CD100F17043B3F5002F50
S3151001401084460A4622D3A0F18453B3F5804F20D2A9
S3151001402043F6F073034003F5002300B50E4883B041
S3151001403061460CF009FC4FF08042136843F04003CF
S31510014040136013685B06FCD44FF08052074B12685D
S3151001405001921B68019303B05DF804FB044B034006
S31510014060E3E76FF002007047009002400020001055
S31510014070F0FF07000CF0E0BB0CF0E2BB00F000B85B
S3151001408010F4407306D0054A11684A6A134300209A
S315100140904B6270476FF00200704700BF100000209E
S315100140A0C10710B5044608D4A2070BD463070ED472
S315100140B02046BDE8104001F085B90020FFF7E2FE69
S315100140C0A207F3D50120FFF7DDFE6307F0D54020E7
S315100140D0FFF7D8FE2046BDE8104001F073B900BFC6
S315100140E0F8B58C4B05689D4204464BD003F58053B9
S315100140F09D4214D0884B9D4200F0A28003F50073B7
S315100141009D422CD04FF0FF3301209840FFF7C8FF96
S31510014110A17A6268284600F055F950B1F8BD02201F
S31510014120FFF7BEFFA17A6268284600F04BF9002816
S31510014130F4D17A4B2268217A9A421AD062682846BB
S3151001414000F056F90028E9D1637A042B00F2DE80DB
S31510014150DFE813F0A200AD00BC00C400D4000820B3
S31510014160FFF79EFFA37A53B16C4B2268217A9A42CC
S31510014170E4D101296AD002290AD000297DD06FF035
S315100141801000F8BD0120FFF78BFFA17A6268C1E725
S31510014190636863484FEA430C1A01066A0CF0020C75
S315100141A002F0200242EA0C02324302628268C3F331
S315100141B0400343EA0C0313438360637A042BDED86E
S315100141C0DFE803F0291E031E030063685448DA0072
S315100141D0066A02F0100203F0010C42EA0C0226EA0A
S315100141E0020202629A005B0102F0040203F040032C
S315100141F01343026A22EA03030362D1B90846F8BDE2
S3151001420047486368076ADA0003F0010602F01002F4
S315100142103E433243E5E76268414893005201066A1C
S3151001422003F0040302F040021343334303620029EF
S31510014230E4D06268E17A2846BDE8F84000F00EB98C
S315100142400420FFF72DFFA17A626863E7636834489B
S315100142504FEA430C1A01066A0CF0020C02F0200216
S3151001426042EA0C02324302628268C3F3400343EA14
S315100142700C0322EA030383609FE7636828484FEA29
S31510014280430C1A01066A0CF0020C02F0200242EAF3
S315100142900C0226EA0202E6E72B6E626823EA0203A3
S315100142A02B666B6E23EA02036B66217AA5E72A6EEB
S315100142B063681A432A666A6E22EA03026A66D5F8A9
S315100142C0B8201343C5F8B830217A96E72A6E636889
S315100142D022EA03022A666A6E1A43EFE72B6E6268B8
S315100142E013432B666B6E23EA02036B66D5F8B8305F
S315100142F023EA0203C5F8B830217A7EE72B6E62688D
S3151001430023EA02032B666B6E1343EEE76FF002008E
S31510014310F8BD00BF008000400004084000060840B8
S31510014320006C0040084A904201D000F043B807489B
S3151001433010B4046ACA0001F00101214302F010030E
S315100143400B4310BC0362704700060840006C004026
S31510014350094A904201D000F02FB810B4074CCA0098
S31510014360206A02F0100201F0010142EA010320EA7B
S315100143700303236210BC704700060840006C00401E
S3151001438001F032B8034A904201D000F017B8024A40
S31510014390D16170470006084000680040034B9842FF
S315100143A001D000F00DB8024BD869704700060840DD
S315100143B000680040C16170470162704781647047AF
S315100143C0006C704759B1012906D1D0F8C03013439A
S315100143D0C0F8C030002070476FF002007047D0F867
S315100143E0C03023EA0203C0F8C0300020704700BF76
S315100143F0036B13430363426005292CD8DFE801F0F0
S315100144000A12191F2503C0F888208267C2668260C6
S3151001441000207047426142600267C267C0F8882077
S3151001442000207047026142600267C267C0F88820A7
S31510014430EEE7C0F88820C26702678260E8E7C0F835
S315100144408820C267C2668260E2E7C0F88820826768
S3151001445002678260DCE76FF002007047032929D8F2
S31510014460DFE801F0280F021CD0F8B03023EA02036E
S31510014470C0F8B030D0F8B4301343C0F8B4300020CF
S315100144807047D0F8B0301343C0F8B030D0F8B4301C
S3151001449023EA0203C0F8B43000207047D0F8B030D8
S315100144A01343C0F8B030D0F8B4301343C0F8B43069
S315100144B000207047D0F8B03023EA0203C0F8B030BC
S315100144C0D0F8B43023EA0203C0F8B43000207047A4
S315100144D000F002B800F018B8D0F80031012223F02C
S315100144E00103C0F80031C0F80027D0F80031DA0313
S315100144F0FBD5D0F8003143F00103C0F80031D0F8F4
S315100145000031DB03FBD57047D0F8003123F00103EE
S31510014510C0F80031704700BFA54B98422DE9F04114
S3151001452004460D46164631D003F5805398421FD0E6
S31510014530A04B984200F0EE8003F58053984200F0AC
S31510014540EC8003F5DB2303F58063984200F0CE80FF
S3151001455003F58063984200F0E380002900F008819A
S31510014560954996482522FFF713F94FF0FF3703E0D7
S31510014570002900F0FD800127EB78023B042B00F2A5
S315100145800E81DFE803F08F0D25080800002900F0E1
S31510014590EF800027F0E76FF01000BDE8F0810527E6
S315100145A0032F4FF00500CCBF4FF000084FF0010864
S315100145B0FFF78AFC4FF4E10120464FEA480800F064
S315100145C02FF9052F1DD8DFE807F03343230E815D40
S315100145D00620FFF779FC4FF40041204600F020F940
S315100145E04FF00308EDE70820FFF7E8FC1220FFF76C
S315100145F049FC36B1AB78022B14BF71487148FFF7ED
S315100146006FFD424629462046BDE8F04100F0EEB95D
S315100146100720FFF7D3FC1120FFF734FC002EF0D052
S31510014620AB78022B14BF68486848FFF759FDE8E7D5
S315100146300520FFF7C3FC0F20FFF724FC002EE0D066
S31510014640AB78022B14BF62486248FFF749FDD8E7E1
S315100146500620FFF7B3FC1020FFF714FC002ED0D074
S31510014660AB78022B14BF5C485C48FFF739FDC8E7ED
S315100146700520FFF729FC5A484FF4612100F0D0F8C4
S315100146804FF001085748FFF72BFD4320FFF796FC23
S315100146904320FFF7F7FB424629462046BDE8F04185
S315100146A000F0A4B90020FFF70FFC4F49204600F097
S315100146B0B7F84FF0010884E70320FFF705FC4B48D4
S315100146C047F2305100F0ACF84FF002084848FFF7B6
S315100146D007FD4220FFF772FC4220FFF7D3FB42464B
S315100146E029462046BDE8F04100F080B900293FD0A7
S315100146F0CB78023B042B40D801A252F823F000BF1D
S3151001470097450110774701105B470110B946011013
S315100147109745011061B302272EE749B303272BE70B
S3151001472031B3CB78023B042B30D801A252F823F0D7
S31510014730974501109F4501109745011045470110F6
S31510014740714601100320FFF7BFFB254847F2305190
S3151001475000F066F84FF0020894E70620FFF7B4FB65
S3151001476022484FF4004100F05BF84FF00108ADE725
S315100147704FF0FF3011E7042712E71E4B1B4819684B
S31510014780490800F04DF84FF000089FE7194B1448FF
S315100147901968490800F044F84FF0000872E7154B04
S315100147A019682046490800F03BF84FF0000808E761
S315100147B00000014000200140DCDE011028DF01105D
S315100147C014050210E404021020050210F004021070
S315100147D038050210080502102C050210FC040210FF
S315100147E000100840CC04021000879303000C084007
S315100147F0D80402106C27002000F070B900F09CB9A3
S3151001480000F0C6B900F0F0B900F01CBA00F020BEF5
S3151001481000F036BE00F026BE00F028BE00F07EBACB
S315100148201A4B984210B50C4626D003F58053984280
S3151001483019D003F58053984222D003F5805398423C
S3151001484020D003F5DB2303F58063984216D003F5D8
S315100148508063984218D096220D490E48FEF798FFAC
S315100148604FF0FF3200E001220B4B03EBC201012096
S3151001487003F832004C6010BD0022F5E70422F3E77D
S315100148800222F1E70322EFE70522EDE700000140DE
S3151001489034DF011028DF0110E01F002008B51B4B83
S315100148A0984226D003F58053984219D003F58053C8
S315100148B0984222D003F58053984220D003F5DB238A
S315100148C003F58063984216D003F58063984218D099
S315100148D0A0220F490F48FEF75BFF4FF0FF3200E0B1
S315100148E001220D4B13F8321069B103EBC20358685C
S315100148F008BD0022F5E70422F3E70222F1E70322BD
S31510014900EFE70522EDE76FF0060008BD0000014054
S3151001491034DF011028DF0110E01F002038B5304BBD
S31510014920984204460D461AD003F58053984216D084
S3151001493003F58053984212D003F5805398420ED056
S3151001494003F5DB2303F58063984208D003F58063F2
S31510014950984204D023492448AE22FEF719FF002DB0
S3151001496031D0A9782269A1F10200B0FA80F040098C
S3151001497000014FF480438340134308222361824090
S31510014980A3691342FCD06B782269834013432361D8
S31510014990AB6822691B0283401343236101238340C1
S315100149A04FF4807223608240E3681342FCD06B6837
S315100149B083406360A3694FF40052824023EA0203E5
S315100149C00229A36100D038BDA36943F08073A361A6
S315100149D0236943F000432361A3695B03FCD538BD0A
S315100149E00000014034DF011028DF0110384B9842D6
S315100149F070B504460D4616461AD003F580539842F3
S31510014A0016D003F58053984212D003F5805398427D
S31510014A100ED003F5DB2303F58063984208D003F526
S31510014A208063984204D02B492B483022FEF7B0FE02
S31510014A30002D49D0AB78A269990714BF22F0004224
S31510014A4042F00042A261E26842F00112E260012BDB
S31510014A506A7812D9022B25D1A36966F31143A36192
S31510014A60236923F470032361082A28D8DFE802F0AA
S31510014A7023232929292329292900A16966F301015B
S31510014A80A1612069297820F0F00001F0F0010143BD
S31510014A9021613BB9A36966F31143A361236923F429
S31510014AA070032361082A0AD8DFE802F00505050517
S31510014AB005050505050029462046FFF72FFF0020AD
S31510014AC070BD6FF0100070BD4FF0FF3070BD00BFAC
S31510014AD00000014034DF011028DF0110134B98420A
S31510014AE010B504461AD003F58053984216D003F533
S31510014AF08053984212D003F5805398420ED003F595
S31510014B00DB2303F58063984208D003F5806398424E
S31510014B1004D007490748E522FEF73AFE236943F414
S31510014B2000432361A3695B07FCD510BD000001405A
S31510014B3034DF011028DF0110124B984210B50446DC
S31510014B401AD003F58053984216D003F58053984234
S31510014B5012D003F5805398420ED003F5DB2303F5EB
S31510014B608063984208D003F58063984204D00649C1
S31510014B700648EF22FEF70CFE236923F40043236156
S31510014B8010BD00BF0000014034DF011028DF011005
S31510014B90124B984210B504461BD003F58053984228
S31510014BA017D003F58053984213D003F580539842DA
S31510014BB00FD003F5DB2303F58063984209D003F583
S31510014BC08063984205D0064906484FF4A672FEF74F
S31510014BD0DFFDE36843F00113E36010BD00000140FF
S31510014BE034DF011028DF011038B5134B9842044603
S31510014BF00D461BD003F58053984217D003F5805309
S31510014C00984213D003F5805398420FD003F5DB2356
S31510014C1003F58063984209D003F58063984205D065
S31510014C200649074840F29512FEF7B2FD2560E36882
S31510014C30DB05FCD538BD00BF0000014034DF011093
S31510014C4028DF011070B52F4B984284B004460D46EB
S31510014C501BD003F58053984217D003F58053984221
S31510014C6013D003F5805398420FD003F5DB2303F5D8
S31510014C708063984209D003F58063984205D0224992
S31510014C8022484FF4D172FEF783FD002D36D020490C
S31510014C90204A0E687608A6FB05560023284631469B
S31510014CA008F08CFD1C4A03464FF0FF30A842B24172
S31510014CB026D200225B0843EAC17349080132002952
S31510014CC0F8D11201D1B200252046CDE902358DF871
S31510014CD004108DF80550ADF80650FFF78FFD2A46E2
S31510014CE001A92046FFF718FCA36943F000432046AB
S31510014CF0A361FFF785FD2046FFF77EFD04B070BD69
S31510014D000021E0E70000014034DF011028DF011027
S31510014D106C27002040420F003F420F002DE9F84F4B
S31510014D20464EB04204460D46924699461AD0444B19
S31510014D30984217D003F58053984213D003F5805348
S31510014D4098420FD003F5DB2303F58063984209D00F
S31510014D5003F58063984205D03A493B484FF4E57212
S31510014D60FEF716FD20462669FFF798FD071E4ADB5A
S31510014D700123C6F3031603FA06F6F317A6FB0586F7
S31510014D8005FB036674014FEA4815B5EB080544EABD
S31510014D90D86464EB0604A40044EA9574AD0015EBDF
S31510014DA008052A4A46EB040482FB0732E4004FEA5F
S31510014DB0E77B44EA5574CBEBA242ED00D3172846A4
S31510014DC0214608F0FBFC09B3214A82FB0732CBEBE3
S31510014DD0A212D3172846214608F0F0FCE9B128465D
S31510014DE021463A465B4608F0E9FCE9B13A465B468C
S31510014DF04046314608F0E2FCE1B90323CAF8000047
S31510014E0089F8003000273846BDE8F88F4FF00003C7
S31510014E10CAF8000089F80030F4E74FF00103CAF828
S31510014E20000089F80030EDE70223CAF8000089F87E
S31510014E300030E7E76FF00307E5E700BF0000014028
S31510014E400010014034DF011028DF011083DE1B43FF
S31510014E50D34D621008B5164B984210D0154B984297
S31510014E6014D0154B984218D0144B98421CD144209B
S31510014E70FFF7A4F84420FEF7E5FF002008BD0B203C
S31510014E80FFF79CF80920FEF7DDFFF6E70C20FFF788
S31510014E9095F80A20FEF7D6FFEFE71C20FFF78EF8EC
S31510014EA02120FEF7CFFFE8E76FF0020008BD00BF33
S31510014EB00020044000300440004004400014084023
S31510014EC070B504460E461546FFF7C4FFA0BB022D6A
S31510014ED01DD0042D02D10620FEF7F6FF1E4B9C4273
S31510014EE01BD01E4B9C4228D01D4B9C422CD01D4BD7
S31510014EF09C421FD11C48FFF7F3F84420FEF7C2FF6E
S31510014F002A4631462046BDE8704000F0F5B8052026
S31510014F10FEF7DAFF104B9C42E3D11448FFF7E0F895
S31510014F200920FEF7AFFF2A4631462046BDE87040FC
S31510014F3000F0E2B86FF0020070BD0D48FFF7D0F82F
S31510014F400A20FEF79FFFDBE70A48FFF7C9F8212081
S31510014F50FEF798FFD4E700BF00200440003004405C
S31510014F600040044000140840440502106805021070
S31510014F705C05021050050210314B984210B50446DB
S31510014F8016D003F58053984212D003F580539842F8
S31510014F900ED003F57533984207D10523022A4361D2
S31510014FA045D0042A13D0002A41D06FF0020010BD5B
S31510014FB0042AFAD0204600F00FF90028F7DD2368FD
S31510014FC043F40043236023681B03FCD510BD02681C
S31510014FD04FF480331A4302600068B3FBF1F340F4D7
S31510014FE0001001FB03F2B1F5166F2060C2F5803295
S31510014FF016D900206061ABB90123124A13611068FA
S3151001500000F44030B0F5803F05D0136813F4403FEB
S31510015010CBD14FF4E1000B4B1B69B0FBF3F0CCE79E
S3151001502001206061B2EB510FE7D90133E5E74FF487
S31510015030E103B3FBF1F301FB03F2C2F5E102DAE797
S315100150400020044000140840124B98421CD003F56E
S315100150508053984218D003F58053984214D003F523
S315100150607533984212D1036803F44033B3F5803F88
S3151001507005D0036813F4403F08D14FF4E103064A03
S315100150801069B3FBF0F0704700F0DEB86FF0020064
S31510015090704700BF002004400014084000F000B91A
S315100150A000F00EB900F01EB900F062B900F068B94F
S315100150B000F008B800F012B800F06CB900F06EB943
S315100150C000F072B910B504462046FFF7F5FF002827
S315100150D0FAD02046BDE81040FFF7E6BF38B50446C2
S315100150E00D462046FFF7EAFF0028FAD0294620464A
S315100150F0BDE83840FFF7DABFF8B5324CA042054695
S315100151000F4616460FD0304B98420CD003F58053FC
S31510015110984208D003F57533984204D02B492C4890
S315100151203E22FEF735FB01212846FFF7C9FF04464B
S3151001513008B12046F8BD08212846FFF7AFFF0446FF
S315100151400028F6D101462846FFF7ACFF0446002891
S31510015150EFD101462846FFF7A3FF04460028E8D100
S31510015160324639462846FFF707FF002822DB154B42
S315100151709D4221D003F580539D421FD003F58053E4
S315100151809D421DD003F575339D4214BF4FF0FF3379
S31510015190032303EB83030F4A9B0003F10806D01880
S315100151A0B71800214FF0FF3595517D60D150416000
S315100151B00174BEE70446BCE72346EAE70123E8E7A4
S315100151C00223E6E7002004400030044080DF01108E
S315100151D0CCDF0110102000200523012A10B44361F1
S315100151E023D0022A10D0E2B9154B1A685208B2FB25
S315100151F0F1F301FB132213B1B2EB510F00D90133B5
S3151001520010BC0361FFF720BF04684FF4E10344F4B7
S315100152100034B3FBF1F301FB03F2C2F5E1020460C2
S31510015220E9E76FF0020010BC70470468054AB2FB4B
S31510015230F1F344F48034046001FB1322DBE700BF71
S315100152406C270020C0687804036803F44033B3F573
S31510015250803F17D0036813F4403F0CD0036803F462
S315100152604033B3F5003F08BF4FF4E1030FD1006996
S31510015270B3FBF0F07047084B00691B685B08B3FB82
S31510015280F0F07047054B0069B3FBF0F07047036807
S315100152906FF00200704700BF6C270020C0687804C9
S315100152A005390329024607D8036823F4406343EA04
S315100152B081230020136070476FF00200704700BF12
S315100152C051B1012905D1036843F4805303600020CD
S315100152D070476FF002007047036823F48053036030
S315100152E00020704704293FD8DFE801F01117243157
S315100152F00300036843F010030360036843F02003BF
S315100153000360036843F0400303600020704703689D
S3151001531023F01003036000207047036843F0100365
S315100153200360036823F020030360036823F040033E
S315100153300360EAE7036843F010030360036823F090
S3151001534020030360036843F040030360DDE703684D
S3151001535043F010030360036843F0200303600368FE
S3151001536023F040030360D0E76FF00200704700BFDF
S315100153704368DB0654BF006A6FF00C00704700BF2C
S315100153800246406810F080000CBF11626FF00B00EE
S31510015390704700BF4068C0F3032070474068C0F3F0
S315100153A00330C0F1080070474B1E072B024606D882
S315100153B0036823F00F0319430020116070476FF043
S315100153C00200704710B5064C217831B905484FF4E3
S315100153D0007200F021F901232370002010BD00BFD7
S315100153E060200020642200200328F8B507461ED845
S315100153F0124B53F820502846FEF7D0FF04460146BB
S315100154002846FEF7BFFF8CB10D4E0E4D06EBC716A3
S3151001541005EBC715E30703D52B680BB13068984721
S31510015420640806F1040605F10405F3D1F8BD064931
S3151001543006484E22FEF7ACF90025DCE7800502107E
S315100154406420002064220020FCDF01104CE00110D2
S3151001545010B50446FFF7D2F920460021BDE81040E9
S31510015460FFF7D0B94FF0FF31FFF7CEB938B5054682
S31510015470FFF7CEF904462846FFF7C8F9204638BD8E
S3151001548000B583B00DF10303016801AAFFF7C6F950
S315100154909DF803300198022B10D0032B08D0012B55
S315100154A003D00A4BA3FB0030800903B05DF804FB5F
S315100154B0074B03FB00F003B05DF804FB4FF47A735E
S315100154C003FB00F003B05DF804FB00BFD34D62107F
S315100154D040420F0040EA01039B0710B501D1032A90
S315100154E017D8844601F1FF3E07E01EF8011F03F8A5
S315100154F0011B541E29B19C4622466346002AF4D14B
S3151001550010BD9444002CFBD003F8011B6345FBD15D
S3151001551010BD8E468446DEF80040A4F1013323EA1D
S31510015520040313F0803F71460EF1040EDAD1043AEA
S31510015530032A4CF8044BEED87146D3E7000000005D
S3151001554030B490F800F020F007016FF0000C10F065
S31510015550070491F820F040F048804FF000046FF0F6
S315100155600700D1E9002391F840F000F1080082FA12
S315100155704CF2A4FA8CF283FA4CF3A2FA8CF34BBBDD
S31510015580D1E9022382FA4CF200F10800A4FA8CF256
S3151001559083FA4CF3A2FA8CF3E3B9D1E9042382FA24
S315100155A04CF200F10800A4FA8CF283FA4CF3A2FA39
S315100155B08CF37BB9D1E9062301F1200182FA4CF271
S315100155C000F10800A4FA8CF283FA4CF3A2FA8CF3D8
S315100155D0002BC6D0002A04BF04301A4612BAB2FAFA
S315100155E082F200EBD20030BC7047D1E9002304F0FF
S315100155F00305C4F100004FEAC50514F0040F91F834
S3151001560040F00CFA05F562EA05021CBF63EA0503D0
S3151001561062464FF00004AAE7830730B547D0541EFF
S31510015620002A3ED0CAB2034601E0013C39D303F841
S31510015630012B9D07F9D1032C2CD9CDB205EB0525EC
S315100156400F2C05EB054535D9A4F1100222F00F0CEC
S3151001565003F1100EE6444FEA121C1A46C2E9005530
S31510015660C2E9025510327245F8D10CF1010214F05B
S315100156700C0F03EB021204F00F0C13D0ACF1040360
S3151001568023F003030433134442F8045B9342FBD122
S315100156900CF003042CB1C9B21C4403F8011BA3423C
S315100156A0FBD130BD64461346002CF4D1F9E703460D
S315100156B01446C0E71A46A446E0E700BF11F0FF0101
S315100156C0034600F0030239D08ABB026810B501EB1C
S315100156D0012E0EEB0E4E8EEA0204A2F1013323EADD
S315100156E00203A4F1013222EA0402134313F0803FAC
S315100156F00FD150F8044F84EA0E0CA4F10133ACF12A
S31510015700013223EA040322EA0C02134313F0803F09
S31510015710EFD0037823B936E010F8013F002B32D0D1
S315100157209942F9D110BD8A4228D09A0729D01A7800
S3151001573018460133002AF6D110467047CAB90268D5
S31510015740A2F1013323EA020313F0803F08D150F886
S31510015750042FA2F1013323EA020313F0803FF6D09E
S3151001576003785BB110F8013F002BFBD17047990705
S3151001577005D0184613F8012B002AF8D170471846A0
S31510015780DDE71846A1E7184610BD00BF01292DE92E
S31510015790F0415BD94FF00108C64600244FF0FF35A2
S315100157A0434608E0A3EB05081C464FF0010E04EB37
S315100157B00E03994210D900EB050CC75C1CF80E605C
S315100157C0B742EFD332D04FF001082546C6464444BE
S315100157D004EB0E039942EED80127C2F80080BE46AB
S315100157E000244FF0FF363B4607E09F1B1C464FF047
S315100157F0010E04EB0E03994210D900EB060C10F8BA
S3151001580003801CF80EC0E045EFD817D001272646B5
S31510015810BE463C4404EB0E039942EED80136681C91
S31510015820864201D317603046BDE8F081C6450ABFEE
S3151001583074440EF1010E4FF0010EB8E7BE450ABFD2
S3151001584074440EF1010E4FF0010ED2E70127002626
S31510015850E8E700BF2DE9F04F174687B005AA804645
S315100158608946384619461C46FFF790FF059B029359
S3151001587082460246F918384600F014FD00285FD119
S3151001588044F400630193029BE31A06460546A9EB0D
S3151001589004010393CAF1010BA9421BD356453346A2
S315100158A038BF53469C4223D9581EEA1838444244FD
S315100158B002E001339C421BD012F801CB10F801EF24
S315100158C0E645F6D09C4213D95D441D44A9424FF0DA
S315100158D00006E3D2019908EB090001F015FC814499
S315100158E0A9EB0401A942D9D2002007B0BDE8F08F77
S315100158F056450AF1FF336FD205EB0A02424407EB14
S315100159000A00009502E09E4211D0734610F801CDAF
S3151001591012F8015DAC4503F1FF3EF4D0009D013351
S3151001592001369E4207D8029B039E1D44B4E70136F9
S315100159309E42009DF7D908EB050007B0BDE8F08F30
S31510015940A4EB0A03534538BF53460133019305931C
S3151001595044F400630025A9EB040100930AF1FF3614
S31510015960CAF1010BA94216D3544520D905EB0A02F7
S315100159704244B819534602E001339C4217D012F83B
S3151001598001CB10F801EFE645F6D09C420FD95D44E4
S315100159901D44A942E8D2009908EB090001F0B4FBB5
S315100159A08144A9EB0401A9429ED35445DED8BAF12C
S315100159B0000FC0D005EB0A00404407EB0A0201E0D4
S315100159C0BB42B8D012F801ED10F801CDE6451346E9
S315100159D0F6D0019B1D44C5E75346A1E72DE9F04FCB
S315100159E09346ADF21C4D05AA80468A46584619467D
S315100159F01C46FFF7CBFE134681460DF2144243F8BF
S31510015A00044F9342FBD16CB1601E58440BF1FF3227
S31510015A1006AD12F8011FA31A013B5B44824245F8F9
S31510015A202130F6D1059B01934A460BEB03015846EB
S31510015A3000F038FC002879D144F400630746054686
S31510015A40AAEB040E0293661EAE4512D308EB050CA3
S31510015A5006AA1CF8063052F82330CBB127B1019AA9
S31510015A609A4284BF1346E31A1D44AE454FF0000710
S31510015A70ECD208EB0A00029901F046FB8244AAEB2C
S31510015A80040EAE45E2D200200DF21C4DBDE8F08F9A
S31510015A904F453B4638BF4B469E4218D9591EEA1808
S31510015AA059444244009502E001339E420ED012F849
S31510015AB0010B11F8015F8542F6D09E42009D06D971
S31510015AC0C9F101022A44D5180027BDE7009D4F45AB
S31510015AD009F1FF3380F0818005EB090242440BEB9B
S31510015AE009010095CDF80C9002E09F4213D04B4668
S31510015AF011F8015D12F8010D854203F1FF39F4D059
S31510015B00009DDDF80C90013301379F4209D8019BA6
S31510015B101D44E71A98E701379F42009DDDF80C9066
S31510015B20F5D960460DF21C4DBDE8F08FA4EB0903C3
S31510015B304B4538BF4B4601330193059344F400633B
S31510015B400025AAEB040E0093661EAE4509D308EB99
S31510015B50050006AA835D52F823306BB11D44AE458C
S31510015B60F5D208EB0A00009901F0CEFA8244AAEBAD
S31510015B70040EAE45EBD286E7B14517D209F1FF31D6
S31510015B8005EB0902594442444B4602E00133B34244
S31510015B900CD012F8017B11F801CFBC45F6D09E420C
S31510015BA004D9C9F101022A44D518CEE7B9F1000F7B
S31510015BB03FF46AAF05EB090141440BEB090202E020
S31510015BC05B453FF461AF12F801CD11F8017DBC457B
S31510015BD01346F5D0019B1D44C1E74B4694E700BF20
S31510015BE02DE9F0410D46097890B00446002954D0AC
S31510015BF06A78002A00F08280AB78002B51D0E878C1
S31510015C002E68002800F081802B79002B56D028466B
S31510015C10FFF796FC064640F40071204601F074FA2F
S31510015C2086425AD8FE2E00F28880801B2718402201
S31510015C30711C6846FFF7F0FC7EB16A1E5FFA86FC9E
S31510015C40901912F8013F03F03F0340336B44A91A30
S31510015C506144904203F8401CF3D1013CA35D03F06B
S31510015C603F0340336B4413F8403C1C44A74203D214
S31510015C7038E04444A74235D314F806C00CF03F0C63
S31510015C800CF140030DEB030C3246294620461CF855
S31510015C90408C00F007FB0028EBD1204610B0BDE880
S31510015CA0F081007842EA0142B8B140EA03439A42D0
S31510015CB0214614F8010FF7D14C1EEEE7227862B196
S31510015CC031BA01E08B421ED042EA0323204614F872
S31510015CD0012F002AF6D18B4215D00024204610B090
S31510015CE0BDE8F081BB5DB819002BF6D04FF4006109
S31510015CF001F00AFA0744A742AFD2EEE710B0BDE8A9
S31510015D00F041FFF7DBBCC41EC7E7120442EA016289
S31510015D10217842EA03230029DFD0024601E0002957
S31510015D20DBD041EA0200B3EB002F25464FEA0022F1
S31510015D3014F8011FF3D1AC1EAFE7014633462A46CC
S31510015D40204610B0BDE8F04148E600BFB1F90C207D
S31510015D50F8B516070C46074649D4496842F400635C
S31510015D600029A3815FDDA56A002D3ED0002112F422
S31510015D7080523E683960E16961D101233846A847EE
S31510015D80451C02466BD0B4F90C30A56AE169580777
S31510015D9005D56368D21A236B0BB1E36BD21A0023B4
S31510015DA03846A847411C4CD13968B4F90C301D2925
S31510015DB03FD82F4ACA40D2073BD52269226023F425
S31510015DC00062A281DD044FF00002626001D5002954
S31510015DD043D0216B3E6041B104F14003994202D098
S31510015DE0384600F063F9002323630020F8BD0E69DD
S31510015DF0002EFAD00D680E6092070CBF4B69002376
S31510015E00AD1B8B600CE0D4F824C0E1692B463246F9
S31510015E103846E047B0F1000CA5EB0C05664406DDEB
S31510015E20002DF0DCE1E7E16B00299CDCDDE7B4F93C
S31510015E300C3043F04003A3814FF0FF30F8BD226DC3
S31510015E40A5E7B4F90C302269226023F40062A2811D
S31510015E50DB044FF000026260BBD52065B9E73B68F1
S31510015E60002B90D01D2B01D0162BE0D13E60BCE744
S31510015E700100402010B5044682B008B1436B53B1FE
S31510015E80B1F90C0008B902B010BD204602B0BDE848
S31510015E901040FFF75BBF019100F00EFF0199EFE78C
S31510015EA0A0B138B50C4B1D6804460DB16B6B4BB1E7
S31510015EB0B4F90C0000B938BD21462846BDE8384072
S31510015EC0FFF744BF284600F0F7FEF1E7034A0449FD
S31510015ED0044801F087B900BF1800002040010020D6
S31510015EE0755E01102000002088420ED98B1883425E
S31510015EF00BD900EB020C002A6ED0624613F801CDC5
S31510015F0002F801CD9942F9D170470F2A0FD80346ED
S31510015F1002F1FF3C002A5FD00CF1010C013B8C44CD
S31510015F2011F8012B03F8012F6145F9D1704740EAA9
S31510015F3001039B0751D1A2F1100370B501F1200C99
S31510015F4023F00F0501F1100E00F11004AC441B09EA
S31510015F505EF8105C44F8105C5EF80C5C44F80C5C5E
S31510015F605EF8085C44F8085C5EF8045C44F8045C6E
S31510015F700EF1100EE64504F11004E9D1013312F0C9
S31510015F800C0F01EB031102F00F0400EB031328D0E1
S31510015F90043C24F003064FEA940C1E441C1F8E4643
S31510015FA05EF8045B44F8045FB442F9D10CF10104C4
S31510015FB002F0030203EB840301EB840102F1FF3CBF
S31510015FC04AB10CF1010C013B8C4411F8012B03F879
S31510015FD0012F6145F9D170BD704702F1FF3C0346AF
S31510015FE09AE72246EAE700BF014B1868704700BFDF
S31510015FF0180000202DE9F84306460820894600F0CE
S315100160001FFBDFF89C800546304600F067FDD8F887
S3151001601008305F6827F00307A7F11104A4EB090400
S315100160202C44B4FBF5F4013C05FB04F4A54208DC51
S315100160300021304601F09EF8D8F808303B449842CA
S3151001604005D0304600F04CFD0020BDE8F8836142D2
S31510016050304601F08FF801300FD0124AD8F80830C7
S315100160603F1B47F001075F60136830461B1B136027
S3151001607000F036FD0120BDE8F8830021304601F01D
S3151001608079F8D8F80820831A0F2BDADD43F00103CB
S315100160905360054B03491B68C01A0860D1E700BF5E
S315100160A050010020A42500205805002000297CD08D
S315100160B0F8B50C46064600F011FD54F8043C764F2F
S315100160C0A4F1080523F001016818D7F808C0426841
S315100160D0844522F0030200F08380DB07426000EB67
S315100160E0020C33D454F8084CDCF804302D1B21442F
S315100160F0AC6807F1080C644503F0010364D0D5F8C8
S315100161000CE0C4F80CE0CEF80840002B00F08180BA
S3151001611041F001036B600160B1F5007F22D278680E
S31510016120CB080122490901338A40024357F833103B
S315100161307A6007EBC302083AC5E9021247F83350F1
S31510016140CD603046BDE8F84000F0CABCDCF804303A
S31510016150DB072BD541F00103B1F5007F44F8043C70
S315100161600160DCD3B1F5206F4FEA512353D28B096D
S3151001617003F1390003F13802C300F818FB58083847
S31510016180984203D161E09B68984204D05A6822F084
S3151001619003028A42F7D8D868C5E902308560DD6006
S315100161A03046BDE8F84000F09BBC7047114407F13A
S315100161B0080C836863453FD0C268DA60936041F08A
S315100161C001036B606950A7E7002B5FD10A44D0E940
S315100161D00213CB60996042F001036B60AA50B0E7DD
S315100161E00A44D90707D454F8083CED1A1A44D5E9DC
S315100161F00213CB60996042F001036B60274BBD60BF
S315100162001B6893429DD8264B30461968FFF7F2FE5C
S3151001621097E71144CDE7142B08D9542B1DD80B0B36
S3151001622003F16F0003F16E02C300A6E703F15C00F0
S3151001623003F15B02C300A0E741F00103C7E904556E
S31510016240C5E902CC6B6069507BE77968921001242D
S3151001625004FA02F20A437A609EE7B3F5AA7F06D8DA
S31510016260CB0B03F1780003F17702C30085E740F207
S315100162705452934206D88B0C03F17D0003F17C0234
S31510016280C3007AE74FF47E737E2276E741F001036D
S315100162906B60016055E700BF500100205C050020CE
S315100162A0A0250020032A30B415D941EA0004A40719
S315100162B084460B4604D0541E0FE0043A032A08D92B
S315100162C01946604653F8044B5CF8045BA542F4D0BA
S315100162D0F1E760461946541E7AB1431E0139021977
S315100162E001E09A4209D013F8010F11F801CF604568
S315100162F0F7D0A0EB0C0030BC7047002030BC7047C3
S315100163000A22002100F0AEB80A23002200F09CB840
S31510016310242B2DE9F84F43D8012B41D0804649480B
S315100163201F468E4675461EF801BB10F80B4014F039
S315100163300804F7D1BBF12D0F6FD0BBF12B0F08BF9E
S315100163409EF800B06FF0004908BF05F1020E73BB4D
S31510016350BBF1300F4BD00A273B460025B9FBF7F6A8
S31510016360284607FB169A05E03AD007FB00C001251F
S315100163701EF801BBABF1300CBCF1090F06D9ABF11C
S31510016380410CBCF1190F19D8ABF1370C63451EDD61
S31510016390B5F1FF3FECD08642E6D24FF0FF35E7E785
S315100163A0FFF722FE162303600020BDE8F88F102B9D
S315100163B0D3D1BBF1300F23D01F46CEE7ABF1610C21
S315100163C0BCF1190F03D8ABF1570C6345E0DC6B1C1C
S315100163D02BD054B9002AE8D085BB1160BDE8F88FDF
S315100163E0E245C2DA4FF0FF35C2E74042F2E79EF8C6
S315100163F0003003F0DF03582B08D008273B46ACE7E3
S315100164009EF8000000F0DF005828D5D110279EF81D
S3151001641001B03B460EF1020E9FE79EF800B04FF019
S31510016420004905F1020E012491E72223C8F8003034
S3151001643032B10EF1FF3148461160CFE78146F8E7D8
S315100164404846B2E79105021062E700BF10B4044C4A
S3151001645084461346206810BC0A46614658E700BFB9
S315100164601800002010B4044C84461346206810BC52
S315100164700A4661464CE700BF1800002070B539B1D5
S3151001648006460C4608B1436B83B3B4F90C3013B905
S315100164900025284670BD21463046FFF757FCE36AB2
S315100164A0054633B1E169304698470028B8BF4FF029
S315100164B0FF35A3891B061CD4216B41B104F140039E
S315100164C0994202D03046FFF7F1FD00232363616C38
S315100164D021B13046FFF7EAFD0023636400F0FCFBAF
S315100164E00023A38100F0FAFB284670BD00F0E4FBFF
S315100164F0CBE721693046FFF7D9FDDDE7024B0146AF
S315100165001868FFF7BBBF00BF18000020844641EA98
S31510016510000313F003036DD1403A41D351F8043B04
S3151001652040F8043B51F8043B40F8043B51F8043B56
S3151001653040F8043B51F8043B40F8043B51F8043B46
S3151001654040F8043B51F8043B40F8043B51F8043B36
S3151001655040F8043B51F8043B40F8043B51F8043B26
S3151001656040F8043B51F8043B40F8043B51F8043B16
S3151001657040F8043B51F8043B40F8043B51F8043B06
S3151001658040F8043B51F8043B40F8043B51F8043BF6
S3151001659040F8043B51F8043B40F8043B403ABDD265
S315100165A0303211D351F8043B40F8043B51F8043B07
S315100165B040F8043B51F8043B40F8043B51F8043BC6
S315100165C040F8043B103AEDD20C3205D351F8043B96
S315100165D040F8043B043AF9D2043208D0D2071CBF62
S315100165E011F8013B00F8013B01D30B88038060468B
S315100165F0704700BF082A13D38B078DD010F0030301
S315100166008AD0C3F10403D21ADB071CBF11F8013B70
S3151001661000F8013B80D331F8023B20F8023B7BE7BF
S31510016620043AD9D3013A11F8013B00F8013BF9D2EA
S315100166300B7803704B7843708B7883706046704784
S31510016640082802D14FF48050704708B5FFF7CCFCEB
S31510016650162303604FF0FF3008BD00BF10B50C467E
S31510016660B1F90E1003F010FB002803DB236D034470
S31510016670236510BDA38923F48053A38110BD00BFE8
S31510016680002070472DE9F0410C46B1F90C101F4658
S31510016690CB05054616460BD421F48051A1813B4604
S315100166A0B4F90E1032462846BDE8F04100F0EAB9B9
S315100166B0B4F90E100223002204F0E4FDB4F90C1013
S315100166C0EAE700BF10B50C46B1F90E1004F0DAFD79
S315100166D0B4F90C30421C0EBF23F4805343F480539B
S315100166E02065A38110BD00BFB1F90E1000F054BD95
S315100166F070B50F4B0F4DAB42A3EB050607D0B61085
S31510016700002455F8043B01349847A642F9D80AF0FB
S3151001671087F8094D094B5E1BAB424FEAA60606D018
S31510016720002455F8043B01349847A642F9D870BDA8
S31510016730C00B0020C00B0020C00B0020C80B00208E
S315100167402DE9F84F1646002900F096800C46804632
S3151001675006F10B0500F0C2F954F8041C162DA4F12C
S31510016760080921F0030758D81025AE4258D8AF4270
S3151001677060DABE4B9A6809EB070C6245DCF8040037
S3151001678000F0908020F0010363445B68DB0768D456
S3151001679020F003003B189D4247DDCB0712D454F875
S315100167A0083CA9EB030BDBF8043023F00302104479
S315100167B000EB070A554540F3F68007EB020A5545EB
S315100167C040F3CC803146404603F074FA0646002861
S315100167D000F0208154F8043C23F001034B44A0F14E
S315100167E00802934200F0B4803A1F242A00F2D7809F
S315100167F0132A00F2A28003462246116819605168D5
S31510016800596092689A6021464046FFF74FFC404610
S3151001681000F066F93046BDE8F88F35F00705A4D5C6
S315100168200C23C8F80030002618E01F46DCE90223C5
S31510016830D3609A60D9F804307A1B0F2A03F001034A
S3151001684009EB07001DD83B43C9F80430436843F0F0
S3151001685001034360404600F043F926463046BDE841
S31510016860F88FC907AED454F8083CA9EB030BDBF833
S31510016870043023F00302A0E7BDE8F84F114603F0F8
S3151001688019BA09EB05012B4342F00102C9F804308C
S315100168904A60436843F00103436008314046FFF7FD
S315100168A005FCD7E720F00300C21905F1100C62456B
S315100168B080F29180CA0785D454F8082CA9EB020BF3
S315100168C0DBF8042022F00302104400EB070AD4453A
S315100168D03FF773AF5E46DBF80C1056F8080F3A1FF8
S315100168E0242AC160886000F2AE80132A40F2A98082
S315100168F02168CBF808106168CBF80C101B2A00F23E
S31510016900A88008340BF1100221681160616851608A
S31510016910A16891600BEB0501AAEB050242F0010299
S3151001692099604A60DBF8043003F001032B434046BB
S31510016930CBF8043000F0D4F890E72368036063685D
S3151001694043601B2A3CD804F1080200F1080354E7FE
S3151001695050F8043C23F003031F446BE73A1F5E46CD
S31510016960DBF80C3056F8081F242ACB60996022D820
S31510016970132A1ED92368CBF808306368CBF80C307C
S315100169801B2A3BD808340BF1100322681A6062687F
S315100169905A60A2689A6034465746D9464AE7214654
S315100169A0FFF7A2FA2FE7DCE902133A1FCB609960D1
S315100169B0D5E73346E9E721463046FFF795FAEAE788
S315100169C0A3688360E368C360242A27D004F1100208
S315100169D000F1100311E709EB05019960531B43F010
S315100169E001034B6054F8043C03F001032B4340466A
S315100169F044F8043C00F074F826462FE7A368CBF858
S31510016A001030E368CBF81430242A10D010340BF16F
S31510016A101803BAE7404600F063F804E723690361F7
S31510016A206169416104F1180200F11803E5E6236971
S31510016A30CBF818306369CBF81C3018340BF12003EE
S31510016A40A3E7324660E721463046FFF74DFA074B7A
S31510016A5060E7A168CBF81010E168CBF81410242A6E
S31510016A6006D010340BF118024EE700BF500100207A
S31510016A702269CBF818206269CBF81C2018340BF167
S31510016A80200241E738B50C46084D8446114620468A
S31510016A901A4600232B606446FCF700FF431C00D006
S31510016AA038BD2B68002BFBD0236038BDD8250020BC
S31510016AB070B50C46084D03460026204611461C4665
S31510016AC02E60FCF7B9FE431C00D070BD2B68002B5D
S31510016AD0FBD0236070BD00BFD8250020704700BFD2
S31510016AE0704700BF00207047024A0349034800F06F
S31510016AF079BB00BF400100207D64011020000020F9
S31510016B000C4B4168994210B5044601D0FFF7B6FC0B
S31510016B10A168094B994202D02046FFF7AFFCE16804
S31510016B20064B994204D02046BDE81040FFF7A6BC9B
S31510016B3010BD00BF64240020CC2400203425002081
S31510016B40002070472DE9F8432A4C2B49DFF8AC9009
S31510016B50DFF8AC802B4FC4F8381100250423082226
S31510016B60294604F15C00284EE360C4E90055C4E9E6
S31510016B700455A5606566A561FEF74EFD234B636757
S31510016B800822294604F1C400C4E90749C4E9098762
S31510016B90C4E91A55C4E91E552567C4F8CC50C4F882
S31510016BA08050E662FEF738FD194BC4F8DC302946F1
S31510016BB004F16803082204F59670C4F88430C4E918
S31510016BC02298C4E92476C4E93455C4E93855C4F881
S31510016BD0D850C4F83451C4F8E850FEF71DFD04F13D
S31510016BE0D003C4E93C98C4E93E76C4F8EC30BDE85C
S31510016BF0F88300BF64240020E96A01105D66011064
S31510016C0085660110C5660110E966011009000100CB
S31510016C1012000200F8B5254BD3F838310646002B81
S31510016C203CD0234FD7E90134013B04D51DE05A1C52
S31510016C3004F1680419D0B4F90C50013B002DF6D1BA
S31510016C401C4BE360C4E90155C4E90455656625602A
S31510016C50A5610822294604F15C00FEF7DDFCC4E9B2
S31510016C600C55C4E911552046F8BD3D680DB12F46A6
S31510016C70D8E74FF4D671304603F01CF8044680B1BC
S31510016C800423C0E900530C302946A0604FF4D0729A
S31510016C902546FEF7C1FC3C602F46C3E7FFF752FFBE
S31510016CA0BFE70C2338603360DDE700BF64240020A2
S31510016CB0400100200100FFFF436B03B17047044BF5
S31510016CC0044AD3F838314263002BF7D13AE700BFB3
S31510016CD064240020016B0110704700BF704700BF8C
S31510016CE0024A0349002000F07DBA00BF400100208E
S31510016CF0E56A0110024A0349002000F073BA00BF89
S31510016D0040010020416B011070B504468AB0084657
S31510016D100D46FEF715FC164E626B079001214318BE
S31510016D20CDE90861022006A903910695A16805938C
S31510016D300490A2B1B1F90C204B6E900405D442F423
S31510016D40005223F400538A814B669B040DD403AA87
S31510016D50204600F017F840B90A200AB070BD204647
S31510016D600191FFF7A9FF0199E4E74FF0FF30F4E72E
S31510016D70ECDC0110024B01461868FFF7C5BF00BFD6
S31510016D80180000209368002B00F0F6802DE9F04FD3
S31510016D90B1F90CC01CF0080F83B0904681460C4621
S31510016DA031D00B697BB31CF00207D8F8006038D0DC
S31510016DB00027D4F824B0E169DFF8BCA23D46554559
S31510016DC02B463A4628BF53464846C5B1D8470028F0
S31510016DD040F3C880D8F808301B1A07442D1AC8F892
S31510016DE00830002B00F0B48055452B46D4F824B05A
S31510016DF0E16928BF53463A464846002DE6D1D6E901
S31510016E0000750836DBE72146484604F0D9F9002813
S31510016E1040F0AD80B4F90CC0D8F800601CF0020740
S31510016E20C6D11CF0010A63D12368A16857461846DA
S31510016E308B46002F58D01CF4007F00F0B180B94268
S31510016E400A4600F2DD801CF4906F2FD02169626929
S31510016E505D1A02EB420202EBD2726B1C52103B44DA
S31510016E60934292BF93469B461A461CF4806F00F0DC
S31510016E70E6801146484602F01DFF002800F0F58015
S31510016E802A4621690190FFF741FBA289019B22F451
S31510016E90906242F08002A2815819ABEB0505C4F845
S31510016EA014B02361A5602060BB463A465146019253
S31510016EB0FFF71AF8A1682368019AA1EB0B011A448E
S31510016EC03D46A16022600027D8F808305B1BAA4412
S31510016ED0C8F80830002B3BD02368A168B4F90CC060
S31510016EE018468B46002FA6D1D6E900A708369EE78D
S31510016EF03846BB463D46002D40D0002845D03A467F
S31510016F00D4E904C32068A168AA4228BF2A4660456D
S31510016F1004D901EB030A524500F38280934272DCD5
S31510016F20E169D4F824C05A464846E047B0F1000A50
S31510016F3018DDB7EB0A070FD00120D8F80830A3EBFC
S31510016F400A03D344A5EB0A05C8F80830002BD2D1A1
S31510016F50002003B0BDE8F08F21464846FEF78AFFB0
S31510016F600028EAD0B4F90C3043F04003A3814FF066
S31510016F70FF3003B0BDE8F08F0020704775683346C7
S31510016F800836002DFAD0D3F800B02A460A21584601
S31510016F9001F046FC002865D00130A0EB0B07AEE7E7
S31510016FA022699A4214D36269BA4211D86FF000432A
S31510016FB0BB4228BF3B46656A93FBF2F3E16902FBCC
S31510016FC003F348465246A847051ECBDD7F1B7BE7D8
S31510016FD0B94228BF39460D4618460A465146FEF7AC
S31510016FE083FFA1682368491B2B44A16023600029F4
S31510016FF0ECD121464846FEF73DFF0028E6D0B1E721
S31510017000BB463A4652E759460192FEF76DFF019A81
S31510017010A3689B1AA360236813442360924688E7EA
S3151001702059465246FEF760FF2368534423602146B2
S315100170304846FEF71FFF00283FF47BAF92E748460C
S31510017040FFF77EFB034600287FF426AF21694846E9
S31510017050FFF72CF8B4F90C300C22C9F8002023F0F4
S31510017060800381E76A1C17464AE70C22B4F90C30F3
S31510017070C9F8002078E700BF00FCFF7F0023014616
S315100170801A46184604F01EB90CB410B59CB01EABC6
S31510017090029106916FF0004104910791084953F846
S315100170A0042B0591002402A901931B9401F008FCFD
S315100170B0029B1C701CB0BDE8104002B0704700BFA7
S315100170C00802FFFF0EB430B59CB06FF000411FAB44
S315100170D0049107910A4953F8042B02900024069053
S315100170E0084D0868019302A905951B9401F0E8FB68
S315100170F0029B1C701CB0BDE8304003B0704700BF46
S31510017100180000200802FFFF71B1034600EB010CC5
S3151001711001E0634506D01A46013311780029F8D1EA
S31510017120101A7047181A7047084670470EB400B502
S3151001713082B003AB816853F8042B019300F074F805
S3151001714002B05DF804EB03B0704700BF0FB400B591
S31510017150074983B004AB086853F8042B816801937F
S3151001716000F062F803B05DF804EB04B0704700BF9D
S315100171701800002038B5074D0022044608462A603B
S31510017180FCF7D6FC431C00D038BD2B68002BFBD076
S31510017190236038BDD825002038B5074D0022044696
S315100171A008462A60FCF73CFB431C00D038BD2B680F
S315100171B0002BFBD0236038BDD825002038B5074DEC
S315100171C0074C2C1BA41005D0013C55F8043D9847DB
S315100171D0002CF9D1BDE8384009F028BBCC0B0020B2
S315100171E0C80B00202DE9F8430746884616464FF08E
S315100171F00009D6E90154013D10D4A389012B08D900
S31510017200B4F90E3001332146384602D0C04749EA57
S315100172100009013D6B1C04F16804EED13668002E9D
S31510017220E7D14846BDE8F8832DE9F04FC3B01C46B7
S31510017230089191460D9305460C9004F031FE0268B3
S3151001724014921046FEF77CF913901DB16B6B002B4F
S3151001725001F01B800899B1F90C204B6E900405D4EE
S3151001726042F4005223F400538A814B669F0401F1C4
S315100172704381089AB2F90C301E0740F1DD8012697C
S31510017280002A00F0D98003F01A030A2B00F0E380DC
S315100172900023CDE92633CDE9153312930A93002441
S315100172A00023CDE9103432AA25929246CB469BF89B
S315100172B00030002B00F05F815C4604E014F8013FBA
S315100172C0002B00F03C81252BF8D1B4EB0B0540F0D7
S315100172D039812378002B00F04E814FF000038DF891
S315100172E0773000276378099704F1010B4FF0FF39C6
S315100172F00BF1010B9846A8F12003582B00F2488197
S31510017300DFE813F07B02460146017602460146018B
S3151001731046014601460146013E02700246014902F6
S315100173204E0246016B025900590059005900590085
S3151001733059005900590059004601460146014601B6
S315100173404601460146014601460146016800C10152
S315100173504601C1014601460146014601A602460102
S315100173604601B80046014601460146014601C900DB
S31510017370460146014D0646014601460146014601B2
S315100173804601460146014601460198026A00C101BD
S31510017390C101C10193026A004601460186024601F6
S315100173A0E202BA00D102CC024601AB024601CB0081
S315100173B0460146016D06A8F1300300221BF8018B28
S315100173C002EB820203EB4202A8F13003092BF5D935
S315100173D0099290E747F01007BD0640F1AA810D9B6F
S315100173E0073323F007031A46596852F8083B0D92E2
S315100173F00A460029C0F2AF81B9F1000F9DF8774016
S31510017400C0F2B08127F08001069153EA020140F0E3
S31510017410A8810121B9F1000F40F04B83002940F0FA
S31510017420E98417F001030B9300F0298530238DF8B9
S31510017430C7300DF1C7056EE0089D0C98294603F07B
S31510017440BFFE002841F05880B5F90C3003F01A033D
S315100174500A2B7FF41DAF089BB3F90E30002BFFF6F4
S3151001746017AF08990C9823464A4643B0BDE8F04F2A
S3151001747001F0FEB847F0100717F0200200F04A811C
S315100174800D9B073323F0070319465A6851F8083B39
S315100174900D9100210FE047F0100717F0200200F0C0
S315100174A02F810D9B073323F0070319465A6851F8AC
S315100174B0083B0D9101210024B9F1000F8DF8774099
S315100174C006DB27F08000069053EA0200A2D0069F41
S315100174D0012900F04781022900F0F58232AD03F04F
S315100174E00701DB0843EA4273D208303153EA020638
S315100174F0284605F8011DF2D1FB0740F1F282302929
S3151001750000F0EF823023023805F8013C32AB1B1A2A
S3151001751006970B9305460B9B4B45B8BF4B460793F6
S3151001752000230F9314B1079B01330793069B13F0A6
S3151001753002033FD0079B0233079302233AE0B4EBD1
S315100175400B0518D0279B2B442793269B0133072B1A
S31510017550CAE900B5269305DC0AF1080A0A9B2B44F1
S315100175600A93B6E608990C9825AA03F01BFF30B9C1
S315100175700DF1C80AF2E7279B002B40F00D87089BF7
S315100175809B895B0600F1B8870A9843B0BDE8F08F76
S31510017590B8F1000FEFD000238DF8773001238DF865
S315100175A0A08007930B9328AD4FF000090697CDF8ED
S315100175B03C904B46069A279C12F084020E9205D1F6
S315100175C0099A0799561A002E00F3FB829DF8772027
S315100175D08AB1269A0DF1770101320134CAF80010E9
S315100175E0072A4FF0010127942692CAF8041000F3D6
S315100175F023830AF1080A83B1269A1EA9013202349D
S31510017600CAF80010072A4FF0020127942692CAF8E9
S31510017610041000F31F830AF1080A0E9B802B00F059
S31510017620C7810B9BA9EB0306002E00F30382069B71
S31510017630DE0500F156810B9BCAF804301C44269BCB
S31510017640CAF800500133072B2794269300F3628260
S315100176500AF1080A069B5A0705D5099B079A9D1A2E
S31510017660002D00F30383DDE9092307998A42ACBF94
S315100176709B185B180A93002C40F03882002326933E
S315100176800DF1C80A13E60D9B073323F00703F3E840
S3151001769002450D9325F0004319931894DDE918015D
S315100176A0BD4B4FF0FF32CDE9104506F049F80028E1
S315100176B040F0F083DDE91801B74B4FF0FF3206F0C9
S315100176C021F8002840F0E6830022002320462946AF
S315100176D006F00EF8002840F049869DF87740AF4D28
S315100176E027F080030693AE4BB8F1470FD8BF1D465E
S315100176F04FF00009032307930B93CDF83C9011E744
S315100177000D9951F8043B0D9117F0100100F0BA8351
S315100177100121D0E60D9951F8043B0D9117F0100196
S315100177207FF4B7AE17F040023FF4B3AE0A469BB2F0
S31510017730AFE60D9AFC0652F8043B0D9206D4780674
S3151001774004D543F3C03211461BB252E6DA1711467D
S315100177500029BFF651AE5B4262EB42022D24012194
S31510017760AAE6069F0A2B72F1000180F004853033D8
S315100177708DF8C730012306970B930DF1C705CAE69D
S315100177800D9B53F8042B0992002A80F27383099AF0
S315100177900D93524209929BF8003047F00407A7E572
S315100177A05A4612F8018BB8F12A0F00F02F87A8F16B
S315100177B03003092B98BF4FF0000900F2AE8612F87C
S315100177C0018B09EB890903EB4909A8F13003092B50
S315100177D0F5D949EAE97993468DE59BF8003047F0EA
S315100177E0800785E52B238DF877309BF800307FE5F0
S315100177F09BF8003047F001077AE59DF877209BF852
S315100178000030002A7FF474AD20228DF877206FE5C1
S315100178109BF800306C2B03BF9BF8013047F0200713
S315100178200BF1010B47F0100762E59BF8003047F0AA
S3151001783040075DE50D9B00228DF8772053F8042B48
S315100178400D9301238DF8A02007930B9328ADABE67A
S315100178509BF8003047F008074AE50D9C54F8045B85
S3151001786000268DF87760002D00F0C883B9F1000F5E
S31510017870C0F21D854A463146284600F0D1FF002840
S3151001788000F03F86431B0B9323EAE3730D94B14635
S315100178909DF87740069707930F9643E69BF80030BD
S315100178A047F0200724E50D9A52F8043B0D9247F64E
S315100178B03002ADF878203B4A159247F002070022B4
S315100178C002214FF07808F6E5BD0640F15F830D9B66
S315100178D00A9A1B681A60D2175A600D9B04330D93CE
S315100178E0E5E4B8F1650F40F32181DDE910010022CD
S315100178F0002305F0F3FE002800F0F581269B2A4AA5
S31510017900CAF80020013301340122072B279426934C
S31510017910CAF8042000F3AC840AF1080A1F9B129AD4
S31510017920934280F2A282139B149A1C44CAE9002343
S31510017930269B27940133072B269300F353830AF1D1
S31510017940080A129B5D1E002D7FF784AE102D269B13
S31510017950164F40F3D480DDF83080DDF820901026E4
S3151001796005E00AF1080A103D102D40F3C8800133D5
S315100179701034072BCAE90076CDE92634F1DD25AAA4
S315100179804946404603F00EFD00287FF4F8ADDDE9C7
S3151001799026340DF1C80AE6E7FFFFEF7F70E001100C
S315100179A06CE0011090E00110ACE00110A406021089
S315100179B0099B079A9E1A002E7FF733AE102E269B2F
S315100179C0AF4F24DD52462146AA460C9C089D04E081
S315100179D0103E102E02F1080216DD0133103110206F
S315100179E0072BCDE9263117605060F1DD25AA29460E
S315100179F0204603F0D7FC00287FF4C1AD103E102EAF
S31510017A00DDE9263132AAE8DC55460C4692460133A9
S31510017A103444072BCDE92634CAF80070CAF804603D
S31510017A2000F338840B9BA9EB0306002E0AF1080A12
S31510017A307FF7FDAD102E269B914F2CDD5246214628
S31510017A40B2460C9C2E464FF01009089D06E0AAF18D
S31510017A50100ABAF1100F02F1080218DD0133884835
S31510017A601031072BC2E90009CDE92631EFDD25AA30
S31510017A702946204603F096FC00287FF480ADAAF132
S31510017A80100ABAF1100FDDE9263132AAE6DC3546C5
S31510017A900C465646924601333444072BCDE926341B
S31510017AA0CAF80070CAF8046000F3D2810AF1080A14
S31510017AB0BDE50129069F4FF000033FF458AE022998
S31510017AC01A467FF40BAD159832AD03F00F011B0961
S31510017AD0415C05F8011D43EA0273120953EA0201DA
S31510017AE0F3D132AB5B1B06970B9314E508990C98EF
S31510017AF025AA03F057FC00283FF4C0AD3FE501333A
S31510017B002C44072BCAF80070CAF80450CDE9263464
S31510017B107FF79EAD08990C9825AA03F043FC00281F
S31510017B207FF42DAD279C0DF1C80A93E5129B269E75
S31510017B30012B04F1010406F101060AF1080840F3CC
S31510017B403E810123072ECDE92664CAF80050CAF8F2
S31510017B50043000F3F682139B149A01361C44072E47
S31510017B60C8E90023CDE9266400F3F88208F1080874
S31510017B70129BDDE9100103F1FF390022002305F004
S31510017B80ADFD002840F03B81013601354C44072EEE
S31510017B90CDE92664C8F80050C8F8049000F31D8199
S31510017BA008F10808169BC8F8043001361C44072E44
S31510017BB021ABCDE92664C8F80030ABDC08F1080A20
S31510017BC048E5102E269A2F4F28DD51462046CA46E3
S31510017BD00C9C1793A946089D04E0103E102E01F146
S31510017BE0080116DD013210301023072ACDE92620AF
S31510017BF00F604B60F1DD25AA2946204603F0D2FB22
S31510017C0000287FF4BCAC103E102EDDE9262032A9E7
S31510017C10E8DC179B4D460446D1468A460132344468
S31510017C20072ACDE92624CAF80070CAF8046000F3C1
S31510017C30DC820AF1080AC9E408990C98179325AA57
S31510017C4003F0B0FB00287FF49AAC279C179B0DF12B
S31510017C50C80AD0E408990C9825AA03F0A3FB0028BA
S31510017C607FF48DAC279C0DF1C80AD6E4102D269B06
S31510017C70044F25DDDDF83080DDF82090102608E070
S31510017C80A406021094060210103D102D0AF1080ADE
S31510017C9016DD01331034072BCAE90076CDE92634F7
S31510017CA0F2DD25AA4946404603F07CFB00287FF405
S31510017CB066AC103D102DDDE926340DF1C80AE8DC5D
S31510017CC001332C44072BCAE90075CDE926347FF719
S31510017CD0CAAC08990C9825AA03F064FB00287FF416
S31510017CE04EAC279CBFE41F99002940F38D820F9F4C
S31510017CF0129B9F42A8BF1F46002F0BDD269B013307
S31510017D003C44072BCAE900572794269300F3D683E0
S31510017D100AF1080A0F9E002FA8BFF61B002E00F3CA
S31510017D2077811F9B129A9342C0F2A181069AD007BE
S31510017D3000F19D81129A0F99D31A561A9E42A8BF25
S31510017D401E46002E0EDD269ACAF8046001320D4435
S31510017D503444072ACAF800502794269200F3BA83AE
S31510017D600AF1080A002EACBF9D1B1D46002D7FF798
S31510017D7071AC102D269BAC4F7FF7C1AEDDF830806C
S31510017D80DDF82090102605E00AF1080A103D102DA5
S31510017D907FF7B5AE01331034072BCAE90076CDE96A
S31510017DA02634F1DD25AA4946404603F0FBFA0028A0
S31510017DB07FF4E5ABDDE926340DF1C80AE6E7069B4B
S31510017DC0D9073FF5BEAE0123072ECDE92664CAF8C1
S31510017DD00050CAF804307FF7E5AE08990C9825AA29
S31510017DE003F0E0FA00287FF4CAABDDE926640DF151
S31510017DF0C808D7E6CDF82C9032ADFFF78CBB129B95
S31510017E00012B7FF7CFAE112B874F40F39582DDF80B
S31510017E1030A0102507E008F10808A9F11009B9F1F9
S31510017E20100F40F3898201361034072EC8E9007508
S31510017E30CDE92664EFDD089925AA504603F0B2FA7A
S31510017E4000287FF49CABDDE926640DF1C808E4E750
S31510017E5008990C9825AA03F0A5FA00287FF48FAB90
S31510017E60279C0DF1C80AFFF7E2BB069BDD077FF5DC
S31510017E70F1AB58E50D939BF80030FFF739BA32ADE7
S31510017E80FFF749BB17F040021CBF0A469BB20121FE
S31510017E90FFF711BBDDE9100102460B4605F050FC58
S31510017EA0002840F07B83B9F1FF3F28F0200600F04F
S31510017EB02083472E04D1B9F1000F08BF4FF00109F5
S31510017EC0DDE9101247F48070002A0690C0F2DA82BA
S31510017ED000230E93DDE91034CDE91A34B8F1650F9C
S31510017EE000F0A58200F3E282B8F1450F00F09F82FF
S31510017EF023AB049320AB03931FAB0293022300938E
S31510017F000C98CDF80490DDE91A2302F017FAF90757
S31510017F10054640F1C08000EB0904DDE91A01002293
S31510017F20002305F0DBFB002840F03282239BA3429D
S31510017F3006D230215A1C23921970239B9C42F9D8E0
S31510017F401F9A0F925B1B472E129300F0A980B8F16E
S31510017F50660F40F0BC800F9A07F00103002A43EA2E
S31510017F60090340F36183002B40F03E830F9B079377
S31510017F700B934FF066080E9B002B00F07D822D238C
S31510017F808DF877304FF00009FFF7CDBAFC067DD496
S31510017F9078067BD50D9B0A9A1B681A809DE4234BA4
S31510017FA0159317F0200200F0BE800D9B073323F0C6
S31510017FB0070319465A6851F8083B0D91F90740F124
S31510017FC0AF8053EA020100F0AB8030218DF87810B2
S31510017FD08DF8798047F002070221FFF76CBA144B2E
S31510017FE01593DEE708990C9825AA03F0DBF900280A
S31510017FF07FF4C5AA279C0DF1C80AA2E44B46062BAD
S3151001800028BF06230B4D0B930D940793FFF7CCBA9C
S31510018010102E269B044F40F39C812246DDF83090AA
S31510018020089C4FF010080DE0A40602107CE0011028
S3151001803090E00110A4E001100AF1080A103E102E7A
S3151001804040F3868101331032072BCAE90078CDE956
S315100180502632F1DD25AA2146484603F0A3F9002868
S315100180607FF48DAADDE926320DF1C80AE6E7139AE7
S3151001807014991444CAE90012269A27940132072A40
S31510018080269200F306820AF1080A53E60D9B0A9A14
S315100180901B681A6021E4239B1B1A12931F9B0F93D3
S315100180A00F9BDA1C11DB99450FDB129B0F9A93423A
S315100180B000F35982FE070F9B00F1818223EAE372D6
S315100180C007920B934FF0670855E7A8F102080F9B2B
S315100180D08DF88480591E00291F91B6BFC3F1010185
S315100180E02B232D2309298DF8853000F35C8130234C
S315100180F030318DF8863004238DF887101693129A35
S31510018100169B012A13440B9340F324820B9B139A5B
S3151001811013440B9323EAE373079300230F932AE780
S315100181200221FFF7C8B90D9951F8043B0D9117F0CB
S3151001813010017FF443AF17F040021CBF9BB20A46F1
S315100181403CE708990C9825AA03F02CF900287FF42E
S3151001815016AADDE926640DF1C808FCE408990C9805
S3151001816025AA03F01FF900287FF409AADDE9266480
S315100181700DF1C808FCE4CDE90687BC4E32AD4FF0CF
S31510018180050E991841F10001A6FB010727F003001E
S3151001819000EB9700091A581A9846944662F10003A3
S315100181A04FF0CC3202FB00F206FB0322A0FB063095
S315100181B003F001070244A7FB0E074018B8F10A0F96
S315100181C04FEA530300F130007CF1000C43EAC2730D
S315100181D005F8010D4FEA5202D3D2DDE9068732AB1B
S315100181E05B1B06970B93FFF796B908990C98179393
S315100181F025AA03F0D7F800287FF4C1A9279C179B5D
S315100182000DF1C80AFFF7E2B9269B994ACAF8002070
S31510018210013301340122072B27942693CAF804202F
S3151001822000F3A9800AF1080A00294FD1069B129A78
S3151001823003F0010313433FF40DAA139B14991A1962
S31510018240CAE90013269B27920133072B269300F3C5
S31510018250D4800AF1080A1299CAF8005001338C1811
S31510018260072BCDE92634CAF804107FF7F1A951E49A
S3151001827008990C9825AA03F095F800287FF47FA990
S31510018280279C0DF1C80AFFF749BB0C98FEF714FDA0
S31510018290FEF7E0BF08990C9825AA03F083F8002889
S315100182A07FF46DA9279C0DF1C80AFFF7BAB92846C4
S315100182B0FDF746F920EAE0730D940B909DF877408F
S315100182C00697B14607930F96FFF72CB9139B14988F
S315100182D01A19CAE90003269B27920133072B269305
S315100182E000F38B800AF1080A0029B4DA4E421031E4
S315100182F0604F80F21781DDF83080DDF82090102470
S3151001830005E00AF1080A103E102E40F30B810133E5
S315100183101032072BCAE90074CDE92632F1DD25AA00
S315100183204946404603F03EF800287FF428A9DDE9C6
S3151001833026320DF1C80AE6E701364C44072ECDE97F
S315100183402664C8F80070C8F804907FF729AC44E594
S31510018350144601333444072BCDE92634CAF800708C
S31510018360CAF8046057DC0AF1080ADAE42D248DF8FC
S315100183707740FFF7B4B908990C9825AA03F012F8BB
S3151001838000287FF4FCA81F99279C0DF1C80A4BE71A
S315100183901F9A0F922346D5E508990C9825AA03F042
S315100183A001F8FFF7ECB80DF19304304E2346184649
S315100183B0A6FB0123DB0803EB8302A1EB4202303259
S315100183C000F8012C0A46632A194600F1FF33EEDC48
S315100183D0303103F8011C831EA34280F022810DF176
S315100183E0850213F8011B02F8011FA342F9D142AB12
S315100183F0181AA0F17103169381E608990C9825AA0B
S3151001840002F0D0FF00287FF4BAA8DDE926321F99C1
S315100184100DF1C80A68E708990C9825AA02F0C2FF5F
S3151001842000287FF4ACA8279C0DF1C80A79E409F15C
S31510018430010307930223009323AB049320AB079CFC
S3151001844003931FAB019402930C98DDE91A2301F0F3
S3151001845075FFB8F1660F054604447FF45EAD2B78BF
S31510018460302B00F08D801F9B1C4456E5CDCCCCCC17
S31510018470ACE00110A4060210DDF838909DF87740A3
S31510018480FFF750B802F100431B932D231A910E9357
S3151001849024E508990C9825AA02F084FF00287FF498
S315100184A06EA81F9B279C0DF1C80A43E4B8F1660F0D
S315100184B07FF41EADCDF81C900323BCE708990C98E8
S315100184C025AA02F06FFF00287FF459A8279C0DF109
S315100184D0C80A1FE408990C9825AA02F063FF002820
S315100184E07FF44DA81F9B129A279CD31A0DF1C80A27
S315100184F038E44FF00609E3E44FF0FF330A93FFF730
S3151001850043B80D94CDF81C90CDF82C909DF877407A
S31510018510069781460F90FFF705B893464FF000096D
S31510018520FEF7E9BE01333244072BCDE92632CAF8EC
S315100185300070CAF804607FF78CAE08990C9825AACA
S3151001854002F030FF00287FF41AA8DDE926320DF17A
S31510018550C80A80E617F001020F927FF4D7AD23EA1D
S31510018560E373079307E5DDE9123213440F9A0B9370
S31510018570002A2DDD23EAE37307934FF06708FAE427
S31510018580DDE91A010022002305F0A8F8002837D0EA
S315100185901F9B0F931C44631B1293DCE4119B2C4D00
S315100185A0002BB8BF2D2427F080030693A8BF9DF892
S315100185B07740284BB8BF8DF87740FFF795B8139AD7
S315100185C013440B9323EAE37307934FF06708D2E43E
S315100185D00F9B0B9AC3F101031A4422EAE2730B9221
S315100185E007934FF06708C6E4139B09EB030808EBE2
S315100185F002030B9323EAE37307934FF06608BAE479
S31510018600079BC3F101031F931C4486E40D999BF844
S31510018610013051F8049B0D91934649EAE979FEF729
S3151001862067BE022316936AE52BB9012307934FF010
S3151001863066080B939FE4139B03F1010808EB0903EA
S315100186400B9323EAE37307934FF0660893E400BF95
S3151001865078E0011074E0011010B4044C84461346FE
S31510018660206810BC0A466146FEF7DEBD18000020E0
S3151001867070B50C468989ADF58D6D21F00201ADF805
S315100186800C101AA9009104914FF480610291059181
S31510018690616E1991E189ADF80E10E1690791616A70
S315100186A009910021069169460646FEF7BDFD051E94
S315100186B007DB69463046FDF7DDFB002818BF4FF092
S315100186C0FF35BDF80C305B0603D5A38943F0400393
S315100186D0A38128460DF58D6D70BD00BF2DE9F041C2
S315100186E0B1F90C300C46990796B008D504F143033D
S315100186F00122C4E90432236016B0BDE8F081B4F951
S315100187000E100029064626DB6A46FEF7D1F9002827
S315100187101FDB019D05F47045A5F50055B5FA85F5E4
S315100187204FF480686D094FF400674146304601F0F9
S31510018730C1FAE8B1B4F90C30C4F8148043F08003DF
S3151001874020602061A3813DBB3B43A38116B0BDE8E8
S31510018750F081B4F90C3013F0800519D04FF04008B0
S315100187600025414630462F4601F0A4FA0028E1D1F2
S31510018770B4F90C309A05BFD423F0030304F1430274
S3151001878043F002030121C4E90421A3812260B3E766
S315100187904FF480682F46C8E7B4F90E10304602F040
S315100187A0C3FD10B9B4F90C30CEE7A38923F0030346
S315100187B043F001031BB2C7E770B50C46B1F90E10B1
S315100187C0002996B015461E4614DB6A46FEF770F967
S315100187D000280FDB019901F47041A1F50051B1FA9E
S315100187E081F14FF4806349094FF4006031602B60C9
S315100187F016B070BDA18911F0800106D00021402369
S31510018800084631602B6016B070BD4FF48063084680
S3151001881031602B6016B070BD000000000000000032
S3151001882001F0FF01102A2BDB10F0070F08D010F80A
S31510018830013B013A8B422DD010F0070F42B3F6D10E
S31510018840F0B441EA012141EA014122F007047FF027
S3151001885000070023F0E80256083C85EA010586EA7E
S31510018860010685FA47F5A3FA87F586FA47F6A5FABA
S3151001887087F68EB9EED1F0BC01F0FF0102F00702C6
S3151001888032B110F8013B013A83EA010313B1F8D171
S315100188900020704701387047002D06BF3546033852
S315100188A0073815F0010F07D1013015F4807F02BF8B
S315100188B0013015F4C03F0130F0BC0138704700BFDC
S315100188C02DE9F04FC3B00C460B9192460D930C90C7
S315100188D003F0E6FA036814931846FCF731FEA389F0
S315100188E013901E0603D52369002B00F0A1860023E1
S315100188F0CDE92633CDE915331293099300240023CC
S31510018900CDE9103432AA25929146D3469BF8003010
S31510018910002B00F03C815C4604E014F8013F002B6B
S3151001892000F01981252BF8D1B4EB0B0540F0168117
S315100189302378002B00F02B814FF000038DF8773050
S3151001894000276378089704F1010B4FF0FF3A0BF1FA
S31510018950010B9846A8F12003582B00F22581DFE878
S3151001896013F04902230123014402230123012301A8
S315100189702301230123010C023E02230117021C02CB
S31510018980230139025900590059005900590059005B
S315100189905900590059002301230123012301230101
S315100189A02301230123012301230168009E012301D1
S315100189B09E012301230123012301740223012301B3
S315100189C0950023012301230123012301A60023017D
S315100189D023013F062301230123012301230123013F
S315100189E0230123012301230166026A009E019E01D0
S315100189F09E0161026A002301230154022301B00280
S31510018A0097009F029A02230179022301A8002301EC
S31510018A1023015F06A8F1300300221BF8018B02EB3C
S31510018A20820203EB4202A8F13003092BF5D9089211
S31510018A3090E747F01007BD0640F16E810D9B073395
S31510018A4023F007031A46596852F8083B0D920A4655
S31510018A500029C0F28C81BAF1000F9DF8774007DB2F
S31510018A6027F08001069153EA020100F0A883069FC0
S31510018A700A2B72F1000180F06F8630338DF8C73002
S31510018A80012306970A930DF1C70550E047F0100729
S31510018A9017F0200200F057810D9B073323F00703CF
S31510018AA019465A6851F8083B0D9100210FE047F01D
S31510018AB0100717F0200200F03C810D9B073323F0BD
S31510018AC0070319465A6851F8083B0D9101210024F4
S31510018AD0BAF1000F8DF8774007DB27F0800006907A
S31510018AE053EA020000F06C83069F0129C0D00229C7
S31510018AF000F0E78232AD03F00701DB0843EA427367
S31510018B00D208303153EA0206284605F8011DF2D182
S31510018B10FB0740F1E482302900F0E182302302386C
S31510018B2005F8013C32AB1B1A06970A9305460A9BB8
S31510018B305345B8BF5346079300230F9314B1079BB0
S31510018B4001330793069B13F002033FD0079B0233B1
S31510018B50079302233AE0B4EB0B0518D0279B2B445D
S31510018B602793269B0133072BC9E900B5269305DC0C
S31510018B7009F10809099B2B440993D9E6DDE90B1084
S31510018B8025AA02F0E3FB30B90DF1C809F2E7279BDC
S31510018B90002B40F046870B9B9B895B0601F11680E3
S31510018BA0099843B0BDE8F08FB8F1000FEFD000235C
S31510018BB08DF8773001238DF8A08007930A9328AD9D
S31510018BC04FF0000A0697CDF83CA05346069A279C0B
S31510018BD012F084020E9205D1DDE90712561A002E03
S31510018BE000F300839DF877208AB1269A0DF177015B
S31510018BF001320134C9F80010072A4FF001012794F8
S31510018C002692C9F8041000F3268309F1080983B1E5
S31510018C10269A1EA901320234C9F80010072A4FF00C
S31510018C20020127942692C9F8041000F3228309F150
S31510018C3008090E9B802B00F0B9810A9BAAEB03064B
S31510018C40002E00F3F581069BDE0500F147810A9B94
S31510018C50C9F804301C44269BC9F800500133072B70
S31510018C602794269300F3548209F10809069B5A07A3
S31510018C7005D5DDE907239D1A002D00F30683DDE9ED
S31510018C80082307998A42ACBF9B185B180993002CDD
S31510018C9040F02A82002326930DF1C80936E60D9B72
S31510018CA0073323F00703F3E802450D9325F000433C
S31510018CB019931894DDE91801B64B4FF0FF32CDE93F
S31510018CC0104504F03DFD002840F00F84DDE9180140
S31510018CD0B04B4FF0FF3204F015FD002840F005842B
S31510018CE0002200232046294604F002FD002840F008
S31510018CF030869DF87740A84D27F080030693A74B41
S31510018D00B8F1470FD8BF1D464FF0000A032307934A
S31510018D100A93CDF83CA011E70D9AFC0652F8043BD4
S31510018D200D921FD478061DD543F3C03211461BB2DE
S31510018D308EE60D9951F8043B0D9117F0100100F0D4
S31510018D40CC830121C3E60D9951F8043B0D9117F01F
S31510018D5010017FF4AAAE17F040023FF4A6AE0A4600
S31510018D609BB2A2E6DA1711460029BFF674AE5B4232
S31510018D7062EB42022D240121AAE60D9B53F8042B26
S31510018D800892002A80F2A183089A0D935242089202
S31510018D909BF8003047F00407D9E55A4612F8018BC3
S31510018DA0B8F12A0F00F05B87A8F13003092B98BFA1
S31510018DB04FF0000A00F2C68612F8018B0AEB8A0AF6
S31510018DC003EB4A0AA8F13003092BF5D94AEAEA7AE4
S31510018DD09346BFE59BF8003047F08007B7E52B2394
S31510018DE08DF877309BF80030B1E59BF8003047F0ED
S31510018DF00107ACE59DF877209BF80030002A7FF437
S31510018E00A6AD20228DF87720A1E59BF800306C2BBA
S31510018E1003BF9BF8013047F020070BF1010B47F018
S31510018E20100794E59BF8003047F040078FE50D9B3E
S31510018E3000228DF8772053F8042B0D9301238DF81A
S31510018E40A02007930A9328ADBAE69BF8003047F0A5
S31510018E5008077CE50D9C54F8045B00268DF87760B5
S31510018E60002D00F01D85BAF1000FC0F21C84524688
S31510018E7031462846FFF7D4FC002800F05286431BE2
S31510018E800A9323EAE3730D94B2469DF87740069749
S31510018E9007930F9652E69BF8003047F0200756E5E8
S31510018EA00D9A52F8043B0D9247F63002ADF8782030
S31510018EB03B4A159247F00207002202214FF078082B
S31510018EC005E6BD0640F183830D9B099A1B681A605E
S31510018ED0D2175A600D9B04330D9317E5B8F1650F40
S31510018EE040F32281DDE910010022002304F0F6FB94
S31510018EF0002800F00682269B2A4AC9F80020013371
S31510018F0001340122072B27942693C9F8042000F374
S31510018F10A08409F108091F9B129A934203DB069B51
S31510018F20DD077FF5A3AE139B149A1C44C9E90023F0
S31510018F30269B27940133072B269300F3A48409F16A
S31510018F400809129B5D1E002D7FF790AE102D269BF2
S31510018F50154F40F3D280DDE90BA8102605E009F183
S31510018F600809103D102D40F3C88001331034072B2A
S31510018F70C9E90076CDE92634F1DD25AA51464046E8
S31510018F8002F0E4F900287FF406AEDDE926340DF18E
S31510018F90C809E6E7FFFFEF7F70E001106CE00110F2
S31510018FA090E00110ACE00110C4060210DDE90723C0
S31510018FB09E1A002E7FF741AE102E269BB74F24DD49
S31510018FC04A462146A946DDE90B5404E0103E102E0F
S31510018FD002F1080216DD013310311020072BCDE9FD
S31510018FE0263117605060F1DD25AA2946204602F088
S31510018FF0ADF900287FF4CFAD103E102EDDE92631F4
S3151001900032AAE8DC4D460C46914601333444072B0F
S31510019010CDE92634C9F80070C9F8046000F3268436
S315100190200A9BAAEB0306002E09F108097FF70BAE7E
S31510019030102E269B994F2CDD4A462146B1464FF0FC
S31510019040100A2E46DDE90B5406E0A9F11009B9F113
S31510019050100F02F1080218DD013390481031072B69
S31510019060C2E9000ACDE92631EFDD25AA29462046B7
S3151001907002F06CF900287FF48EADA9F11009B9F14F
S31510019080100FDDE9263132AAE6DC35460C464E468E
S31510019090914601333444072BCDE92634C9F80070C3
S315100190A0C9F8046000F3EA8109F10809CBE5012941
S315100190B0069F4FF000033FF4E0AC02291A467FF4F5
S315100190C019AD159832AD03F00F011B09415C05F876
S315100190D0011D43EA0273120953EA0201F3D132ABBD
S315100190E05B1B06970A9322E5DDE90B1025AA02F010
S315100190F02DF900283FF4CEAD4DE501332C44072B55
S31510019100C9F80070C9F80450CDE926347FF7ACAD23
S31510019110DDE90B1025AA02F019F900287FF43BAD01
S31510019120279C0DF1C809A1E5129B269E012B04F17E
S31510019130010406F1010609F1080840F35B810123D8
S31510019140072ECDE92664C9F80050C9F8043000F39A
S31510019150A281139B149A01361C44072EC8E90023D9
S31510019160CDE9266400F3A48108F10808129BDDE914
S31510019170100103F1FF390022002304F0AFFA002891
S3151001918040F05381013601354C44072ECDE9266452
S31510019190C8F80050C8F8049000F33A8108F108089D
S315100191A0169BC8F8043001361C44072E21ABCDE9B5
S315100191B02664C8F80030ABDC08F1080956E5012130
S315100191C0BAF1000F7FF473AF002940F00E8117F04A
S315100191D001030A9300F07E8130238DF8C7300DF11B
S315100191E0C705A4E4102E269A2D4F26DD49462046A2
S315100191F0A9461793DDE90B5404E0103E102E01F138
S31510019200080116DD013210301023072ACDE9262078
S315100192100F604B60F1DD25AA2946204602F096F82B
S3151001922000287FF4B8AC103E102EDDE9262032A9B5
S31510019230E8DC179B4D460446894601323444072A19
S31510019240CDE92624C9F80070C9F8046000F3BE827E
S3151001925009F10809C6E4DDE90B1025AA179302F0F6
S3151001926075F800287FF497AC279C179B0DF1C80958
S31510019270CDE4DDE90B1025AA02F068F800287FF489
S315100192808AAC279C0DF1C809D3E4102D269B044FF7
S3151001929024DDDDE90BA8102609E000BFC406021083
S315100192A0B4060210103D102D09F1080916DD01331F
S315100192B01034072BC9E90076CDE92634F2DD25AA4B
S315100192C05146404602F042F800287FF464AC103D46
S315100192D0102DDDE926340DF1C809E8DC01332C44E3
S315100192E0072BC9E90075CDE926347FF7C8ACDDE94E
S315100192F00B1025AA02F02AF800287FF44CAC279C03
S31510019300BDE41F99002940F370820F9F129B9F4263
S31510019310A8BF1F46002F0BDD269B01333C44072BAC
S31510019320C9E900572794269300F3DD8309F108094B
S315100193300F9E002FA8BFF61B002E00F388811F9BDE
S31510019340129A934280F26F81139A14991444C9E9BF
S315100193500012269A27940132072A269200F3FE82DA
S3151001936009F10809129A0F99D31A561A9E42A8BFE3
S315100193701E46002E0EDD269AC9F8046001320D44F0
S315100193803444072AC9F800502794269200F3B7836C
S3151001939009F10809002EACBF9D1B1D46002D7FF754
S315100193A065AC102D269BAF4F7FF7A7AEDDE90BA855
S315100193B0102605E009F10809103D102D7FF79DAE25
S315100193C001331034072BC9E90076CDE92634F1DDD6
S315100193D025AA5146404601F0B9FF00287FF4DBABC0
S315100193E0DDE926340DF1C809E6E7CDF828A032AD3E
S315100193F0FFF79DBB069BD9073FF5A1AE0123072EAB
S31510019400CDE92664C9F80050C9F804307FF7C8AE13
S31510019410DDE90B1025AA01F099FF00287FF4BBABFB
S31510019420DDE926640DF1C808BAE6129B012B7FF718
S31510019430B7AE112B8B4F40F37182DDF830A010259A
S3151001944007E008F10808A9F11009B9F1100F40F366
S31510019450658201361034072EC8E90075CDE92664F8
S31510019460EFDD0B9925AA504601F070FF00287FF415
S3151001947092ABDDE926640DF1C808E4E7DDE90B10CE
S3151001948025AA01F063FF00287FF485AB279C0DF117
S31510019490C809FFF7D8BBDDE90B1025AA01F056FF65
S315100194A000287FF478ABDDE926640DF1C80850E693
S315100194B0DDE90B1025AA01F049FF00287FF46BABFB
S315100194C0DDE926640DF1C80850E60D939BF80030CE
S315100194D0FFF73DBA32ADFFF72ABB17F040021CBFAA
S315100194E00A469BB20121FFF7F2BADDE910010246E5
S315100194F00B4604F025F9002840F06D83BAF1FF3FC1
S3151001950028F0200600F00A83472E04D1BAF1000F85
S3151001951008BF4FF0010ADDE9101247F48070002AE6
S315100195200690C0F2358200230E93DDE91034CDE9A1
S315100195301A34B8F1650F00F0008300F33082B8F1E8
S31510019540450F00F0FA8223AB049320AB03931FABB4
S315100195500293022300930C98CDF804A0DDE91A2397
S3151001956000F0ECFEF907054640F1B18000EB0A0464
S31510019570DDE91A010022002304F0B0F8002840F0BA
S315100195803082239BA34206D230215A1C2392197092
S31510019590239B9C42F9D81F9A0F925B1B472E12935D
S315100195A000F09A80B8F1660F40F09C800F9A07F090
S315100195B00103002A43EA0A0340F36C82002B40F0B0
S315100195C024830F9B07930A934FF066081FE2FC064C
S315100195D078D4780676D50D9B099A1B681A8079E49A
S315100195E0214B159317F0200200F0A8800D9B07332D
S315100195F023F0070319465A6851F8083B0D91F907EC
S3151001960040F1998053EA020100F0958030218DF8DE
S3151001961078108DF8798047F002070221FFF757BAC3
S31510019620124B1593DEE7069AD0077FF59BAE8BE6B4
S315100196300C98402100F03EFB0B9B18601861002826
S3151001964000F0C1820B9A40235361FFF750B9102ED7
S31510019650269B044F40F36F8122464FF01008DDE937
S315100196600B4A0BE0C40602107CE0011090E00110D9
S3151001967009F10809103E102E40F35C8101331032B6
S31510019680072BC9E90078CDE92632F1DD25AA214655
S31510019690504601F05BFE00287FF47DAADDE92632F3
S315100196A00DF1C809E6E72846FBF74AFF20EAE07301
S315100196B00D940A909DF877400697B24607930F9638
S315100196C0FFF73CBA0D9B099A1B681A6002E4239BAB
S315100196D01B1A12931F9B0F930F9BDA1C80F2858125
S315100196E0A8F102080F9B8DF88480591E00291F913D
S315100196F0B6BFC3F101012B232D2309298DF885301E
S3151001970000F39E81302330318DF8863004238DF895
S3151001971087101693129A169B012A13440A9340F343
S3151001972016820A9B139A13440A9323EAE373079347
S3151001973000230F936BE10221FFF7C9B90D9951F877
S31510019740043B0D9117F010017FF459AF17F0400249
S315100197501CBF9BB20A4652E7CDE90687B44E32AD1D
S315100197604FF0050E991841F10001A6FB010727F0EC
S31510019770030000EB9700091A581A9846944662F1AD
S3151001978000034FF0CC3202FB00F206FB0322A0FBD2
S31510019790063003F001070244A7FB0E074018B8F183
S315100197A00A0F4FEA530300F130007CF1000C43EA33
S315100197B0C27305F8010D4FEA5202D3D2DDE90687CD
S315100197C032AB5B1B06970A93FFF7B1B9DDE90B10B4
S315100197D025AA179301F0BAFD00287FF4DCA9279C6E
S315100197E0179B0DF1C809FFF7FDB9269B914AC9F8D8
S315100197F00020013301340122072B27942693C9F83F
S31510019800042000F3B88009F10809002952D1069BFA
S31510019810129A03F0010313433FF428AA139B1499D8
S315100198201A19C9E90013269B27920133072B269390
S3151001983000F3398109F108091299C9F80050013369
S315100198408C18072BCDE92634C9F804107FF70CAA1A
S315100198505EE4DDE90B1025AA01F078FD00287FF4FE
S315100198609AA9279C0DF1C809FFF755BBDDE90B1025
S3151001987025AA01F06BFD00287FF48DA9279C0DF117
S31510019880C809FFF7DAB9DDE90B1025AA01F05EFD6B
S3151001989000287FF480A9279C0DF1C809FFF751BB59
S315100198A05346062B28BF0623634D0A930D9407933F
S315100198B0FFF786B9139B14981A19C9E90003269B59
S315100198C027920133072B269300F3ED8009F108093E
S315100198D00029B1DA4E421031584F80F24181DDE94B
S315100198E00BA8102405E009F10809103E102E40F3CB
S315100198F0378101331032072BC9E90074CDE92632BD
S31510019900F1DD25AA5146404601F020FD00287FF4DD
S3151001991042A9DDE926320DF1C809E6E701364C44C4
S31510019920072ECDE92664C8F80070C8F804907FF7B1
S3151001993035AC6DE5144601333444072BCDE9263495
S31510019940C9F80070C9F8046000F3BB8009F1080971
S31510019950F5E42D248DF87740FFF7CDB9DDE90B102D
S3151001996025AA01F0F3FC00287FF415A91F9B279C5B
S315100199700DF1C809F6E4DDE90B1025AA01F0E6FCA4
S3151001998000287FF408A91F99279C0DF1C8093CE707
S3151001999002F100431B932D231A910E93C9E5B8F1D9
S315100199A0660F7FF4D0ADCDF81CA00323009323AB33
S315100199B0049320AB079C03931FAB019402930C985D
S315100199C0DDE91A2300F0BAFCB8F1660F0546044426
S315100199D07FF4CEAD2B78302B00F0E7801F9B1C4413
S315100199E0C6E51F9A0F922346D7E59A45FFF678AE3C
S315100199F0129B0F9A934200F3CB80FE070F9B00F147
S31510019A00FB8023EAE37207920A934FF067080E9BD5
S31510019A10002B62D02D238DF877304FF0000AFFF717
S31510019A208EB8DDE90B1025AA01F090FCFFF7B3B84B
S31510019A30CDCCCCCCACE00110A4E00110C4060210D0
S31510019A400DF193048D4E23461846A6FB0123DB0820
S31510019A5003EB8302A1EB4202303200F8012C0A46D5
S31510019A60632A194600F1FF33EEDC303103F8011C8D
S31510019A70831EA34280F0FE800DF1850213F8011BAF
S31510019A8002F8011FA342F9D142AB181AA0F17103D2
S31510019A9016933FE6002B40F0D080012307934FF039
S31510019AA066080A93B3E7DDE90B1025AA01F04EFC0F
S31510019AB000287FF470A8DDE926321F990DF1C80937
S31510019AC006E7DDE90B1025AA01F040FC00287FF41A
S31510019AD062A8279C0DF1C80931E4DDF838A09DF87C
S31510019AE07740FFF72BB8DDE90B1025AA01F02EFC04
S31510019AF000287FF450A8279C0DF1C80918E4DDE968
S31510019B000B1025AA01F022FC00287FF444A81F9B04
S31510019B10129A279CD31A0DF1C8093BE44FF0060A95
S31510019B20F9E40D94CDF81CA0CDF828A09DF8774046
S31510019B30069782460F90FFF701B80AF101030793C2
S31510019B40022333E793464FF0000AFEF703BF17F0DF
S31510019B5001020F927FF4E5AD23EAE373079356E70B
S31510019B6001333244072BCDE92632C9F80070C9F802
S31510019B7004607FF75FAEDDE90B1025AA01F0E6FB65
S31510019B8000287FF408A8DDE926320DF1C80953E64D
S31510019B90DDE9123213440F9A0A93002A41DD23EAB2
S31510019BA0E37307934FF0670831E7DDE91A010022E5
S31510019BB0002303F093FD00284BD01F9B0F931C44E9
S31510019BC0631B1293F2E40C9A0C2313604FF0FF33CC
S31510019BD00993FEF7E5BF119B294D002BB8BF2D2424
S31510019BE027F080030693A8BF9DF87740254BB8BF91
S31510019BF08DF87740FFF784B8139A13440A9323EA32
S31510019C00E37307934FF0670801E7139B0AEB030809
S31510019C1008EB02030A9323EAE37307934FF06608EE
S31510019C20F5E60F9B0A9AC3F101031A4422EAE2737D
S31510019C300A9207934FF06708E9E6139B03F10108AF
S31510019C4008EB0A030A9323EAE37307934FF06608B6
S31510019C50DDE6079BC3F101031F931C4488E40D99AC
S31510019C609BF8013051F804AB0D9193464AEAEA7A12
S31510019C70FEF76DBE022316934CE500BFCDCCCCCCBE
S31510019C8078E0011074E0011038B50C46084D844691
S31510019C90114620461A4600232B606446F9F7D0FD7B
S31510019CA0431C00D038BD2B68002BFBD0236038BD78
S31510019CB0D82500202DE9F04F01F10B05162D83B0A3
S31510019CC0064623D8102900F2AF80FCF707FF1025AE
S31510019CD018230220C14F3B44A3F108025C68944249
S31510019CE000F025816368E268A16823F00303CA6066
S31510019CF02344304691605A6842F001025A60FCF7DB
S31510019D00EFFE0834204603B0BDE8F08F35F00705A5
S31510019D1000F18A80A94200F28780FCF7DFFEB5F5D3
S31510019D20FC7FC0F06D816B0A00F08280042B00F27B
S31510019D302481AB0903F1390003F1380EC300A74F93
S31510019D403B44A3F1080C5C68A44507D10DE0002A39
S31510019D50E16880F2E6808C4507D00C46636823F0F3
S31510019D6003035A1B0F2AF2DD7046DFF874823C6931
S31510019D70444500F0C380636823F0030CACEB050384
S31510019D800F2B00F34181002BC7E9048880F22C8147
S31510019D90BCF5007FD7F804E080F0CF804FEADC01F4
S31510019DA001314FEA5C1C012303FA0CF357F83120F9
S31510019DB0A2604EEA030E07EBC103083BE360C7F846
S31510019DC004E047F83140D46083104FF0010C0CFACF
S31510019DD003FCF44532D81CEA0E0F08D120F003001B
S31510019DE04FEA4C0C1CEA0E0F00F10400F8D007EBF9
S31510019DF0C00AD6468146DEF80C300BE0596821F0D0
S31510019E0003014A1B0F2A1C46DB6800F3C280002A95
S31510019E1080F2D6809E45F1D109F1010919F0030F9F
S31510019E200EF1080EE7D118E10C233360002469E71F
S31510019E304FF4007340204FF03F0E80E7BC68636813
S31510019E4023F00309A94503D3A9EB05030F2B58DC0E
S31510019E50DFF890B1DBF8002004EB0903103208207B
S31510019E6002EB05080093FCF7EBFBD7F80814013158
S31510019E70024605D008F1FF388044414201EA08083C
S31510019E80414630460092FDF775F9B0F1FF3F009A51
S31510019E90824600F0D48004EB0903834200F2CD80A0
S31510019EA0DBF804104144CBF80410084602F1FF3CDC
S31510019EB040F0F5801AEA0C0F40F0F180D7F808A0AF
S31510019EC0C84448F00100CAF80400DBF82C208A4285
S31510019ED0DBF8302038BFCBF82C108A4238BFCBF8CC
S31510019EE03010544620F00308A845A8EB050301D30A
S31510019EF00F2B06DC3046FCF7F3FD97E7D7F804E0A5
S31510019F0062E7621943F0010345F0010565603046C9
S31510019F10BA605360FCF7E4FD0834204603B0BDE88F
S31510019F20F08FA2682344D16030468A60E3E6DC688C
S31510019F30A3427FF4D7AE023017E7BCF5206F4FEA84
S31510019F405C2273D3142A00F20A8102F15C03DB004E
S31510019F505B32F918FB580839994203D1E6E09B6840
S31510019F60994204D05A6822F003026245F7D8D9689B
S31510019F70C4E902318C60DC6026E7142B62D9542BBC
S31510019F8000F2F6802B0B03F16F0003F16E0EC30086
S31510019F90D5E6D4F808C03046661945F00105656066
S31510019FA0CCF80C30C3F808C042F00103C7E90466C7
S31510019FB0C6E9028873606250FCF792FD0834A1E687
S31510019FC0214430464A6842F001024A6054F8082F8B
S31510019FD0D3609A60FCF784FD94E600BF500100201F
S31510019FE058010020A0250020A4443046DCF8043096
S31510019FF043F00103CCF80430FCF772FD083481E616
S3151001A000E80805F1080365E6621943F0010145F018
S3151001A010010565603046C7E90422C2E9028851602C
S3151001A02044F80C30FCF75CFD08346BE64FEA9C12E1
S3151001A03002F13903DB0038328BE7BC4228D0BC6809
S3151001A04060684FE703F15C0003F15B0EC30076E62F
S3151001A0505AF80839534540F0D88010F0030F00F133
S3151001A060FF30F5D17B6823EA0C037B604FEA4C0C79
S3151001A0709C453FF6E3AEBCF1000F04D1DEE64FEA94
S3151001A0804C0C09F104091CEA030FF8D04846AEE658
S3151001A090DBF804004044CBF8040002F1FF3CD7F88A
S3151001A0A0081401316ED004EB0903AAEB030318441B
S3151001A0B0CBF804001AF00703009341D0C3F108014D
S3151001A0C08A44D0440A4408EA0C01521A02EA0C01E5
S3151001A0D030460191FDF74EF8421C6FD00199A0EB65
S3151001A0E00A0000EB0108DBF80420C7F808A048F0C5
S3151001A0F001001144BC42CAF80400CBF804103FF425
S3151001A100E4AEB9F10F0F40D96268A9F10C0020F045
S3151001A110070002F0010202436260052322180F288C
S3151001A120C2E9013352D8DAF80400CEE692104FF0A4
S3151001A130010C0CFA02F24EEA020EC7F804E017E718
S3151001A1400AEB080101EA0C01521A02EA0C01304627
S3151001A1500191FDF70FF8431CC0D10099C3E7542AAA
S3151001A16017D84FEA1C3202F16F03DB006E32F0E6AC
S3151001A170B3F5AA7F17D8EB0B03F1780003F1770E2D
S3151001A180C300DCE5C7F808A494E70123CAF8043034
S3151001A190B0E6B2F5AA7F23D84FEADC3202F1780392
S3151001A1A0DB007732D5E640F25452934223D8AB0CFA
S3151001A1B003F17D0003F17C0EC300C0E5009BA3F102
S3151001A1C008029044A8EB0A0800218CE704F1080163
S3151001A1D03046FBF76BFFDBF80410D7F808A0A2E7AF
S3151001A1E040F254539A420CD84FEA9C4202F17D0335
S3151001A1F0DB007C32ADE64FF47E737F204FF07E0E8E
S3151001A2009DE54FF47E737E22A3E67B682EE700BFA1
S3151001A2102DE9F04F03690C69A34283B0C0F28A801D
S3151001A220013C01F1140500F1140855F8243058F8D1
S3151001A230242001339A428E4681464FEA840105EB6A
S3151001A240840708EB840AB2FBF3F63AD3CDE900157D
S3151001A2500022AC46404613465CF8041B05681FFAFB
S3151001A26081FB06FB0B22090C4FEA124B06FB01BBC5
S3151001A27092B2A9B2891A19441FFA8BF3C3EB21437F
S3151001A28003EB154389B241EA0341674540F8041BC4
S3151001A2904FEA1B424FEA2343DED2DDE9001558F897
S3151001A2A0013073B9AAF1040AD04504D307E0D045A9
S3151001A2B004F1FF3403D25AF80439002BF7D0C9F848
S3151001A2C010407146484601F085FB00282EDB4146B9
S3151001A2D0002255F8040BD1F800C01FFA80FE1FFAB0
S3151001A2E08CF3A3EB0E031344020CC2EB234202EBD5
S3151001A2F01C429BB243EA0243AF4241F8043B4FEA88
S3151001A3002242E6D258F8242008EB84036AB9043BAA
S3151001A310434504D807E0984504F1FF3403D253F8B6
S3151001A3200429002AF7D0C9F810400136304603B087
S3151001A330BDE8F08F002003B0BDE8F08F2DE9F04F96
S3151001A340816B9BB016461F46CDE90667279D049083
S3151001A35049B1C26B4A600123934004468B6001F0F8
S3151001A3607DF80023A363B7F10009B4BF01230023CD
S3151001A3702B60794BBCBF29F00049CDF81C9033EA0C
S3151001A380090300F0AD80DDE90634002218462146A6
S3151001A3900023CDE9020103F0A1F9804668B1269A9E
S3151001A3A001231360289B13B1289A6C4B13606C4BD5
S3151001A3B0059305981BB0BDE8F08F18AB019319AB47
S3151001A3C000930498DDE9022301F066FC5FEA195552
S3151001A3D0824640F09B80DDE91885454405F23243FB
S3151001A3E0202B40F38F83C3F1400309FA03F905F2D9
S3151001A3F0124326FA03F349EA030002F08DFE012304
S3151001A400013DA1F1F8711093564B002202F046FD61
S3151001A4104BA3D3E9002302F0F9FE4BA3D3E90023A2
S3151001A42002F03EFD064628460F4602F085FE48A379
S3151001A430D3E9002302F0EAFE02460B4630463946BE
S3151001A44002F02EFD06460F4603F090F9002204464F
S3151001A450089000233046394603F04AF9002840F0A7
S3151001A4602783089CA8EB050808F1FF33162C0993DE
S3151001A47000F28D813C4B03EBC403D3E90023DDE9E4
S3151001A480020103F035F9002874D0631E08930023E6
S3151001A4900F9308F1FF33002BC0F2808100230A933A
S3151001A4A0089B002B6CDA089B0A9A0B93D21A0A9214
S3151001A4B05A4200230893249B0E92092B6AD8052B26
S3151001A4C040F32583043B24930025249B023B032B55
S3151001A4D000F23786DFE813F07304700467044B0447
S3151001A4E0269AC9F3130942F20F7359EA0609136042
S3151001A4F01CD1289B002B00F044861C4B0593083376
S3151001A500289A059813601BB0BDE8F08FDDE9021299
S3151001A510C2F31303084643F07F51CDF84080A5F2EC
S3151001A520FF35DDF8608041F440116DE7289B002B63
S3151001A53040F0F8830E4B05933BE700BFAFF3008065
S3151001A54061436F63A787D23FB3C8608B288AC63F22
S3151001A550FB799F501344D33F0000F07FADE001100B
S3151001A560ACE001100000F83FE8060210B0E001105F
S3151001A570BCE00110B8F1000F40F3A6840F900A90C9
S3151001A580DDE908231344099300230E93249B0B92B0
S3151001A590092B94D90023CDE9243301250C954FF0CD
S3151001A5A0FF3B049BCDF844B00021D963049800F019
S3151001A5B02FFF0590002800F0CD85DDE90432BBF1AF
S3151001A5C00E0F9A6300F21981002D00F016810B9976
S3151001A5D0002940F34984B44B01F00F0203EBC20387
S3151001A5E0C805D3E900894FEA211540F10B84AF4B19
S3151001A5F0DDE90201D3E9082302F032FFCDE91201A8
S3151001A60005F00F0503277DB1A84EE90708D5404689
S3151001A6104946D6E9002302F0F9FD013780468946FD
S3151001A6206D1006F10806F0D142464B46DDE91201DE
S3151001A63002F016FF804689460F9B43B19C4B0022C0
S3151001A6404046494603F054F8002840F00A8538463A
S3151001A65002F072FD42464B4602F0D8FD954B0022A0
S3151001A66002F01EFCA1F15073CDE912011393BBF157
S3151001A670000F00F0A9800B9BCDE916B34946404661
S3151001A68003F074F88849169C01EBC40353E90212CE
S3151001A6900546CDE9141202F04FFD0B460246494616
S3151001A6A0404602F0FBFB059F0C9B30357E1CECB23D
S3151001A6B0804689463546002B00F06E84DDE9142369
S3151001A6C07D49002002F0CCFEDDE9122302F0E6FB03
S3151001A6D03C7042464B4604460D4603F027F80028C7
S3151001A6E040F0B784CDF850B00027DDF858B0CDF85A
S3151001A6F048A02BE001375F4580F2FD846F4B204661
S3151001A7002946002202F082FD6C4B002204460D46BA
S3151001A7104046494602F07AFD8946804603F026F8FE
S3151001A720824602F009FD02460B464046494602F0B2
S3151001A730B5FB0AF1300A06F801AB22462B468046D4
S3151001A740894602F0D5FF002840F0D28442464B4696
S3151001A7505749002002F0A2FB22462B4602F0C8FF01
S3151001A7600028C7D0179BDDF848A0059A374603F194
S3151001A770010802E0974200F09A843E4617F8013D1F
S3151001A780392BF7D00133DBB23B7045467FE101230C
S3151001A7900F9308F1FF33002BBFF680AEC8F101030A
S3151001A7A00A93002309937BE6384602F0C5FC42461C
S3151001A7B04B4602F02BFD3F4B002202F071FBA1F13B
S3151001A7C05073CDE9120113933D4B00224046494681
S3151001A7D002F064FBDDE9124522462B4606460F467A
S3151001A7E002F0A4FF002840F0718430463946224613
S3151001A7F005F1004302F07CFF28BB199B002BC0F228
S3151001A80091800B9A0E2A00F38D80274B0B9A03EB3E
S3151001A810C203D3E90034CDE90634259B002B19DA9E
S3151001A820BBF1000F16DC0ED1254B0022DDE9060126
S3151001A83002F0ECFC02460B46DDE9020102F062FF72
S3151001A840002800F043840023059E02931F46259B92
S3151001A850DD432EE2059B5D1CDDE90678DDE902018B
S3151001A8603A46434602F0FCFD02F080FF064602F02E
S3151001A87063FC3A46434602F0C9FC02460B46DDE943
S3151001A880020102F00BFB059A06F13003BBF1010F31
S3151001A8902F46137000F023830125CDF808A0A84692
S3151001A8A0DDE9069A2CE000BFE8060210D80702106F
S3151001A8B00000F03F00001C400000E03F0000244073
S3151001A8C0000014404A4653462046294602F0C8FD68
S3151001A8D002F04CFF064602F02FFC4A46534602F0A0
S3151001A8E095FC08F101080B4602462946204602F05E
S3151001A8F0D5FA06F13003D84507F8013B00F0ED8291
S3151001A900844B002202F082FC0022002304460D46ED
S3151001A91002F0E4FE0028D5D00B9DDDF808A0013524
S3151001A9203E46B4E00C9A002A40F0D88000230E9ED1
S3151001A9300A9D0C931F4665B1099900290B4608DD3E
S3151001A9400A9AA942A8BF2B46D21AED1ACB1A0A9215
S3151001A95009930E9B53B10C9B13B1002E40F0F88254
S3151001A96051460E9A049800F063FF8246049801211D
S3151001A97000F07AFE089B0290002B40F0BE81249BCA
S3151001A980012B40F3D4810120099A104410F01F00C5
S3151001A99000F09B80C0F12003042B40F3E3810A9B56
S3151001A9A0C0F11C00034402440A93054409920A9B10
S3151001A9B0002B05DD514604981A4600F093FF824696
S3151001A9C0099B002B05DD029904981A4600F08AFFAF
S3151001A9D002900F9B002B40F07581BBF1000F40F3E5
S3151001A9E04C810C9B002B40F0A4800B9D0135DDF8AA
S3151001A9F01480029CDDF81090012607E051460023D1
S3151001AA000A22484600F034FD013682462146504658
S3151001AA10FFF7FEFBB34500F1300008F8010BEDDC42
S3151001AA20BBF1000F059BCCBF5E460126814603EBA9
S3151001AA30060B002451460122049800F053FF029997
S3151001AA40824600F0C7FF002840F3EF81059A02E025
S3151001AA50934500F004825E460BF1FF3B16F8013C6C
S3151001AA60392BF5D001338BF80030DDF810800299BF
S3151001AA70404600F0F3FC57B12CB1BC4203D021463D
S3151001AA80404600F0EBFC0498394600F0E7FC0498C8
S3151001AA90514600F0E3FC00233370269B1D60289B72
S3151001AAA0002B3FF486AC05981E601BB0BDE8F08FF5
S3151001AAB0204602F041FB32463B4602F00FFE0028CB
S3151001AAC07FF4CFAC631E0893CBE41C230A9A1A4475
S3151001AAD00A92099A1A441D44099268E7249A012A8E
S3151001AAE040F3AE810E9B0BF1FF36B342C0F26A8181
S3151001AAF0BBF1000FA3EB060680F2EC820A9BA3EBD7
S3151001AB000B056DE1C3F1200306FA03F075E4012587
S3151001AB10DBE400BF000024403946002304980A22D2
S3151001AB2000F0A6FC119B002B074640F3FC820B9606
S3151001AB309B46002D05DD394604982A4600F0D2FEC3
S3151001AB400746089B002B40F0E781B846059E731E09
S3151001AB5003EB0B04069B0A9403F00103049C0C936C
S3151001AB6002995046FFF754FB39468346504600F08A
S3151001AB7031FF029905464246204600F04BFFC36855
S3151001AB800BF130090146ABBB0990504600F022FF8C
S3151001AB9009990890204600F061FC089A002A54D1C0
S3151001ABA0249B1BB90C9B002B00F0AB82002D3FDBC5
S3151001ABB00A9BB3469E420BF8019B00F0C481514695
S3151001ABC000230A22204600F053FC474582463946A7
S3151001ABD04FF000034FF00A02204630D000F048FC37
S3151001ABE04146074600230A22204600F041FC5E46F4
S3151001ABF08046B5E7049800F031FC002D06DB069B74
S3151001AC0003F00102249B1D432A4329D151460122F7
S3151001AC10049800F067FE0299824600F0DBFE0028D8
S3151001AC2040F3F780B9F1390F00F046820BF1310983
S3151001AC300B9D06F8019B3C460135474615E700F08A
S3151001AC4017FC5E46074680468AE7002DC0F29082C1
S3151001AC50249B1D430C9B1D4300F08A82002AA7DD0D
S3151001AC60B9F1390F00F028820B9D09F101033C4619
S3151001AC7006F8013B01354746F7E6249B022B7FF781
S3151001AC80B0AEBBF1000F40F02681029904985B46E5
S3151001AC90052200F0EDFB01460290504600F09AFEA7
S3151001ACA0002840F31881059E0B9D312306F8013BC0
S3151001ACB001350299049800F0D1FB0135002F7FF47C
S3151001ACC0E2AEE4E60299504600F084FE0028BFF693
S3151001ACD084AE5146002304980B9C0A2200F0C8FB4F
S3151001ACE00C9B661E8246002B7FF416AF119B002B20
S3151001ACF040F30E820B9D9B4679E601461A4604984F
S3151001AD0000F096FD249B0290012B6FDD0023089322
S3151001AD10029A136902EB8303186900F053FCC0F120
S3151001AD20200031E6984B05930333FFF7E9BB069BE9
S3151001AD30002B7FF428AEDDE90612C2F31303002BB4
S3151001AD407FF421AE914B134033B10A9B01330A9321
S3151001AD50099B013309930123089A0893002A3FF4AA
S3151001AD6012AED5E73FF423AEC0F13C03AEE60123A4
S3151001AD700C93259B0B9A134403F1010B5E46012E8E
S3151001AD801193B8BF0126172E40F3F6810122042331
S3151001AD905B0003F11400B042114602F10102F7D92A
S3151001ADA0049BD96302E401230C93259B002B37DD09
S3151001ADB011939B461E46E6E700230C93D9E7002321
S3151001ADC00C93F2E70E9B089A0E96F31A1A44099BF6
S3151001ADD008925B4409930A9B1D465B440A9300261D
S3151001ADE00498012100F040FC0746A4E5069B002BC0
S3151001ADF08CD1DDE90601C1F313030A46002BA1D05C
S3151001AE00089085E7DDE902340227CDE91234FFF710
S3151001AE10FABB7FF40DAF19F0010F7FF403AF07E70B
S3151001AE20012325939B46FFF7BCBB03D119F0010FF4
S3151001AE307FF40CAE5E461BF8013D302BFAD014E6BA
S3151001AE40109A002A00F09C8003F23343099A0E9E51
S3151001AE501A4409920A9A15461A440A92C0E7059AA3
S3151001AE6031230135137000E600F0F6800B9A484B3A
S3151001AE70554205F00F0203EBC203D3E90023DDE9C6
S3151001AE80020102F0C3F92D11CDE9120100F054812E
S3151001AE90404E0023022780468946EA0709D5D6E99E
S3151001AEA000234046494602F0B1F9013780468946EA
S3151001AEB001236D1006F10806EFD1002B7FF4BCAB10
S3151001AEC0DDE91289FFF7B8BBC8F1010309900A93AE
S3151001AED00F90FFF755BB059EB9E4DDF808A00246B1
S3151001AEE00B4601F0DDFF0B9DCDE90201013502464E
S3151001AEF00B46DDE90601A84602F0FAFB40B9DDE989
S3151001AF000223DDE9060102F0E9FB18B1F30701D5C9
S3151001AF10059A32E43E46BAE57968049800F078FA63
S3151001AF200546002800F01D813B6902339A0007F19E
S3151001AF300C010C30FBF7EAFA04982946012200F0BD
S3151001AF40D1FC804602E60B9D3C460135474671E52C
S3151001AF50049C39463246204600F06AFC52460146A8
S3151001AF600746204600F0AEFB51468046204600F0CB
S3151001AF7075FA0E9B9B1BC2460E933FF4F7ACEFE49A
S3151001AF80189BC3F1360361E7BCE001100000F07FA6
S3151001AF90E8060210D8070210DDE91423DDE91201D3
S3151001AFA002F034F9059B1C70169B012BCDE90C019F
S3151001AFB000F0C080169F059B1F447A4B0022404625
S3151001AFC0494602F023F98946804602F0CFFB044632
S3151001AFD002F0B2F8303402460B464046494601F0BB
S3151001AFE05DFF06F8014BBE4280468946E5D16E4BA0
S3151001AFF00022DDE90C0101F053FF02460B464046E3
S3151001B000494602F093FB00286CD1DDE90C23664911
S3151001B010002001F043FF02460B464046494602F026
S3151001B02067FB80B9199B002BFFF680AC0B9B0E2B8F
S3151001B0303FF77CAC5D4B0B9A03EBC203D3E90034AB
S3151001B040CDE9063408E43E46013F16F8013C302BA3
S3151001B050F9D0179D01351AE5DDE902890227FFF7B7
S3151001B060EBBABBF1000F3FF49FAB119C002C7FF79D
S3151001B070C4AB0B9B013B0022404649461793494BF3
S3151001B08002F0C4F880468946781C02F055F842460B
S3151001B0904B4602F0BBF8464B002201F001FFA1F12D
S3151001B0A05073CDE9120116941393FFF7E7BA08F11D
S3151001B0B001083123FFF768BB0B9D059AB346392367
S3151001B0C03C460BF8013B01354746C4E40023029385
S3151001B0D01F46E8E5099B5B4409930A9B1D465B44A1
S3151001B0E00A937DE6179B059A03F10108FFF745BB05
S3151001B0F0DDF848A0ADE7DDF848A0DDF850B0FFF760
S3151001B1007CBBB9F1390FD7D0002D3FF78FAD8FE545
S3151001B110249B022B03DC0B9DDDF844B067E4DDF8BC
S3151001B12044B00B96ADE5249B022BF8DCDDF844B058
S3151001B1300B96FEE437465AE7DDE912890227FFF737
S3151001B1407BBA049B0025DD632946184600F060F999
S3151001B1500590D0B9174B1848002240F2AF1100F0F4
S3151001B16031F9144B14482A4640F2EF2100F02AF91E
S3151001B170002A3FF74BAD5BE5049B0021D963FFF72E
S3151001B18015BA0E4B0593FFF714B9DDE904324FF0EA
S3151001B190FF3B9A6301232595CDF844B00C93FFF735
S3151001B1A02CBB00BF000024400000E03FE80602105F
S3151001B1B000001C40C0E00110D4E00110B0E0011005
S3151001B1C038B52F4B1B6805460C4613B15A6B002A2E
S3151001B1D04BD0B4F90C3018071CD5226922B313F0E1
S3151001B1E0010107D0616900204942A060A1613AB10D
S3151001B1F0002038BD980758BF6169A160002AF7D1B0
S3151001B200190658BF1046F4D543F04003A3814FF0F9
S3151001B210FF3038BDD9062CD55A0712D4226943F00E
S3151001B2200803A381002ADAD103F42071B1F5007F56
S3151001B230D5D021462846FDF751FAB4F90C302269CA
S3151001B240CDE7216B51B104F14002914204D0284659
S3151001B250FAF72CFFB4F90C3000222263226900217F
S3151001B260C4E9002123F02403D9E71846FBF724FD8E
S3151001B270AFE7092243F040032A60A381C7E700BF65
S3151001B2801800002038B50C46084D84461146204654
S3151001B2901A4600232B606446F8F7CAFA431C00D0FD
S3151001B2A038BD2B68002BFBD0236038BDD825002074
S3151001B2B0024B13B10248FBF7E1BE704700000000D4
S3151001B2C0BD71011070B4164D2C681CB365681F2D25
S3151001B2D023DC38B9AB1C0135656044F82310002016
S3151001B2E070BC704704EB850C0228CCF88820D4F882
S3151001B2F088614FF0010202FA05F246EA0206C4F825
S3151001B3008861CCF80831E5D1D4F88C311343C4F8EF
S3151001B3108C31DFE7034C2C60D8E74FF0FF30DFE7C5
S3151001B320D4250020DC25002038B5074D002204461F
S3151001B33008462A60F8F778FA431C00D038BD2B6806
S3151001B340002BFBD0236038BDD82500202DE9F8430A
S3151001B350154692682C68FAB180468946083401E090
S3151001B3600834CFB16B68591E002B1746696013DD7F
S3151001B37054F8046C002EF3D0334654F8082C494681
S3151001B380404600F0F3FD431C07D0AA68921B1746EE
S3151001B390AA600834002FE5D100200023C5E9013346
S3151001B3A0BDE8F883936810B514461BB918460023F7
S3151001B3B0636010BDFBF7E6FC0023A3600023636006
S3151001B3C010BD00BF00B50B4C25681446EE681A4631
S3151001B3D085B003460D464CB107490095CDE90114D8
S3151001B3E03046064900F030FE00F082FD04490C4655
S3151001B3F0F3E700BF1800002000E1011010E1011071
S3151001B4009CDD011008B513460022FFF7DBFF00BFD4
S3151001B410436C70B505460C464BB153F8240080B108
S3151001B420026843F824200023C0E9033370BD2122AA
S3151001B430042100F065FD034668640028EDD1002063
S3151001B44070BD012101FA04F6721D9200284600F022
S3151001B45057FD0028F3D0C0E90146E4E731B1436C4A
S3151001B4604A6853F82200086043F82210704700BF5B
S3151001B4702DE9F0410D6907460E461C4601F1140EE1
S3151001B4800020DEF800108BB202FB03434FEA134C87
S3151001B490090C02FB01CC01309BB203EB0C43854234
S3151001B4A04EF8043B4FEA1C44EBDC3CB1B368AB42AB
S3151001B4B007DD06EB850301355C6135613046BDE874
S3151001B4C0F081716838460131FFF7A2FF8046A8B1B5
S3151001B4D03269023206F10C0192000C30FBF716F8B4
S3151001B4E07B6C726853F82210316043F8226046462D
S3151001B4F006EB850301355C613561DFE7024B0348D5
S3151001B5004246BA21FFF75EFFC0E0011040E101108B
S3151001B5102DE9F8431746284A1E4608330C46092ECC
S3151001B52082FB03124FEAE3730546C3EB62033ADD6E
S3151001B5304FF0010C00214FEA4C0C634501F101015A
S3151001B540F9DC2846FFF764FF014670B3089B436197
S3151001B550092F4FF00103036112DC0A340927BE4299
S3151001B5600BDDF61B264414F8013B0A22303B284614
S3151001B570FFF77EFFB4420146F5D10846BDE8F883D0
S3151001B58004F1090804EB0709444614F8013B0A22A1
S3151001B590303B2846FFF76CFF4C450146F5D1A7F124
S3151001B5A008044444DBE70021CBE70A46034B044871
S3151001B5B0D321FFF707FF00BF398EE338C0E0011032
S3151001B5C040E10110B0F5803F034636BF0304002069
S3151001B5D01020B3F1807F3CBF1B020830B3F1805FAE
S3151001B5E03CBF1B010430B3F1804F03D3002B06DBA4
S3151001B5F0013070479B0003D45B0003D420207047B1
S3151001B6000230704703307047036813F00702014692
S3151001B61007D0DA071FD4980721D55B080B600120E4
S3151001B620704798B2A0B11046DAB20AB908301B0AAF
S3151001B6301A0704BF1B0904309A0704BF9B0802307E
S3151001B640DA0703D45B0800F1010006D00B607047DE
S3151001B6501B0C1020E8E700207047202070479B083C
S3151001B6600B600220704700BF38B5436C04460D4687
S3151001B6704BB15868B0B102685A6000220123C0E983
S3151001B6800323456138BD2122042100F039FC03460C
S3151001B69060640028EDD1094B0948002240F245119A
S3151001B6A0FFF790FE1C220121204600F029FC0028FC
S3151001B6B0F1D001220223C0E90123DEE7C0E0011027
S3151001B6C040E101102DE9F04FD1F810801569A84518
S3151001B6D085B00E46924605DB2A46534645468A46AE
S3151001B6E090461E46DAF80830DAF8041005EB08041D
S3151001B6F0A342B8BF0131FFF78BFE8446002800F044
S3151001B7008B8000F1140707EB840E774505D23B4673
S3151001B710002243F8042B9E45FBD8143606EB880805
S3151001B7200AF11409464509EB850566D2A5EB0A030C
S3151001B730153B23F003030AF1150A043355452CBFB3
S3151001B7409B464FF0040BCDF808E00394AE46E24653
S3151001B75005E0090C2AD1B04507F104074AD956F874
S3151001B760041B8DB2002DF4D0CC463C460023019625
S3151001B7705CF8040B216886B28AB2000C05FB06221E
S3151001B780090C1A4405FB001101EB124192B242EA6F
S3151001B7900142E64544F8042B4FEA1143E8D8019ECD
S3151001B7A047F80B3056F8041C090CD4D03B6800221C
S3151001B7B048461D463C469446028801FB02C202EBEE
S3151001B7C015429BB243EA024344F8043B50F8043B4A
S3151001B7D025684FEA134CABB201FB0C3303EB124352
S3151001B7E070454FEA134CE7D3B04547F80B3007F1D4
S3151001B7F00407B4D8DDE902E4D446002C02DC05E0E6
S3151001B800013C03D05EF8043D002BF9D06046CCF81C
S3151001B810104005B0BDE8F08F034B044862464FF463
S3151001B820B171FFF7CFFD00BFC0E0011040E101107B
S3151001B83012F003032DE9F041144607462CD10D46AB
S3151001B840A4101CD03E6C86B3E3074FF0000806D453
S3151001B850641014D03068A8B10646E307F8D532460D
S3151001B86029463846FFF72EFF35B17B6C696853F8C8
S3151001B87021202A6043F8215064100546EAD1284652
S3151001B880BDE8F081324631463846FFF71BFF30607E
S3151001B890C0F800800646E0E7013B0F4A52F8232024
S3151001B8A00023FFF7E5FD0546CAE701213846FFF7F4
S3151001B8B0AFFD064640B1012340F27122C0E90432C0
S3151001B8C0002338640360BFE7044B0548324640F253
S3151001B8D04511FFF777FD00BFD8060210C0E0011031
S3151001B8E040E101102DE9F0470C4690462769A368FF
S3151001B8F0496807EB62177D1C9D4206464FEA62199D
S3151001B90004DD5B009D4201F10101FADC3046FFF7CF
S3151001B9107FFD8446002851D0B9F1000F00F11400C3
S3151001B9200EDD09F105024FEA820E03460CEB820287
S3151001B930002143F8041B9342FBD1AEF114031844C2
S3151001B940216904F1140318F01F0803EB81012DD0AE
S3151001B950C8F1200986464FF0000A1A6802FA08F261
S3151001B96042EA0A024EF8042B53F8042B994222FAA2
S3151001B97009FAF2D80B1B153B23F00303043304F128
S3151001B9801502914238BF042340F803A0BAF1000F03
S3151001B99000D13D46736C6268CCF8105053F82210F2
S3151001B9A02160604643F82240BDE8F087043853F819
S3151001B9B0042B40F8042F9942F9D8EAE7034B0448BF
S3151001B9C062464FF4EF71FFF7FDFC00BFC0E00110B6
S3151001B9D040E101100B6984460069C01A15D10CF1BA
S3151001B9E0140C14310CEB830210B401EB830301E048
S3151001B9F0944508D252F8044D53F8041D8C42F7D0E1
S3151001BA0004D24FF0FF3010BC70477047012010BCB4
S3151001BA10704700BF2DE9F04F15460A692B69D21AF6
S3151001BA20002A83B0884640F0878001F1140605F19B
S3151001BA30140101EB830106EB830301E09E427ED2E2
S3151001BA4053F8044D51F8042D9442F7D075D32B4673
S3151001BA500024454698466968FFF7DAFC81460028B6
S3151001BA6000F089802E69C460D8F8100005F1140B16
S3151001BA7008F1140E09F1140A05F110020EEB8000FB
S3151001BA800BEB860157464FF0000CCDF804B05EF86B
S3151001BA90044B52F8045F1FFA84FBABB2A3EB0B0302
S3151001BAA0240C6344C4EB154404EB23449BB243EAD0
S3151001BAB00443704547F8043B4FEA244CE7D8A0EB02
S3151001BAC0080208F115084045A2F1150234BF0020FD
S3151001BAD0012092080028DDF804B002F101044FEAB2
S3151001BAE0840408BF04240BEB0405A942544433D93A
S3151001BAF02746284650F8043B1CFA83FE1A0C634469
S3151001BB0002EB2E429BB243EA0243814247F8043BC1
S3151001BB104FEA224CEED80139491B21F003010C449E
S3151001BB2023B954F8043D013E002BFAD04846C9F812
S3151001BB30106003B0BDE8F08F89DA01248BE700218C
S3151001BB40FFF766FC814678B101220023C0E9042380
S3151001BB50484603B0BDE8F08F00284FEA820208BFBD
S3151001BB6000220AEB0204DBE7064B07484A4640F27D
S3151001BB703721FFF727FC034B03484A4640F245217C
S3151001BB80FFF720FCC0E0011040E10110114B0B4002
S3151001BB90A3F15073002B03DD00221946104670479E
S3151001BBA05B42B3F1A07F4FEA235206DA4FF400232A
S3151001BBB013410022194610467047A2F114031E2B99
S3151001BBC0DABF4FF00042DA4001220023194610462F
S3151001BBD0704700BF0000F07F02692DE9F04100F1C6
S3151001BBE0140707EB8202A2F1040852F8046C3046DE
S3151001BBF0FFF7E8FCC0F120030A280B6033DD474547
S3151001BC00A0F10B0119D252F8083C21B3C1F1200061
S3151001BC108E4023FA00F426438B40A2F1080146F028
S3151001BC207F558F4245F4401519D252F80C2CC2405B
S3151001BC30134318462946BDE8F0810B280AD006FAA7
S3151001BC4001F141F07F5545F4401500231846294668
S3151001BC50BDE8F081002346F07F5545F4401518469E
S3151001BC602946BDE8F081474538BF52F8082CC0F186
S3151001BC700B0326FA03F138BFDA4000F1150341F040
S3151001BC807F5528BF002206FA03F345F440151343E6
S3151001BC9018462946BDE8F081F0B5012183B0164654
S3151001BCA01F46FFF7B5FB0546002847D0C7F30A54D0
S3151001BCB0C7F313030CB143F48013002E019314D16F
S3151001BCC001A8FFF7A1FC019B6B61012220302A61BB
S3151001BCD014B3089BA4F2334404441C60099BC0F1BD
S3151001BCE035001860284603B0F0BD68460096FFF788
S3151001BCF08BFC019B00B30099C0F1200203FA02F2FA
S3151001BD00C34001930A43002BC5E905230CBF012249
S3151001BD1002222A61002CDCD105EB8201A0F232430A
S3151001BD20086908990B60FFF74DFC099BC0EB42109F
S3151001BD301860284603B0F0BD009AE4E7034B0448A7
S3151001BD402A4640F20F31FFF73DFB00BFC0E001105C
S3151001BD5040E101102DE9F04383B0884669468146DA
S3151001BD60FFF73AFF04460D46404601A9FFF734FF97
S3151001BD70D9F81030D8F81020A3EB020CDDE9003207
S3151001BD809B1A03EB4C13002B0BDD05EB03573D46BA
S3151001BD9002460B462046294601F062FB03B0BDE878
S3151001BDA0F083C3EB033301EB03594946F0E700BFB8
S3151001BDB0172870B506460ADD0849094D00200024EA
S3151001BDC022462B4601F022FA013EF9D170BD054BF0
S3151001BDD003EBC003D3E9040170BD00BF0000F03FBF
S3151001BDE000002440D80602100139491101F1010C55
S3151001BDF0116902F1140303EB81018B4200EB8C0CE8
S3151001BE0016D210B5A0F1040E53F8044B4EF8044F98
S3151001BE109942F9D88B1A153B23F0030304331844BE
S3151001BE20844504D9002340F8043B8445FBD810BD52
S3151001BE30844505D9002340F8043B8445FBD8704757
S3151001BE40704700BF03694A11934200F1140009DAE1
S3151001BE5000EB830302E053F8042DA2B98342FAD80A
S3151001BE600020704700EB8203F8DD11F01F01F5D0B9
S3151001BE7010B450F8224024FA01F28A40944208D0B4
S3151001BE80012010BC70470120704753F8042D002A79
S3151001BE90F6D18342F9D8002010BC7047F0307047B4
S3151001BEA00048704750060020004870475006002091
S3151001BEB010B4034CD4F8E440A44610BC604700BF4C
S3151001BEC06005002082B049B15AB16BB113780B608D
S3151001BED01278101E18BF012002B0704701A9002A5E
S3151001BEE0F3D1104602B070476FF00100F4E700BFBE
S3151001BEF008B5062000F070F9012000F0C9FF00BF57
S3151001BF0038B5A1FB021454BBFDF7D4FE054650B358
S3151001BF1050F8042C22F00302043A242A10D8132ACA
S3151001BF2013D91B2AC0E9004416D9242AC0E90244B0
S3151001BF300ABFC0E9044400F1100200F1180205E03D
S3151001BF402146F9F769FB284638BD02460023C2E9A6
S3151001BF5000339360284638BD00F10802F6E7FAF778
S3151001BF6043F80C2303600025284638BD2DE9F04718
S3151001BF708F681D46AF420B680C46164636D8B1F986
S3151001BF800CC01CF4906F0ED13D46184631462A4618
S3151001BF90F9F7AAFFA368DF1B2368A7602B440020CB
S3151001BFA02360BDE8F0874A69096902EB42025F1A0C
S3151001BFB002EBD2726B1C52103B44934292BF9146D4
S3151001BFC099461A461CF4806F804611D01146FDF72A
S3151001BFD071FE824600B321693A46FAF797FAA389A8
S3151001BFE023F4906343F08003A38105E02F46CCE749
S3151001BFF0FAF7A6FB824658B10AEB0703A9EB070726
S3151001C000A760C4F810A0C4F8149023602F46BCE7AB
S3151001C01021694046FAF74AF8A3890C2243F04003F6
S3151001C020C8F800204FF0FF30A381BAE70CB400B571
S3151001C03083B004AB53F8042B019300F089F903B0D4
S3151001C0405DF804EB02B070470EB410B583B005ABC2
S3151001C050064C53F8042B01930146206800F078F939
S3151001C06003B0BDE8104003B0704700BF18000020B0
S3151001C07010B4034CD4F8E040A44610BC604700BF8E
S3151001C0806005002049B1FF2A02D80A7001207047C5
S3151001C0908A2303604FF0FF3070470846704700BF90
S3151001C0A038B5D0F818410CB1002038BD80210546AD
S3151001C0B0FDF700FE0246C5F8180130B1031F7C32A8
S3151001C0C043F8044F9342FBD1EEE74FF0FF3038BDF2
S3151001C0D030B51F2983B0054609D8D0F818310C465A
S3151001C0E053B153F8240043F8242003B030BD16236E
S3151001C0F003604FF0FF30F8E780210192FDF7DAFD7A
S3151001C100019AC5F8180103460028F2D0011F00F163
S3151001C1107C05002041F8040FA942FBD1E1E700BFDD
S3151001C1201F2938B505461FD8D0F818210C466AB113
S3151001C13052F8213053B1012B06D0591C10D00021D1
S3151001C14042F8241020469847002038BD284600F0B2
S3151001C150FDF8224601462846BDE8384000F0E0B811
S3151001C16016230360012038BD162303604FF0FF30FC
S3151001C17038BD00BF1F292CD838B5D0F818310C4658
S3151001C1800546A3B153F8242003EB84034AB1511C8D
S3151001C1900BD0012A07D0002520461D60904728465E
S3151001C1A038BD012038BD032038BD022038BD80219D
S3151001C1B0FDF780FD0346C5F8180138B1021F0021AD
S3151001C1C07C3042F8041F8242FBD1DBE74FF0FF308F
S3151001C1D038BD4FF0FF30704738B5144B1F281D6816
S3151001C1E01ED8D5F81821044662B152F820304BB149
S3151001C1F0012B05D0591C0FD0002142F82010984769
S3151001C200002038BD284600F0A1F8224601462846EE
S3151001C210BDE8384000F084B816232B60012038BDE4
S3151001C22016232B604FF0FF3038BD00BF18000020D9
S3151001C230124B1F2870B51E6809D8D6F81831044656
S3151001C2400D464BB153F8240043F8245070BD162304
S3151001C25033604FF0FF3070BD80213046FDF72AFD67
S3151001C2600346C6F818010028F3D0021F00217C30BE
S3151001C27042F8041F8242FBD1E4E700BF18000020F8
S3151001C28038B50C4B1D68D5F818410CB1002038BDD6
S3151001C29080212846FDF70EFDC5F8180138B1031F98
S3151001C2A000F17C0243F8044F9342FBD1EEE74FF0C5
S3151001C2B0FF3038BD1800002038B5184B1F281D68EF
S3151001C2C028D80446D5F81801A0B150F8243000EB4F
S3151001C2D084004BB15A1C0BD0012B07D000250560E9
S3151001C2E020469847284638BD012038BD032038BD61
S3151001C2F0022038BD80212846FDF7DCFCC5F818015F
S3151001C30040B1031F00F17C01002243F8042F8B4238
S3151001C310FBD1DAE74FF0FF3038BD00BF180000201F
S3151001C32070B50C46084D03460026204611461C469C
S3151001C3302E60F7F71FFC431C00D070BD2B68002B35
S3151001C340FBD0236070BD00BFD8250020F7F70EBCC7
S3151001C3502DE9F04FADB0CDE907301C460291934659
S3151001C36018B1436B002B00F003850299B1F90C202B
S3151001C3704B6E950405D442F4005223F400538A817E
S3151001C3804B66980400F12485029BB3F90C20110722
S3151001C39040F1D3801B69002B00F0CF8002F01A0206
S3151001C3A00A2A00F0D9800023CDE910330DF1700966
S3151001C3B0CDF83C900993CA4605939BF80030002BA3
S3151001C3C000F0F4805C4604E014F8013F002B00F005
S3151001C3D0D280252BF8D1B4EB0B0540F0CF80237812
S3151001C3E0002B00F0E3804FF000038DF837304FF04B
S3151001C3F0FF320023CDE90323617804F1010B98463E
S3151001C4000BF1010BA1F12003582B00F2DC80DFE8C0
S3151001C41013F0B201DA00DA00AD01DA00DA00DA005F
S3151001C420DA00DA00DA007601A701DA008101860165
S3151001C430DA00A20159005900590059005900590052
S3151001C440590059005900DA00DA00DA00DA00DA0088
S3151001C450DA00DA00DA00DA00DA006800DA00DA0067
S3151001C460DA00DA00DA00DA00DA00DA00DA00DA00E5
S3151001C4701902DA00DA00DA00DA00DA00EA01DA0083
S3151001C480DA001D04DA00DA00DA00DA00DA00DA007E
S3151001C490DA00DA00DA00DA00DD016A00DA00DA0021
S3151001C4A0DA00D8016A00DA00DA00CB01DA00BD0140
S3151001C4B01B047F027A02DA005902DA001904DA0043
S3151001C4C0DA004204A1F1300300221BF8011B02EB32
S3151001C4D0820203EB4202A1F13003092BF5D9049232
S3151001C4E090E748F0100818F0200F00F0D780079B4E
S3151001C4F0073323F007031A46596852F8083B079287
S3151001C5000A460029C0F2DE8003999DF837500029AA
S3151001C510C0F2E38053EA020128F0800840F0DD8082
S3151001C520039B002B40F0598401934C46002D00F0DB
S3151001C530BE81019A01320192B9E1029D08982946FC
S3151001C540FEF73EFE002840F04384B5F90C2002F0B8
S3151001C5501A020A2A7FF427AF029BB3F90E30002B79
S3151001C560FFF621AF0299089823465A462DB0BDE829
S3151001C570F04F00F057BCB4EB0B0517D0119B2B44B1
S3151001C5801193109B0133072BCAE900B5109305DCF3
S3151001C5900AF1080A059B2B44059320E7029908988E
S3151001C5A00FAAFEF7FFFE28B9CA46F3E7119B002B27
S3151001C5B040F00084029B9B895B0600F10984059873
S3151001C5C02DB0BDE8F08F0029F0D000238DF837305B
S3151001C5D001238DF84810019312AC002203920692A2
S3151001C5E018F08407DDE9102105D10498019D451B3A
S3151001C5F0002D00F34F829DF8370080B101320DF105
S3151001C60037000131CAF80000072A4FF00100CDE9C1
S3151001C6101021CAF8040000F377820AF1080A069875
S3151001C62078B101320EA80231CAF80000072A4FF07C
S3151001C6300200CDE91021CAF8040000F373820AF151
S3151001C640080A802F00F09B810398C51A002D00F36C
S3151001C650D58101321944072ACDE91021CAF80040C3
S3151001C660CAF8043000F302820AF1080A18F0040F1E
S3151001C67005D0049B019A9C1A002C00F36182DDE916
S3151001C680042301988242ACBF9B181B1805930029FD
S3151001C69040F0F78100231093CA468EE6079A18F0E8
S3151001C6A0100F52F8043B079207D118F0400F04D02F
S3151001C6B043F3C03211461BB223E7DA17114600299C
S3151001C6C0BFF622AF03995B4262EB42022D25002988
S3151001C6D08DF8375001DB28F080080A2B72F1000122
S3151001C6E080F0F3823033DBB28DF86F30039B012B70
S3151001C6F0B8BF012301930DF16F04012316E7079BC0
S3151001C70053F8042B0492002A80F28882049A079324
S3151001C710524204929BF8001048F0040870E65846FD
S3151001C72010F8011B2A2900F05A83A1F13003092BB5
S3151001C73098BF002200F2478310F8011B02EB820218
S3151001C74003EB4202A1F13003092BF5D942EAE27358
S3151001C7500393834656E69BF8001048F080084FE68F
S3151001C7602B239BF800108DF8373049E69BF8001003
S3151001C77048F0010844E69DF837309BF80010002B6D
S3151001C7807FF43EAE20238DF8373039E618F0200FAE
S3151001C79000F04D82079B059A1B681A60D2175A60E2
S3151001C7A0079B0433079308E69BF800106C2903BF17
S3151001C7B09BF8011048F020080BF1010B48F0100806
S3151001C7C01EE69BF8001048F0400819E6079B002268
S3151001C7D08DF8372053F8042B079301238DF8482041
S3151001C7E0019312ACF9E648F0100111F0200200F0A5
S3151001C7F0DE81079B073323F0070318465A6850F862
S3151001C800083B079003980025A8428DF83750C0F2CF
S3151001C810A782012553EA020021F0800840F0948096
S3151001C8200398002840F09E82002D40F0F38111F00C
S3151001C830010300F0F88130228DF86F2001930DF17C
S3151001C8406F0434E048F0100111F0200200F0BE81AF
S3151001C850079B073323F0070318465A6850F8083B1D
S3151001C860079003980025A8428DF83750D2DA8846EA
S3151001C8704C4603F00701DB0843EA4273D208303114
S3151001C88053EA0205204604F8011DF2D118F0010FF2
S3151001C8906DD030296BD0039A0238302304F8013C4D
S3151001C8A0A9EB00039A42B8BF1A460446019218F042
S3151001C8B0020206923FF494AE019A023201920222CA
S3151001C8C006928DE6079D039B55F8044B00218DF8C2
S3151001C8D03710002C00F05E82002BC0F2DF811A4661
S3151001C8E02046FBF79DFF002800F06B82031B9DF885
S3151001C8F0372023EAE3710191002A00F052820022C7
S3151001C9000795039215E69BF8001048F0200877E585
S3151001C910079A52F8043B079247F63002ADF83820D1
S3151001C920B24A099248F00208002200218DF8371008
S3151001C930039900290DDB414653EA02004FF0020527
S3151001C94021F080083FF46CAF012D00F05482022DC6
S3151001C9508ED109984C4603F00F011B09415C04F86E
S3151001C960011D43EA0273120953EA0201F3D1039A34
S3151001C970A9EB04039A42B8BF1A46019297E70498A5
S3151001C980019D451B002D7FF75FAE102D984E23DDBF
S3151001C99006945046089C10279A4604E0103D102D27
S3151001C9A000F1080015DD01321031072AC0E90067D0
S3151001C9B0CDE91021F2DD02990FAA2046FEF7F2FC0D
S3151001C9C000287FF4F7AD103D102DDDE91021484602
S3151001C9D0E9DC069C5346824601322944072ACDE9F1
S3151001C9E01021CAF80060CAF8045000F3C5810398F3
S3151001C9F0C51A002D0AF1080A7FF72BAE102D7C4EB1
S3151001CA0026DD03945046089CB24610271E4604E0C4
S3151001CA10103D102D00F1080016DD0132744B103156
S3151001CA20072AC0E90037CDE91021F1DD02990FAAD5
S3151001CA302046FEF7B7FC00287FF4BCAD103D102D43
S3151001CA40DDE910214846E8DC039C3346564682460A
S3151001CA5001322944072ACDE91021CAF80060CAF823
S3151001CA60045000F3C9800AF1080AF2E50299089800
S3151001CA700FAAFEF797FC00287FF49CAD1199CA46C0
S3151001CA80F4E5029908980FAAFEF78CFC00283FF4EA
S3151001CA9001AE8FE5102D574E28DDCDE90A745046AB
S3151001CAA03746089C029E9A4604E0103D102D00F16F
S3151001CAB0080016DD013210311023072ACDE91021A5
S3151001CAC007604360F1DD0FAA31462046FEF76AFC86
S3151001CAD000287FF46FAD103D102DDDE91021484679
S3151001CAE0E8DC3E460B9C0A9F534682460132294496
S3151001CAF0072ACDE91021CAF80060CAF8045000F3DC
S3151001CB0021810AF1080A76E5029908980A930FAA73
S3151001CB10FEF748FC00287FF44DADDDE910210A9B94
S3151001CB20CA467CE50299089806930FAAFEF73AFCC5
S3151001CB3000287FF43FADDDE91021069BCA4680E54A
S3151001CB40102C109B2B4E1FDD089FDDF80880102539
S3151001CB5004E0103C102C0AF1080A15DD01331031DE
S3151001CB60072BCAE90065CDE91031F2DD0FAA41465E
S3151001CB703846FEF717FC00287FF41CAD103C102C2C
S3151001CB80DDE91031CA46E9DC01332144072BCAE934
S3151001CB900064CDE910317FF772AD029908980FAA9A
S3151001CBA0FEF700FC00287FF405AD119967E507989B
S3151001CBB050F8043B079011F010007FF423AE11F0EA
S3151001CBC040023FF41FAE9BB202461BE6079850F88F
S3151001CBD0043B079011F010007FF443AE11F04002B0
S3151001CBE03FF43FAE9BB202463BE600BF90E0011018
S3151001CBF010080210000802100299089803930FAA50
S3151001CC00FEF7D0FB00287FF4D5ACDDE91021039B9C
S3151001CC10CA461EE5039B01934C4648E69BF8001055
S3151001CC200793FFF7EDBB039A01924C463FE618F0C6
S3151001CC30100F38D118F0400F35D0079B059A1B6895
S3151001CC401A80ADE54146D0E54146FDE56B4B0993AA
S3151001CC5018F020022CD0079B073323F00703184640
S3151001CC605A6850F8083B079018F0010F3FF45DAE73
S3151001CC7053EA02003FF459AE8DF8391030218DF880
S3151001CC80381000218DF837100399002980F28D8014
S3151001CC9048F002085DE65A4B0993D9E72046F8F7A2
S3151001CCA04FFC034623E6079B059A1B681A6077E536
S3151001CCB0079850F8043B079018F01000D4D118F0DB
S3151001CCC040021CBF9BB20246CEE74E4ECDF804A0E1
S3151001CCD04C464FF0050E991841F10001A6FB0107CC
S3151001CCE027F0030000EB9700091A581A9A46944642
S3151001CCF062F100034FF0CC3202FB00F206FB032275
S3151001CD00A0FB063003F001070244A7FB0E074018EB
S3151001CD10BAF10A0F4FEA530300F130007CF1000C0F
S3151001CD2043EAC27304F8010D4FEA5202D3D2039AB1
S3151001CD30DDF804A0A9EB04039A42B8BF1A46019282
S3151001CD40FFF7F4BB029908980A930FAAFEF72AFB7C
S3151001CD5000287FF42FACDDE910210A9BCA464AE46C
S3151001CD608846BAE4012D7FF4F2AD00253023BBE4E9
S3151001CD70F9F7A2FFFFF7F9BA0299089806930FAAD5
S3151001CD80FEF710FB00287FF415ACDDE91021069B98
S3151001CD90CA4659E4062B28BF06231B4C0795019357
S3151001CDA01BE4CDE9062503921AE428F0800141F02F
S3151001CDB00208CEE5029908980FAAFEF7F3FAFFF7D3
S3151001CDC0F9BB039B93E5002383460393FFF71ABB35
S3151001CDD04FF0FF330593FFF7F2BB302384E4079B33
S3151001CDE09BF8011053F8042B079342EAE27283462B
S3151001CDF00392FFF705BB00256FE400BF7CE001102D
S3151001CE0090E00110CDCCCCCCA4E0011010B4044CB0
S3151001CE1084461346206810BC0A466146FFF798BA45
S3151001CE201800002070B50C468989ADF58D6D21F07D
S3151001CE300201ADF80C101AA9009104914FF480610A
S3151001CE4002910591616E1991E189ADF80E10E169B2
S3151001CE500791616A09910021069169460646FFF715
S3151001CE6077FA051E07DB69463046F9F703F80028FD
S3151001CE7018BF4FF0FF35BDF80C305B0603D5A389FB
S3151001CE8043F04003A38128460DF58D6D70BD00BF9B
S3151001CE90FEE700BF81F0004102E000BF83F00043CE
S3151001CEA030B54FEA41044FEA430594EA050F08BF2E
S3151001CEB090EA020F1FBF54EA000C55EA020C7FEAF2
S3151001CEC0645C7FEA655C00F0E2804FEA5454D4EB6F
S3151001CED05555B8BF6D420CDD2C4480EA020281EA39
S3151001CEE0030382EA000083EA010180EA020281EA71
S3151001CEF00303362D88BF30BD11F0004F4FEA0131C3
S3151001CF004FF4801C4CEA113102D0404261EB4101D1
S3151001CF1013F0004F4FEA03334CEA133302D0524257
S3151001CF2063EB430394EA050F00F0A780A4F1010413
S3151001CF30D5F1200E0DDB02FA0EFC22FA05F280184D
S3151001CF4041F1000103FA0EF2801843FA05F3594133
S3151001CF500EE0A5F120050EF1200E012A03FA0EFCB2
S3151001CF6028BF4CF0020C43FA05F3C01851EBE371DC
S3151001CF7001F0004507D54FF0000EDCF1000C7EEBF9
S3151001CF8000006EEB0101B1F5801F1BD3B1F5001F37
S3151001CF900CD349085FEA30004FEA3C0C04F1010456
S3151001CFA04FEA445212F5800F80F09A80BCF1004F7F
S3151001CFB008BF5FEA500C50F1000041EB045141EA01
S3151001CFC0050130BD5FEA4C0C404141EB0101013CCA
S3151001CFD028BFB1F5801FE9D291F0000F04BF0146B9
S3151001CFE00020B1FA81F308BF2033A3F10B03B3F18B
S3151001CFF020020CDA0C3208DD02F1140CC2F10C021B
S3151001D00001FA0CF021FA02F10CE002F11402D8BF78
S3151001D010C2F1200C01FA02F120FA0CFCDCBF41EA44
S3151001D0200C019040E41AA2BF01EB0451294330BD13
S3151001D0306FEA04041F3C1CDA0C340EDC04F11404F0
S3151001D040C4F1200220FA04F001FA02F340EA0300C7
S3151001D05021FA04F345EA030130BDC4F10C04C4F10D
S3151001D060200220FA02F001FA04F340EA03002946ED
S3151001D07030BD21FA04F0294630BD94F0000F83F437
S3151001D080801306BF81F480110134013D4EE77FEA1A
S3151001D090645C18BF7FEA655C29D094EA050F08BF66
S3151001D0A090EA020F05D054EA000C04BF1946104647
S3151001D0B030BD91EA030F1EBF0021002030BD5FEA8B
S3151001D0C0545C05D14000494128BF41F0004130BDB3
S3151001D0D014F580043CBF01F5801130BD01F0004507
S3151001D0E045F0FE4141F470014FF0000030BD7FEA7A
S3151001D0F0645C1ABF194610467FEA655C1CBF0B4675
S3151001D100024650EA013406BF52EA033591EA030F8B
S3151001D11041F4002130BD00BF90F0000F04BF002183
S3151001D120704730B54FF4806404F132044FF00005B6
S3151001D1304FF0000150E700BF90F0000F04BF00212F
S3151001D140704730B54FF4806404F1320410F0004595
S3151001D15048BF40424FF000013EE700BF42004FEA90
S3151001D160E2014FEA31014FEA02701FBF12F07F430D
S3151001D17093F07F4F81F06051704732F07F4208BFC4
S3151001D180704793F07F4F04BF41F40021704730B5CB
S3151001D1904FF4607401F0004521F000411CE700BF17
S3151001D1A050EA010208BF704730B54FF000050AE09A
S3151001D1B050EA010208BF704730B511F0004502D59B
S3151001D1C0404261EB41014FF4806404F132045FEA9D
S3151001D1D0915C3FF4D8AE4FF003025FEADC0C18BF46
S3151001D1E003325FEADC0C18BF033202EBDC02C2F138
S3151001D1F0200300FA03FC20FA02F001FA03FE40EACA
S3151001D2000E0021FA02F11444BDE600BF70B54FF0CD
S3151001D210FF0C4CF4E06C1CEA11541DBF1CEA1355AB
S3151001D22094EA0C0F95EA0C0F00F0DEF82C4481EA13
S3151001D230030621EA4C5123EA4C5350EA013518BF33
S3151001D24052EA033541F4801143F4801338D0A0FB20
S3151001D25002CE4FF00005E1FB02E506F00042E0FBCD
S3151001D26003E54FF00006E1FB03569CF0000F18BFD3
S3151001D2704EF0010EA4F1FF04B6F5007F64F540747B
S3151001D28004D25FEA4E0E6D4146EB060642EAC6210E
S3151001D29041EA55514FEAC52040EA5E504FEACE2E7B
S3151001D2A0B4F1FD0C88BFBCF5E06F1ED8BEF1004F7E
S3151001D2B008BF5FEA500E50F1000041EB045170BDFA
S3151001D2C006F0004646EA010140EA020081EA03013E
S3151001D2D0B4EB5C04C2BFD4EB0C0541EA045170BD3A
S3151001D2E041F480114FF0000E013C00F3AB8014F1B4
S3151001D2F0360FDEBF002001F0004170BDC4F10004FD
S3151001D300203C35DA0C341BDC04F11404C4F120057D
S3151001D31000FA05F320FA04F001FA05F240EA0200D8
S3151001D32001F0004221F0004110EBD37021FA04F60E
S3151001D33042EB06015EEA430E08BF20EAD37070BDC8
S3151001D340C4F10C04C4F1200500FA04F320FA05F027
S3151001D35001FA04F240EA020001F0004110EBD37029
S3151001D36041F100015EEA430E08BF20EAD37070BD99
S3151001D370C4F1200500FA05F24EEA020E20FA04F372
S3151001D38001FA05F243EA020321FA04F001F0004121
S3151001D39021FA04F220EA020000EBD3705EEA430E92
S3151001D3A008BF20EAD37070BD94F0000F0FD101F0C1
S3151001D3B00046400041EB010111F4801F08BF013CFA
S3151001D3C0F7D041EA060195F0000F18BF704703F038
S3151001D3D00046520043EB030313F4801F08BF013DBF
S3151001D3E0F7D043EA0603704794EA0C0F0CEA13557B
S3151001D3F018BF95EA0C0F0CD050EA410618BF52EA35
S3151001D4004306D1D181EA030101F000414FF000003A
S3151001D41070BD50EA410606BF1046194652EA430648
S3151001D42019D094EA0C0F02D150EA013613D195EABC
S3151001D4300C0F05D152EA03361CBF104619460AD104
S3151001D44081EA030101F0004141F0FE4141F470010E
S3151001D4504FF0000070BD41F0FE4141F4780170BDFE
S3151001D46070B54FF0FF0C4CF4E06C1CEA11541DBF63
S3151001D4701CEA135594EA0C0F95EA0C0F00F0A7F865
S3151001D480A4EB050481EA030E52EA03354FEA013192
S3151001D49000F088804FEA03334FF0805545EA1313A5
S3151001D4A043EA12634FEA022245EA111545EA10656D
S3151001D4B04FEA00260EF000419D4208BF964244F104
S3151001D4C0FD0404F5407402D25B084FEA3202B61A23
S3151001D4D065EB03055B084FEA32024FF480104FF4F7
S3151001D4E0002CB6EB020E75EB030E22BFB61A75466B
S3151001D4F040EA0C005B084FEA3202B6EB020E75EBFE
S3151001D500030E22BFB61A754640EA5C005B084FEA65
S3151001D5103202B6EB020E75EB030E22BFB61A754632
S3151001D52040EA9C005B084FEA3202B6EB020E75EB3D
S3151001D530030E22BFB61A754640EADC0055EA060EFE
S3151001D54018D04FEA051545EA16754FEA06164FEA41
S3151001D550C30343EA52734FEAC2025FEA1C1CC0D1ED
S3151001D56011F4801F0BD141EA00014FF000004FF07A
S3151001D570004CB6E711F4801F04BF01430020B4F13B
S3151001D580FD0C88BFBCF5E06F3FF6AFAEB5EB030CF3
S3151001D59004BFB6EB020C5FEA500C50F1000041EBF0
S3151001D5A0045170BD0EF0004E4EEA113114EB5C04BD
S3151001D5B0C2BFD4EB0C0541EA045170BD41F4801190
S3151001D5C04FF0000E013C90E645EA060E8DE60CEA98
S3151001D5D0135594EA0C0F08BF95EA0C0F3FF43BAFB5
S3151001D5E094EA0C0F0AD150EA01347FF434AF95EA6C
S3151001D5F00C0F7FF425AF104619462CE795EA0C0F50
S3151001D60006D152EA03353FF4FDAE1046194622E71C
S3151001D61050EA410618BF52EA43067FF4C5AE50EAF6
S3151001D62041047FF40DAF52EA43057FF4EBAE12E7E6
S3151001D6304FF0FF3C06E000BF4FF0010C02E000BFC7
S3151001D6404FF0010C4DF804CD4FEA410C7FEA6C5CAA
S3151001D6504FEA430C18BF7FEA6C5C1BD001B050EA4D
S3151001D660410C0CBF52EA430C91EA030F02BF90EA38
S3151001D670020F0020704710F1000F91EA030F58BFF7
S3151001D680994208BF90422CBFD8176FEAE37040F059
S3151001D690010070474FEA410C7FEA6C5C02D150EAF7
S3151001D6A0013C07D14FEA430C7FEA6C5CD6D152EAB2
S3151001D6B0033CD3D05DF8040B704700BF8446104677
S3151001D6C062468C461946634600E000BF01B5FFF776
S3151001D6D0B7FF002848BF10F1000F01BD4DF808ED46
S3151001D6E0FFF7F4FF0CBF012000205DF808FB00BF17
S3151001D6F04DF808EDFFF7EAFF34BF012000205DF871
S3151001D70008FB00BF4DF808EDFFF7E0FF94BF0120BD
S3151001D71000205DF808FB00BF4DF808EDFFF7CEFFBE
S3151001D72094BF012000205DF808FB00BF4DF808EDFD
S3151001D730FFF7C4FF34BF012000205DF808FB00BFCE
S3151001D7404FEA410C7FEA6C5C02D150EA013C0AD1E6
S3151001D7504FEA430C7FEA6C5C02D152EA033C02D1D8
S3151001D7604FF0000070474FF0010070474FEA410239
S3151001D77012F5001215D211D56FF47873B3EB62520C
S3151001D78012D94FEAC12343F0004343EA505311F033
S3151001D790004F23FA02F018BF404270474FF00000C5
S3151001D7A0704750EA013005D111F0004008BF6FF003
S3151001D7B0004070474FF00000704700BF53B94AB997
S3151001D7C0002908BF00281CBF4FF0FF314FF0FF3072
S3151001D7D000F06AB9ADF1080C6DE904CE00F006F857
S3151001D7E0DDF804E0DDE9022304B070472DE9F047C6
S3151001D7F0089D0E4604460F46002B4AD194468C4589
S3151001D800B2FA82F260D942B1C2F12003974020FAEE
S3151001D81003F30CFA02FC1F4394404FEA1C4E1FFA05
S3151001D8208CF6B7FBFEF1230C0EFB117743EA074387
S3151001D83001FB06F098420AD91CEB030301F1FF37ED
S3151001D84080F01581984240F21281023963441B1A05
S3151001D850A4B2B3FBFEF00EFB103344EA034400FB03
S3151001D86006F6A6420AD91CEB040400F1FF3380F038
S3151001D8700081A64240F2FD806444023840EA01402C
S3151001D880A41B00211DB1D4400023C5E90043BDE806
S3151001D890F0878B4205D90DB1C5E900010021084673
S3151001D8A0F5E7B3FA83F1002946D1B34202D3824296
S3151001D8B000F2F580841A66EB030201201746002D4B
S3151001D8C0E5D0C5E90047E2E7002A40F09380A1EBD5
S3151001D8D00C034FEA1C471FFA8CFE0121B3FBF7F626
S3151001D8E007FB1630230C43EA00430EFB06F0984261
S3151001D8F008D91CEB030306F1FF3802D2984200F255
S3151001D900D08046461B1AA4B2B3FBF7F007FB1033BF
S3151001D91044EA03440EFB00FEA64508D91CEB040499
S3151001D92000F1FF3302D2A64500F2B6801846A4EBE9
S3151001D9300E0440EA0640A5E7C1F120078B4022FA02
S3151001D94007FC4CEA030C06FA01FE20FA07F426FA44
S3151001D95007F344EA0E0400FA01F84FEA1C404FEAB5
S3151001D9601449B3FBF0FE1FFA8CF600FB1E3349EA8D
S3151001D97003430EFB06F9994502FA01F20BD91CEB8A
S3151001D98003030EF1FF3A80F08580994540F28280BB
S3151001D990AEF1020E6344A3EB0909A4B2B9FBF0F38D
S3151001D9A000FB139944EA094403FB06F6A64208D97B
S3151001D9B01CEB040403F1FF3068D2A64266D9023B80
S3151001D9C0644443EA0E40A41BA0FB02E6B44273462C
S3151001D9D0B14652D34FD05DB1B8EB030264EB0904E3
S3151001D9E004FA07F722FA01F31F43CC40C5E9007484
S3151001D9F000214CE7C2F1200120FA01F30CFA02FCD6
S3151001DA0026FA01F1964033434FEA1C471FFA8CFE62
S3151001DA10B1FBF7F007FB1016190C41EA064100FBA2
S3151001DA200EF68E4204FA02F408D91CEB010100F13C
S3151001DA30FF382DD28E422BD902386144891B9BB2F5
S3151001DA40B1FBF7F607FB161143EA014306FB0EF18C
S3151001DA50994208D91CEB030306F1FF3814D29942F7
S3151001DA6012D9023E63445B1A46EA004136E739464B
S3151001DA70EDE6184602E7F045ADD2BEEB020366EBC2
S3151001DA800C060138B146A6E74646ECE7034698E789
S3151001DA904046D3E7D6467EE76444023847E7084650
S3151001DAA00DE7023E63442DE7704700BF2B632B3A07
S3151001DAB0205B00002B732B3A202B0000426F6F74F2
S3151001DAC0205265666572656E636520466C61673ABC
S3151001DAD02025730A000000004661696C6564207494
S3151001DAE06F2061757468656E7469636174652073FE
S3151001DAF07562736372697074696F6E21000000003C
S3151001DB004661696C656420746F206465637279700F
S3151001DB107420737562736372697074696F6E210014
S3151001DB204661696C656420746F20757064617465F3
S3151001DB3020737562736372697074696F6E202D201C
S3151001DB4063616E6E6F742073756273637269626559
S3151001DB5020746F20656D657267656E6379206368E1
S3151001DB60616E6E656C0A000053756273637269703B
S3151001DB7074696F6E2076616C69646174696F6E2069
S3151001DB806661696C65640A004661696C6564207436
S3151001DB906F20757064617465207375627363726941
S3151001DBA07074696F6E202D206D61782073756273A4
S3151001DBB06372697074696F6E7320696E7374616CC8
S3151001DBC06C65640A000000004661696C6564207426
S3151001DBD06F20757064617465207375627363726901
S3151001DBE07074696F6E202D206368616E6E656C208E
S3151001DBF06E6F7420616C6C6F7765640A00000000AB
S3151001DC004661696C656420746F2061757468656E10
S3151001DC1074696361746521004661696C6564207479
S3151001DC206F2064656372797074210000496E7661A4
S3151001DC306C6964206368616E6E656C20696421008D
S3151001DC4054696D657374616D702076616C69646178
S3151001DC5074696F6E206661696C65640054696D65DF
S3151001DC607374616D70206973206E6F7420696E63B1
S3151001DC7072656173696E6721000000004368656310
S3151001DC806B696E6720737562736372697074696FFD
S3151001DC906E0A0000537562736372697074696F6EF0
S3151001DCA02056616C69640A004465636F6465206C73
S3151001DCB06174656E63793A202575206379636C65A5
S3151001DCC0730A0000526563656976696E6720756E21
S3151001DCD073756273637269626564206368616E6EDF
S3151001DCE0656C20646174612E202025750A00000080
S3151001DCF0466972737420626F6F742E202053657497
S3151001DD0074696E6720666C6173682E2E2E0A000088
S3151001DD10207B2B632B3A205B312C20332C20345D56
S3151001DD202C202B732B3A202B303263343963643910
S3151001DD3031366531333063363232376437326638CD
S3151001DD403964363639643136333035626364666523
S3151001DD50383633636539343064303461643266354C
S3151001DD606565303165306630323936376239363568
S3151001DD7030613662653564366430396662623135D2
S3151001DD8035633032636364352B7D20004465636FE0
S3151001DD9064657220426F6F746564210A0000000089
S3151001DDA052656164790A00004661696C6564207484
S3151001DDB06F207265636569766520636D642066728E
S3151001DDC06F6D20686F73740A00000000496E7661EA
S3151001DDD06C696420436F6D6D616E643A2025630A28
S3151001DDE000000000202D3E20496E74657272757018
S3151001DDF074212028466C61736820616363657373AF
S3151001DE00206661696C757265290A00004572726F28
S3151001DE107220696E697469616C697A696E672055D9
S3151001DE204152543A2025640A000000004D58435FC0
S3151001DE30415353455254202573202325643A2028F3
S3151001DE402573290A000000002F726F6F742F6D73EE
S3151001DE50646B2D323032345F30322F4C696272610D
S3151001DE60726965732F426F617264732F4D41583712
S3151001DE70383030302F465448525F526576412F5311
S3151001DE806F757263652F626F6172642E6300000095
S3151001DE904641494C000000002F726F6F742F6D734D
S3151001DEA0646B2D323032345F30322F4C69627261BD
S3151001DEB0726965732F4D69736344726976657273FE
S3151001DEC02F4C45442F6C65642E63000069647820DD
S3151001DED03C206E756D5F6C65647300002F726F6FF9
S3151001DEE0742F6D73646B2D323032345F30322F4C98
S3151001DEF069627261726965732F434D5349532F2EAF
S3151001DF002E2F506572697068447269766572732F27
S3151001DF10536F757263652F544D522F746D725F6115
S3151001DF206938352E63000000746D725F6964203E96
S3151001DF303D2030002F726F6F742F6D73646B2D320D
S3151001DF403032345F30322F4C696272617269657397
S3151001DF502F434D5349532F2E2E2F506572697068DA
S3151001DF60447269766572732F536F757263652F5498
S3151001DF704D522F746D725F726576622E63000000CA
S3151001DF802F726F6F742F6D73646B2D323032345F55
S3151001DF9030322F4C69627261726965732F434D532A
S3151001DFA049532F2E2E2F5065726970684472697607
S3151001DFB06572732F536F757263652F554152542FC6
S3151001DFC0756172745F726576622E63004D58435F98
S3151001DFD0554152545F4745545F49445828286D7836
S3151001DFE0635F756172745F726567735F74202A2946
S3151001DFF07561727429203E3D203000002F726F6FBB
S3151001E000742F6D73646B2D323032345F30322F4C76
S3151001E01069627261726965732F434D5349532F2E8D
S3151001E0202E2F506572697068447269766572732F06
S3151001E030536F757263652F4750494F2F6770696F1C
S3151001E0405F636F6D6D6F6E2E63000000706F72747B
S3151001E050203C204D58435F4346475F4750494F5F29
S3151001E060494E5354414E434553000000494E460014
S3151001E070696E66004E414E006E616E00303132336C
S3151001E080343536373839414243444546000000009D
S3151001E0903031323334353637383961626364656607
S3151001E0A000000000286E756C6C290000300000001D
S3151001E0B0496E66696E697479000000004E614E0002
S3151001E0C042616C6C6F632073756363656564656427
S3151001E0D0000000002E2E2F2E2E2F2E2E2F2E2E2FFD
S3151001E0E02E2E2F2E2E2F6E65776C69622F6C69621C
S3151001E0F0632F7374646C69622F64746F612E63008D
S3151001E1002C2066756E6374696F6E3A2000000000EC
S3151001E110617373657274696F6E202225732220668E
S3151001E12061696C65643A2066696C652022257322E3
S3151001E1302C206C696E65202564257325730A0000F1
S3151001E1402E2E2F2E2E2F2E2E2F2E2E2F2E2E2F2ED3
S3151001E1502E2F6E65776C69622F6C6962632F7374EB
S3151001E160646C69622F6D707265632E630000000026
S3151001E17043000000504F5349580000002E00000084
S3151001E18098E7380114BBCD0276F3F901DACF3B02D9
S3151001E1904405D901D2D2CA012C0E86002C0E860056
S3151001E1A076F3F9010CBE5C02B4821C0156FF3500F0
S3151001E1B04050930390EAC700DACF3B02EE6DAE01F1
S3151001E1C056FF350098E73801F66A1F0290EAC70034
S3151001E1D090EAC70056FF3500D2D2CA0156FF350064
S3151001E1E03056B10238532203C831440000000000F2
S3151001E1F0B6E4FF01AC9830000161F502BB381A0193
S3151001E20024514800A7441601E8743C00E8743C0008
S3151001E2100161F50298A42C00BC270100B190E5021A
S3151001E220DA67D401A2F0FB01BB381A01AD2BB20299
S3151001E230B190E502B6E4FF01C11FB602A2F0FB01DF
S3151001E240A2F0FB01B190E502A7441601B190E502D7
S3151001E250B27FCC01C673D0012E9D170200000000BB
S3151001E26052096AD53036A538BF40A39E81F3D7FB34
S3151001E2707CE339829B2FFF87348E4344C4DEE9CB7E
S3151001E280547B9432A6C2233DEE4C950B42FAC34EF3
S3151001E290082EA16628D924B2765BA2496D8BD125A9
S3151001E2A072F8F66486689816D4A45CCC5D65B6924D
S3151001E2B06C704850FDEDB9DA5E154657A78D9D84F1
S3151001E2C090D8AB008CBCD30AF7E45805B8B3450611
S3151001E2D0D02C1E8FCA3F0F02C1AFBD0301138A6B2B
S3151001E2E03A9111414F67DCEA97F2CFCEF0B4E6735B
S3151001E2F096AC7422E7AD3585E2F937E81C75DF6E09
S3151001E30047F11A711D29C5896FB7620EAA18BE1B6E
S3151001E310FC563E4BC6D279209ADBC0FE78CD5AF414
S3151001E3201FDDA8338807C731B11210592780EC5F5A
S3151001E33060517FA919B54A0D2DE57A9F93C99CEFB6
S3151001E340A0E03B4DAE2AF5B0C8EBBB3C83539961B7
S3151001E350172B047EBA77D626E169146355210C7DF5
S3151001E36050A7F4515365417EC3A4171A965E273AF6
S3151001E370CB6BAB3BF1459D1FAB58FAAC9303E34B0B
S3151001E38055FA3020F66D76AD9176CC88254C02F58E
S3151001E390FCD7E54FD7CB2AC5804435268FA362B566
S3151001E3A0495AB1DE671BBA25980EEA45E1C0FE5DF2
S3151001E3B002752FC312F04C81A397468DC6F9D36B04
S3151001E3C0E75F8F03959C9215EB7A6DBFDA595295DB
S3151001E3D02D83BED4D32174582969E04944C8C98E06
S3151001E3E06A89C27578798EF46B3E5899DD71B927B1
S3151001E3F0B64FE1BE17AD88F066AC20C9B43ACE7DF2
S3151001E400184ADF6382311AE560335197457F5362AB
S3151001E410E07764B184AE6BBB1CA081FE942B08F926
S3151001E4205868487019FD458F876CDE94B7F87B5292
S3151001E43023D373ABE2024B72578F1FE32AAB556698
S3151001E4400728EBB203C2B52F9A7BC586A50837D329
S3151001E450F2872830B2A5BF23BA6A03025C8216ED91
S3151001E4602B1CCF8A92B479A7F0F207F3A1E2694E79
S3151001E470CDF4DA65D5BE05061F6234D18AFEA6C46F
S3151001E4809D532E34A055F3A232E18A0575EBF6A4FD
S3151001E49039EC830BAAEF6040069F715E51106EBD79
S3151001E4A0F98A213E3D06DD96AE053EDD46BDE64DB9
S3151001E4B0B58D5491055DC4716FD40604FF15506076
S3151001E4C024FB981997E9BDD6CC434089779ED96725
S3151001E4D0BD42E8B0888B8907385B19E7DBEEC8794E
S3151001E4E0470A7CA1E90F427CC91E84F8000000008E
S3151001E4F08386800948ED2B32AC70111E4E725A6C10
S3151001E500FBFF0EFD5638850F1ED5AE3D27392D362C
S3151001E51064D90F0A21A65C68D1545B9B3A2E362426
S3151001E520B1670A0C0FE75793D296EEB49E919B1BD7
S3151001E5304FC5C080A220DC61694B775A161A121C8E
S3151001E5400ABA93E2E52AA0C043E0223C1D171B122A
S3151001E5500B0D090EADC78BF2B9A8B62DC8A91E149D
S3151001E5608519F1574C0775AFBBDD99EEFD607FA399
S3151001E5709F2601F7BCF5725CC53B6644347EFB5B96
S3151001E5807629438BDCC623CB68FCEDB663F1E4B880
S3151001E590CADC31D710856342402297132011C684F5
S3151001E5A07D244A85F83DBBD21132F9AE6DA129C73A
S3151001E5B04B2F9E1DF330B2DCEC52860DD0E3C177A2
S3151001E5C06C16B32B99B970A9FA4894112264E947CC
S3151001E5D0C48CFCA81A3FF0A0D82C7D56EF9033229C
S3151001E5E0C74E4987C1D138D9FEA2CA8C360BD498E9
S3151001E5F0CF81F5A628DE7AA5268EB7DAA4BFAD3F60
S3151001E600E49D3A2C0D9278509BCC5F6A62467E54FB
S3151001E610C2138DF6E8B8D8905EF7392EF5AFC382DE
S3151001E620BE805D9F7C93D069A92DD56FB31225CF7E
S3151001E6303B99ACC8A77D18106E639CE87BBB3BDB8E
S3151001E640097826CDF418596E01B79AECA89A4F831A
S3151001E650656E95E67EE6FFAA08CFBC21E6E815EFC2
S3151001E660D99BE7BACE366F4AD4099FEAD67CB02930
S3151001E670AFB2A43131233F2A3094A5C6C066A23564
S3151001E68037BC4E74A6CA82FCB0D090E015D8A73319
S3151001E6904A9804F1F7DAEC410E50CD7F2FF6911717
S3151001E6A08DD64D764DB0EF43544DAACCDF0496E48A
S3151001E6B0E3B5D19E1B886A4CB81F2CC17F516546A4
S3151001E6C004EA5E9D5D358C01737487FA2E410BFB4E
S3151001E6D05A1D67B352D2DB92335610E91347D66DE2
S3151001E6E08C61D79A7A0CA1378E14F859893C13EBA1
S3151001E6F0EE27A9CE35C961B7EDE51CE13CB1477AE4
S3151001E70059DFD29C3F73F25579CE1418BF37C773B0
S3151001E710EACDF7535BAAFD5F146F3DDF86DB4478C4
S3151001E72081F3AFCA3EC468B92C3424385F40A3C202
S3151001E73072C31D160C25E2BC8B493C2841950DFF71
S3151001E7407101A839DEB30C089CE4B4D890C15664A3
S3151001E7506184CB7B70B632D5745C6C484257B8D0A5
S3151001E760A7F4515065417E53A4171AC35E273A96F2
S3151001E7706BAB3BCB459D1FF158FAACAB03E34B9307
S3151001E780FA3020556D76ADF676CC88914C02F5258A
S3151001E790D7E54FFCCB2AC5D744352680A362B58F62
S3151001E7A05AB1DE491BBA25670EEA4598C0FE5DE1EE
S3151001E7B0752FC302F04C811297468DA3F9D36BC600
S3151001E7C05F8F03E79C9215957A6DBFEB595295DAD7
S3151001E7D083BED42D217458D369E04929C8C98E4402
S3151001E7E089C2756A798EF4783E58996B71B927DDAD
S3151001E7F04FE1BEB6AD88F017AC20C9663ACE7DB4EE
S3151001E8004ADF6318311AE582335197607F536245A7
S3151001E8107764B1E0AE6BBB84A081FE1C2B08F99422
S3151001E82068487058FD458F196CDE9487F87B52B78E
S3151001E830D373AB23024B72E28F1FE357AB55662A94
S3151001E84028EBB207C2B52F037BC5869A0837D3A525
S3151001E850872830F2A5BF23B26A0302BA8216ED5C8D
S3151001E8601CCF8A2BB479A792F207F3F0E2694EA175
S3151001E870F4DA65CDBE0506D56234D11FFEA6C48A6B
S3151001E880532E349D55F3A2A0E18A0532EBF6A475F9
S3151001E890EC830B39EF6040AA9F715E06106EBD5175
S3151001E8A08A213EF906DD963D053EDDAEBDE64D46B5
S3151001E8B08D5491B55DC47105D406046F155060FF72
S3151001E8C0FB981924E9BDD697434089CC9ED9677721
S3151001E8D042E8B0BD8B8907885B19E738EEC879DB4A
S3151001E8E00A7CA1470F427CE91E84F8C9000000008A
S3151001E8F086800983ED2B324870111EAC725A6C4E0C
S3151001E900FF0EFDFB38850F56D5AE3D1E392D362728
S3151001E910D90F0A64A65C6821545B9BD12E36243A22
S3151001E920670A0CB1E757930F96EEB4D2919B1B9ED3
S3151001E930C5C0804F20DC61A24B775A691A121C168A
S3151001E940BA93E20A2AA0C0E5E0223C43171B121D26
S3151001E9500D090E0BC78BF2ADA8B62DB9A91E14C899
S3151001E96019F157850775AF4CDD99EEBB607FA3FD95
S3151001E9702601F79FF5725CBC3B6644C57EFB5B3492
S3151001E98029438B76C623CBDCFCEDB668F1E4B8637C
S3151001E990DC31D7CA856342102297134011C68420F1
S3151001E9A0244A857D3DBBD2F832F9AE11A129C76D36
S3151001E9B02F9E1D4B30B2DCF352860DECE3C177D09E
S3151001E9C016B32B6CB970A999489411FA64E94722C8
S3151001E9D08CFCA8C43FF0A01A2C7D56D8903322EF98
S3151001E9E04E4987C7D138D9C1A2CA8CFE0BD49836E5
S3151001E9F081F5A6CFDE7AA5288EB7DA26BFAD3FA45C
S3151001EA009D3A2CE49278500DCC5F6A9B467E5462F7
S3151001EA10138DF6C2B8D890E8F7392E5EAFC382F5DA
S3151001EA20805D9FBE93D0697C2DD56FA91225CFB37A
S3151001EA3099ACC83B7D1810A7639CE86EBB3BDB7B8A
S3151001EA407826CD0918596EF4B79AEC019A4F83A816
S3151001EA506E95E665E6FFAA7ECFBC2108E815EFE6BE
S3151001EA609BE7BAD9366F4ACE099FEAD47CB029D62C
S3151001EA70B2A431AF233F2A3194A5C63066A235C060
S3151001EA80BC4E7437CA82FCA6D090E0B0D8A7331515
S3151001EA909804F14ADAEC41F750CD7F0EF691172F13
S3151001EAA0D64D768DB0EF434D4DAACC540496E4DF86
S3151001EAB0B5D19EE3886A4C1B1F2CC1B85165467FA0
S3151001EAC0EA5E9D04358C015D7487FA73410BFB2E4A
S3151001EAD01D67B35AD2DB92525610E93347D66D13DE
S3151001EAE061D79A8C0CA1377A14F8598E3C13EB899D
S3151001EAF027A9CEEEC961B735E51CE1EDB1477A3CE0
S3151001EB00DFD29C5973F2553FCE14187937C773BFAC
S3151001EB10CDF753EAAAFD5F5B6F3DDF14DB447886C0
S3151001EB20F3AFCA81C468B93E3424382C40A3C25FFE
S3151001EB30C31D167225E2BC0C493C288B950DFF416D
S3151001EB4001A83971B30C08DEE4B4D89CC15664909F
S3151001EB5084CB7B61B632D5705C6C487457B8D042A1
S3151001EB60F45150A7417E5365171AC3A4273A965EEE
S3151001EB70AB3BCB6B9D1FF145FAACAB58E34B930303
S3151001EB80302055FA76ADF66DCC88917602F5254C86
S3151001EB90E54FFCD72AC5D7CB3526804462B58FA35E
S3151001EBA0B1DE495ABA25671BEA45980EFE5DE1C0EA
S3151001EBB02FC302754C8112F0468DA397D36BC6F9FC
S3151001EBC08F03E75F9215959C6DBFEB7A5295DA59D3
S3151001EBD0BED42D837458D321E0492969C98E44C8FE
S3151001EBE0C2756A898EF4787958996B3EB927DD71A9
S3151001EBF0E1BEB64F88F017AD20C966ACCE7DB43AEA
S3151001EC00DF63184A1AE58231519760335362457FA3
S3151001EC1064B1E0776BBB84AE81FE1CA008F9942B1E
S3151001EC2048705868458F19FDDE94876C7B52B7F88A
S3151001EC3073AB23D34B72E2021FE3578F55662AAB90
S3151001EC40EBB20728B52F03C2C5869A7B37D3A50821
S3151001EC502830F287BF23B2A50302BA6A16ED5C8289
S3151001EC60CF8A2B1C79A792B407F3F0F2694EA1E271
S3151001EC70DA65CDF40506D5BE34D11F62A6C48AFE67
S3151001EC802E349D53F3A2A0558A0532E1F6A475EBF5
S3151001EC90830B39EC6040AAEF715E069F6EBD511071
S3151001ECA0213EF98ADD963D063EDDAE05E64D46BDB1
S3151001ECB05491B58DC471055D06046FD45060FF156E
S3151001ECC0981924FBBDD697E94089CC43D967779E1D
S3151001ECD0E8B0BD428907888B19E7385BC879DBEE46
S3151001ECE07CA1470A427CE90F84F8C91E0000000086
S3151001ECF0800983862B3248ED111EAC705A6C4E7208
S3151001ED000EFDFBFF850F5638AE3D1ED52D36273924
S3151001ED100F0A64D95C6821A65B9BD15436243A2E1E
S3151001ED200A0CB16757930FE7EEB4D2969B1B9E91CF
S3151001ED30C0804FC5DC61A220775A694B121C161A86
S3151001ED4093E20ABAA0C0E52A223C43E01B121D1722
S3151001ED50090E0B0D8BF2ADC7B62DB9A81E14C8A995
S3151001ED60F157851975AF4C0799EEBBDD7FA3FD6091
S3151001ED7001F79F26725CBCF56644C53BFB5B347E8E
S3151001ED80438B762923CBDCC6EDB668FCE4B863F178
S3151001ED9031D7CADC6342108597134022C6842011ED
S3151001EDA04A857D24BBD2F83DF9AE113229C76DA132
S3151001EDB09E1D4B2FB2DCF330860DEC52C177D0E39A
S3151001EDC0B32B6C1670A999B99411FA48E9472264C4
S3151001EDD0FCA8C48CF0A01A3F7D56D82C3322EF9094
S3151001EDE04987C74E38D9C1D1CA8CFEA2D498360BE1
S3151001EDF0F5A6CF817AA528DEB7DA268EAD3FA4BF58
S3151001EE003A2CE49D78500D925F6A9BCC7E546246F3
S3151001EE108DF6C213D890E8B8392E5EF7C382F5AFD6
S3151001EE205D9FBE80D0697C93D56FA92D25CFB31276
S3151001EE30ACC83B991810A77D9CE86E633BDB7BBB86
S3151001EE4026CD0978596EF4189AEC01B74F83A89A12
S3151001EE5095E6656EFFAA7EE6BC2108CF15EFE6E8BA
S3151001EE60E7BAD99B6F4ACE369FEAD409B029D67C28
S3151001EE70A431AFB23F2A3123A5C63094A235C0665C
S3151001EE804E7437BC82FCA6CA90E0B0D0A73315D811
S3151001EE9004F14A98EC41F7DACD7F0E5091172FF60F
S3151001EEA04D768DD6EF434DB0AACC544D96E4DF0482
S3151001EEB0D19EE3B56A4C1B882CC1B81F65467F519C
S3151001EEC05E9D04EA8C015D3587FA73740BFB2E4146
S3151001EED067B35A1DDB9252D210E93356D66D1347DA
S3151001EEE0D79A8C61A1377A0CF8598E1413EB893C99
S3151001EEF0A9CEEE2761B735C91CE1EDE5477A3CB1DC
S3151001EF00D29C59DFF2553F73141879CEC773BF37A8
S3151001EF10F753EACDFD5F5BAA3DDF146F447886DBBC
S3151001EF20AFCA81F368B93EC424382C34A3C25F40FA
S3151001EF301D1672C3E2BC0C253C288B490DFF419569
S3151001EF40A83971010C08DEB3B4D89CE4566490C19B
S3151001EF50CB7B618432D570B66C48745CB8D042579D
S3151001EF605150A7F47E5365411AC3A4173A965E27EA
S3151001EF703BCB6BAB1FF1459DACAB58FA4B9303E3FF
S3151001EF802055FA30ADF66D76889176CCF5254C0282
S3151001EF904FFCD7E5C5D7CB2A26804435B58FA3625A
S3151001EFA0DE495AB125671BBA45980EEA5DE1C0FEE6
S3151001EFB0C302752F8112F04C8DA397466BC6F9D3F8
S3151001EFC003E75F8F15959C92BFEB7A6D95DA5952CF
S3151001EFD0D42D83BE58D32174492969E08E44C8C9FA
S3151001EFE0756A89C2F478798E996B3E5827DD71B9A5
S3151001EFF0BEB64FE1F017AD88C966AC207DB43ACEE6
S3151001F00063184ADFE582311A9760335162457F539F
S3151001F010B1E07764BB84AE6BFE1CA081F9942B081A
S3151001F020705868488F19FD4594876CDE52B7F87B86
S3151001F030AB23D37372E2024BE3578F1F662AAB558C
S3151001F040B20728EB2F03C2B5869A7BC5D3A508371D
S3151001F05030F2872823B2A5BF02BA6A03ED5C821685
S3151001F0608A2B1CCFA792B479F3F0F2074EA1E2696D
S3151001F07065CDF4DA06D5BE05D11F6234C48AFEA663
S3151001F080349D532EA2A055F30532E18AA475EBF6F1
S3151001F0900B39EC8340AAEF605E069F71BD51106E6D
S3151001F0A03EF98A21963D06DDDDAE053E4D46BDE6AD
S3151001F0B091B58D5471055DC4046FD40660FF15506A
S3151001F0C01924FB98D697E9BD89CC434067779ED919
S3151001F0D0B0BD42E807888B89E7385B1979DBEEC842
S3151001F0E0A1470A7C7CE90F42F8C91E840000000082
S3151001F0F0098386803248ED2B1EAC70116C4E725A04
S3151001F100FDFBFF0E0F5638853D1ED5AE3627392D20
S3151001F1100A64D90F6821A65C9BD1545B243A2E361A
S3151001F1200CB1670A930FE757B4D296EE1B9E919BCB
S3151001F130804FC5C061A220DC5A694B771C161A1282
S3151001F140E20ABA93C0E52AA03C43E022121D171B1E
S3151001F1500E0B0D09F2ADC78B2DB9A8B614C8A91E91
S3151001F160578519F1AF4C0775EEBBDD99A3FD607F8D
S3151001F170F79F26015CBCF57244C53B665B347EFB8A
S3151001F1808B762943CBDCC623B668FCEDB863F1E474
S3151001F190D7CADC314210856313402297842011C6E9
S3151001F1A0857D244AD2F83DBBAE1132F9C76DA1292E
S3151001F1B01D4B2F9EDCF330B20DEC528677D0E3C196
S3151001F1C02B6C16B3A999B97011FA4894472264E9C0
S3151001F1D0A8C48CFCA01A3FF056D82C7D22EF903390
S3151001F1E087C74E49D9C1D1388CFEA2CA98360BD4DD
S3151001F1F0A6CF81F5A528DE7ADA268EB73FA4BFAD54
S3151001F2002CE49D3A500D92786A9BCC5F5462467EEF
S3151001F210F6C2138D90E8B8D82E5EF73982F5AFC3D2
S3151001F2209FBE805D697C93D06FA92DD5CFB3122572
S3151001F230C83B99AC10A77D18E86E639CDB7BBB3B82
S3151001F240CD0978266EF41859EC01B79A83A89A4F0E
S3151001F250E6656E95AA7EE6FF2108CFBCEFE6E815B6
S3151001F260BAD99BE74ACE366FEAD4099F29D67CB024
S3151001F27031AFB2A42A31233FC63094A535C066A258
S3151001F2807437BC4EFCA6CA82E0B0D0903315D8A70D
S3151001F290F14A980441F7DAEC7F0E50CD172FF6910B
S3151001F2A0768DD64D434DB0EFCC544DAAE4DF04967E
S3151001F2B09EE3B5D14C1B886AC1B81F2C467F516598
S3151001F2C09D04EA5E015D358CFA737487FB2E410B42
S3151001F2D0B35A1D679252D2DBE93356106D1347D6D6
S3151001F2E09A8C61D7377A0CA1598E14F8EB893C1395
S3151001F2F0CEEE27A9B735C961E1EDE51C7A3CB147D8
S3151001F3009C59DFD2553F73F21879CE1473BF37C7A4
S3151001F31053EACDF75F5BAAFDDF146F3D7886DB44B8
S3151001F320CA81F3AFB93EC468382C3424C25F40A3F6
S3151001F3301672C31DBC0C25E2288B493CFF41950D65
S3151001F340397101A808DEB30CD89CE4B46490C15697
S3151001F3507B6184CBD570B63248745C6CD04257B899
S3151001F360A56363C6847C7CF8997777EE8D7B7BF6F3
S3151001F3700DF2F2FFBD6B6BD6B16F6FDE54C5C59141
S3151001F3805030306003010102A96767CE7D2B2B56E1
S3151001F39019FEFEE762D7D7B5E6ABAB4D9A7676EC9A
S3151001F3A045CACA8F9D82821F40C9C989877D7DFA48
S3151001F3B015FAFAEFEB5959B2C947478E0BF0F0FB24
S3151001F3C0ECADAD4167D4D4B3FDA2A25FEAAFAF45B0
S3151001F3D0BF9C9C23F7A4A453967272E45BC0C09B96
S3151001F3E0C2B7B7751CFDFDE1AE93933D6A26264C57
S3151001F3F05A36366C413F3F7E02F7F7F54FCCCC8338
S3151001F4005C343468F4A5A55134E5E5D108F1F1F978
S3151001F410937171E273D8D8AB533131623F15152A06
S3151001F4200C04040852C7C795652323465EC3C39DC2
S3151001F43028181830A19696370F05050AB59A9A2FEE
S3151001F4400907070E361212249B80801B3DE2E2DF6C
S3151001F45026EBEBCD6927274ECDB2B27F9F7575EAA4
S3151001F4601B0909129E83831D742C2C582E1A1A34CB
S3151001F4702D1B1B36B26E6EDCEE5A5AB4FBA0A05B86
S3151001F480F65252A44D3B3B7661D6D6B7CEB3B37D79
S3151001F4907B2929523EE3E3DD712F2F5E9784841376
S3151001F4A0F55353A668D1D1B9000000002CEDEDC17A
S3151001F4B0602020401FFCFCE3C8B1B179ED5B5BB65F
S3151001F4C0BE6A6AD446CBCB8DD9BEBE674B3939726B
S3151001F4D0DE4A4A94D44C4C98E85858B04ACFCF8556
S3151001F4E06BD0D0BB2AEFEFC5E5AAAA4F16FBFBEDF1
S3151001F4F0C5434386D74D4D9A553333669485851149
S3151001F500CF45458A10F9F9E906020204817F7FFE8B
S3151001F510F05050A0443C3C78BA9F9F25E3A8A84BD5
S3151001F520F35151A2FEA3A35DC04040808A8F8F057F
S3151001F530AD92923FBC9D9D214838387004F5F5F186
S3151001F540DFBCBC63C1B6B67775DADAAF6321214287
S3151001F550301010201AFFFFE50EF3F3FD6DD2D2BF66
S3151001F5604CCDCD81140C0C18351313262FECECC38E
S3151001F570E15F5FBEA2979735CC4444883917172EA1
S3151001F58057C4C493F2A7A755827E7EFC473D3D7AA8
S3151001F590AC6464C8E75D5DBA2B191932957373E6CD
S3151001F5A0A06060C098818119D14F4F9E7FDCDCA38A
S3151001F5B0662222447E2A2A54AB90903B8388880B7C
S3151001F5C0CA46468C29EEEEC7D3B8B86B3C1414283C
S3151001F5D079DEDEA7E25E5EBC1D0B0B1676DBDBADBC
S3151001F5E03BE0E0DB563232644E3A3A741E0A0A1494
S3151001F5F0DB4949920A06060C6C242448E45C5CB883
S3151001F6005DC2C29F6ED3D3BDEFACAC43A66262C4DA
S3151001F610A8919139A495953137E4E4D38B7979F290
S3151001F62032E7E7D543C8C88B5937376EB76D6DDAF0
S3151001F6308C8D8D0164D5D5B1D24E4E9CE0A9A949C8
S3151001F640B46C6CD8FA5656AC07F4F4F325EAEACF43
S3151001F650AF6565CA8E7A7AF4E9AEAE471808081016
S3151001F660D5BABA6F887878F06F25254A722E2E5C36
S3151001F670241C1C38F1A6A657C7B4B47351C6C69735
S3151001F68023E8E8CB7CDDDDA19C7474E8211F1F3EC5
S3151001F690DD4B4B96DCBDBD61868B8B0D858A8A0F42
S3151001F6A0907070E0423E3E7CC4B5B571AA6666CCD8
S3151001F6B0D84848900503030601F6F6F7120E0E1CFC
S3151001F6C0A36161C25F35356AF95757AED0B9B969C9
S3151001F6D09186861758C1C199271D1D3AB99E9E2735
S3151001F6E038E1E1D913F8F8EBB398982B33111122BD
S3151001F6F0BB6969D270D9D9A9898E8E07A79494331B
S3151001F700B69B9B2D221E1E3C9287871520E9E9C9BF
S3151001F71049CECE87FF5555AA782828507ADFDFA51E
S3151001F7208F8C8C03F8A1A15980898909170D0D1A9F
S3151001F730DABFBF6531E6E6D7C6424284B86868D0FB
S3151001F740C3414182B0999929772D2D5A110F0F1E58
S3151001F750CBB0B07BFC5454A8D6BBBB6D3A16162C55
S3151001F7606363C6A57C7CF8847777EE997B7BF68DEF
S3151001F770F2F2FF0D6B6BD6BD6F6FDEB1C5C591543D
S3151001F78030306050010102036767CEA92B2B567DDD
S3151001F790FEFEE719D7D7B562ABAB4DE67676EC9A96
S3151001F7A0CACA8F4582821F9DC9C989407D7DFA8744
S3151001F7B0FAFAEF155959B2EB47478EC9F0F0FB0B20
S3151001F7C0ADAD41ECD4D4B367A2A25FFDAFAF45EAAC
S3151001F7D09C9C23BFA4A453F77272E496C0C09B5B92
S3151001F7E0B7B775C2FDFDE11C93933DAE26264C6A53
S3151001F7F036366C5A3F3F7E41F7F7F502CCCC834F34
S3151001F8003434685CA5A551F4E5E5D134F1F1F90874
S3151001F8107171E293D8D8AB733131625315152A3F02
S3151001F8200404080CC7C7955223234665C3C39D5EBE
S3151001F83018183028969637A105050A0F9A9A2FB5EA
S3151001F84007070E091212243680801B9BE2E2DF3D68
S3151001F850EBEBCD2627274E69B2B27FCD7575EA9FA0
S3151001F8600909121B83831D9E2C2C58741A1A342EC7
S3151001F8701B1B362D6E6EDCB25A5AB4EEA0A05BFB82
S3151001F8805252A4F63B3B764DD6D6B761B3B37DCE75
S3151001F8902929527BE3E3DD3E2F2F5E718484139772
S3151001F8A05353A6F5D1D1B96800000000EDEDC12C76
S3151001F8B020204060FCFCE31FB1B179C85B5BB6ED5B
S3151001F8C06A6AD4BECBCB8D46BEBE67D93939724B67
S3151001F8D04A4A94DE4C4C98D45858B0E8CFCF854A52
S3151001F8E0D0D0BB6BEFEFC52AAAAA4FE5FBFBED16ED
S3151001F8F0434386C54D4D9AD7333366558585119445
S3151001F90045458ACFF9F9E910020204067F7FFE8187
S3151001F9105050A0F03C3C78449F9F25BAA8A84BE3D1
S3151001F9205151A2F3A3A35DFE404080C08F8F058A7B
S3151001F93092923FAD9D9D21BC38387048F5F5F10482
S3151001F940BCBC63DFB6B677C1DADAAF752121426383
S3151001F95010102030FFFFE51AF3F3FD0ED2D2BF6D62
S3151001F960CDCD814C0C0C181413132635ECECC32F8A
S3151001F9705F5FBEE1979735A2444488CC17172E399D
S3151001F980C4C49357A7A755F27E7EFC823D3D7A47A4
S3151001F9906464C8AC5D5DBAE71919322B7373E695C9
S3151001F9A06060C0A0818119984F4F9ED1DCDCA37F86
S3151001F9B0222244662A2A547E90903BAB88880B8378
S3151001F9C046468CCAEEEEC729B8B86BD31414283C38
S3151001F9D0DEDEA7795E5EBCE20B0B161DDBDBAD76B8
S3151001F9E0E0E0DB3B323264563A3A744E0A0A141E90
S3151001F9F0494992DB06060C0A2424486C5C5CB8E47F
S3151001FA00C2C29F5DD3D3BD6EACAC43EF6262C4A6D6
S3151001FA10919139A8959531A4E4E4D3377979F28B8C
S3151001FA20E7E7D532C8C88B4337376E596D6DDAB7EC
S3151001FA308D8D018CD5D5B1644E4E9CD2A9A949E0C4
S3151001FA406C6CD8B45656ACFAF4F4F307EAEACF253F
S3151001FA506565CAAF7A7AF48EAEAE47E90808101812
S3151001FA60BABA6FD57878F08825254A6F2E2E5C7232
S3151001FA701C1C3824A6A657F1B4B473C7C6C6975131
S3151001FA80E8E8CB23DDDDA17C7474E89C1F1F3E21C1
S3151001FA904B4B96DDBDBD61DC8B8B0D868A8A0F853E
S3151001FAA07070E0903E3E7C42B5B571C46666CCAAD4
S3151001FAB0484890D803030605F6F6F7010E0E1C12F8
S3151001FAC06161C2A335356A5F5757AEF9B9B969D0C5
S3151001FAD086861791C1C199581D1D3A279E9E27B931
S3151001FAE0E1E1D938F8F8EB1398982BB311112233B9
S3151001FAF06969D2BBD9D9A9708E8E0789949433A717
S3151001FB009B9B2DB61E1E3C2287871592E9E9C920BB
S3151001FB10CECE87495555AAFF28285078DFDFA57A1A
S3151001FB208C8C038FA1A159F8898909800D0D1A179B
S3151001FB30BFBF65DAE6E6D731424284C66868D0B8F7
S3151001FB40414182C3999929B02D2D5A770F0F1E1154
S3151001FB50B0B07BCB5454A8FCBBBB6DD616162C3A51
S3151001FB6063C6A5637CF8847C77EE99777BF68D7BEB
S3151001FB70F2FF0DF26BD6BD6B6FDEB16FC59154C539
S3151001FB80306050300102030167CEA9672B567D2BD9
S3151001FB90FEE719FED7B562D7AB4DE6AB76EC9A7692
S3151001FBA0CA8F45CA821F9D82C98940C97DFA877D40
S3151001FBB0FAEF15FA59B2EB59478EC947F0FB0BF01C
S3151001FBC0AD41ECADD4B367D4A25FFDA2AF45EAAFA8
S3151001FBD09C23BF9CA453F7A472E49672C09B5BC08E
S3151001FBE0B775C2B7FDE11CFD933DAE93264C6A264F
S3151001FBF0366C5A363F7E413FF7F502F7CC834FCC30
S3151001FC0034685C34A551F4A5E5D134E5F1F908F170
S3151001FC1071E29371D8AB73D831625331152A3F15FE
S3151001FC2004080C04C79552C723466523C39D5EC3BA
S3151001FC30183028189637A196050A0F059A2FB59AE6
S3151001FC40070E090712243612801B9B80E2DF3DE264
S3151001FC50EBCD26EB274E6927B27FCDB275EA9F759C
S3151001FC6009121B09831D9E832C58742C1A342E1AC3
S3151001FC701B362D1B6EDCB26E5AB4EE5AA05BFBA07E
S3151001FC8052A4F6523B764D3BD6B761D6B37DCEB371
S3151001FC9029527B29E3DD3EE32F5E712F841397846E
S3151001FCA053A6F553D1B968D100000000EDC12CED72
S3151001FCB020406020FCE31FFCB179C8B15BB6ED5B57
S3151001FCC06AD4BE6ACB8D46CBBE67D9BE39724B3963
S3151001FCD04A94DE4A4C98D44C58B0E858CF854ACF4E
S3151001FCE0D0BB6BD0EFC52AEFAA4FE5AAFBED16FBE9
S3151001FCF04386C5434D9AD74D336655338511948541
S3151001FD00458ACF45F9E910F9020406027FFE817F83
S3151001FD1050A0F0503C78443C9F25BA9FA84BE3A8CD
S3151001FD2051A2F351A35DFEA34080C0408F058A8F77
S3151001FD30923FAD929D21BC9D38704838F5F104F57E
S3151001FD40BC63DFBCB677C1B6DAAF75DA214263217F
S3151001FD5010203010FFE51AFFF3FD0EF3D2BF6DD25E
S3151001FD60CD814CCD0C18140C13263513ECC32FEC86
S3151001FD705FBEE15F9735A2974488CC44172E391799
S3151001FD80C49357C4A755F2A77EFC827E3D7A473DA0
S3151001FD9064C8AC645DBAE75D19322B1973E69573C5
S3151001FDA060C0A060811998814F9ED14FDCA37FDC82
S3151001FDB0224466222A547E2A903BAB90880B838874
S3151001FDC0468CCA46EEC729EEB86BD3B814283C1434
S3151001FDD0DEA779DE5EBCE25E0B161D0BDBAD76DBB4
S3151001FDE0E0DB3BE0326456323A744E3A0A141E0A8C
S3151001FDF04992DB49060C0A0624486C245CB8E45C7B
S3151001FE00C29F5DC2D3BD6ED3AC43EFAC62C4A662D2
S3151001FE109139A8919531A495E4D337E479F28B7988
S3151001FE20E7D532E7C88B43C8376E59376DDAB76DE8
S3151001FE308D018C8DD5B164D54E9CD24EA949E0A9C0
S3151001FE406CD8B46C56ACFA56F4F307F4EACF25EA3B
S3151001FE5065CAAF657AF48E7AAE47E9AE081018080E
S3151001FE60BA6FD5BA78F08878254A6F252E5C722E2E
S3151001FE701C38241CA657F1A6B473C7B4C69751C62D
S3151001FE80E8CB23E8DDA17CDD74E89C741F3E211FBD
S3151001FE904B96DD4BBD61DCBD8B0D868B8A0F858A3A
S3151001FEA070E090703E7C423EB571C4B566CCAA66D0
S3151001FEB04890D84803060503F6F701F60E1C120EF4
S3151001FEC061C2A361356A5F3557AEF957B969D0B9C1
S3151001FED086179186C19958C11D3A271D9E27B99E2D
S3151001FEE0E1D938E1F8EB13F8982BB39811223311B5
S3151001FEF069D2BB69D9A970D98E07898E9433A79413
S3151001FF009B2DB69B1E3C221E87159287E9C920E9B7
S3151001FF10CE8749CE55AAFF5528507828DFA57ADF16
S3151001FF208C038F8CA159F8A1890980890D1A170D97
S3151001FF30BF65DABFE6D731E64284C64268D0B868F3
S3151001FF404182C3419929B0992D5A772D0F1E110F50
S3151001FF50B07BCBB054A8FC54BB6DD6BB162C3A164D
S3151001FF60C6A56363F8847C7CEE997777F68D7B7BE7
S3151001FF70FF0DF2F2D6BD6B6BDEB16F6F9154C5C535
S3151001FF806050303002030101CEA96767567D2B2BD5
S3151001FF90E719FEFEB562D7D74DE6ABABEC9A76768E
S3151001FFA08F45CACA1F9D82828940C9C9FA877D7D3C
S3151001FFB0EF15FAFAB2EB59598EC94747FB0BF0F018
S3151001FFC041ECADADB367D4D45FFDA2A245EAAFAFA4
S3151001FFD023BF9C9C53F7A4A4E49672729B5BC0C08A
S3151001FFE075C2B7B7E11CFDFD3DAE93934C6A26264B
S3151001FFF06C5A36367E413F3FF502F7F7834FCCCC2C
S31510020000685C343451F4A5A5D134E5E5F908F1F16B
S31510020010E2937171AB73D8D8625331312A3F1515F9
S31510020020080C04049552C7C7466523239D5EC3C3B5
S315100200303028181837A196960A0F05052FB59A9AE1
S315100200400E090707243612121B9B8080DF3DE2E25F
S31510020050CD26EBEB4E6927277FCDB2B2EA9F757597
S31510020060121B09091D9E838358742C2C342E1A1ABE
S31510020070362D1B1BDCB26E6EB4EE5A5A5BFBA0A079
S31510020080A4F65252764D3B3BB761D6D67DCEB3B36C
S31510020090527B2929DD3EE3E35E712F2F1397848469
S315100200A0A6F55353B968D1D100000000C12CEDED6D
S315100200B040602020E31FFCFC79C8B1B1B6ED5B5B52
S315100200C0D4BE6A6A8D46CBCB67D9BEBE724B39395E
S315100200D094DE4A4A98D44C4CB0E85858854ACFCF49
S315100200E0BB6BD0D0C52AEFEF4FE5AAAAED16FBFBE4
S315100200F086C543439AD74D4D66553333119485853C
S315100201008ACF4545E910F9F904060202FE817F7F7E
S31510020110A0F0505078443C3C25BA9F9F4BE3A8A8C8
S31510020120A2F351515DFEA3A380C04040058A8F8F72
S315100201303FAD929221BC9D9D70483838F104F5F579
S3151002014063DFBCBC77C1B6B6AF75DADA426321217A
S3151002015020301010E51AFFFFFD0EF3F3BF6DD2D259
S31510020160814CCDCD18140C0C26351313C32FECEC81
S31510020170BEE15F5F35A2979788CC44442E39171794
S315100201809357C4C455F2A7A7FC827E7E7A473D3D9B
S31510020190C8AC6464BAE75D5D322B1919E6957373C0
S315100201A0C0A06060199881819ED14F4FA37FDCDC7D
S315100201B044662222547E2A2A3BAB90900B8388886F
S315100201C08CCA4646C729EEEE6BD3B8B8283C14142F
S315100201D0A779DEDEBCE25E5E161D0B0BAD76DBDBAF
S315100201E0DB3BE0E064563232744E3A3A141E0A0A87
S315100201F092DB49490C0A0606486C2424B8E45C5C76
S315100202009F5DC2C2BD6ED3D343EFACACC4A66262CD
S3151002021039A8919131A49595D337E4E4F28B797983
S31510020220D532E7E78B43C8C86E593737DAB76D6DE3
S31510020230018C8D8DB164D5D59CD24E4E49E0A9A9BB
S31510020240D8B46C6CACFA5656F307F4F4CF25EAEA36
S31510020250CAAF6565F48E7A7A47E9AEAE1018080809
S315100202606FD5BABAF08878784A6F25255C722E2E29
S3151002027038241C1C57F1A6A673C7B4B49751C6C628
S31510020280CB23E8E8A17CDDDDE89C74743E211F1FB8
S3151002029096DD4B4B61DCBDBD0D868B8B0F858A8A35
S315100202A0E09070707C423E3E71C4B5B5CCAA6666CB
S315100202B090D8484806050303F701F6F61C120E0EEF
S315100202C0C2A361616A5F3535AEF9575769D0B9B9BC
S315100202D0179186869958C1C13A271D1D27B99E9E28
S315100202E0D938E1E1EB13F8F82BB3989822331111B0
S315100202F0D2BB6969A970D9D907898E8E33A794940E
S315100203002DB69B9B3C221E1E15928787C920E9E9B2
S315100203108749CECEAAFF555550782828A57ADFDF11
S31510020320038F8C8C59F8A1A1098089891A170D0D92
S3151002033065DABFBFD731E6E684C64242D0B86868EE
S3151002034082C3414129B099995A772D2D1E110F0F4B
S315100203507BCBB0B0A8FC54546DD6BBBB2C3A161648
S315100203600000000100000002000000040000000866
S315100203700000001000000020000000400000008075
S315100203800000001B00000036982F8A4291443771F4
S31510020390CFFBC0B5A5DBB5E95BC25639F111F159F0
S315100203A0A4823F92D55E1CAB98AA07D8015B831232
S315100203B0BE853124C37D0C55745DBE72FEB1DE80DE
S315100203C0A706DC9B74F19BC1C1699BE48647BEEF0D
S315100203D0C69DC10FCCA10C246F2CE92DAA84744A98
S315100203E0DCA9B05CDA88F97652513E986DC631A80E
S315100203F0C82703B0C77F59BFF30BE0C64791A7D5ED
S315100204005163CA0667292914850AB72738211B2E74
S31510020410FC6D2C4D130D385354730A65BB0A6A765C
S315100204202EC9C281852C7292A1E8BFA24B661AA868
S31510020430708B4BC2A3516CC719E892D1240699D678
S3151002044085350EF470A06A1016C1A419086C371EF1
S315100204504C774827B5BCB034B30C1C394AAAD84ECF
S315100204604FCA9C5BF36F2E68EE828F746F63A5780A
S315100204701478C8840802C78CFAFFBE90EB6C50A49D
S31510020480F7A3F9BEF27871C6030000000004084013
S3151002049001000000010001000004084002000000F3
S315100204A001000100000408400400000001000100E0
S315100204B0020000000080004004000000000101005C
S315100204C00090004080000000000101000004084076
S315100204D02000000003000000000408401000000085
S315100204E0030000000090004080000000020000009F
S315100204F0008000400000000802000000008000405A
S315100205000080000002000000008000400800000089
S3151002051002000000009000404000000002000000AF
S31510020520008000400000000402000000008000402D
S31510020530004000000200000000800040040000009D
S315100205400200000000040840C00000000300000082
S3151002055000900040030000000200000000800040EE
S31510020560003000000200000000800040030000007E
S315100205700200000000800040080000000200000097
S315100205800080004000900040000408400006084029
S31510020590002020202020202020202828282828203B
S315100205A02020202020202020202020202020202033
S315100205B0208810101010101010101010101010109B
S315100205C0100404040404040404040410101010108B
S315100205D01010414141414141010101010101010155
S315100205E001010101010101010101010110101010A7
S315100205F01010424242424242020202020202020227
S31510020600020202020202020202020202101010107A
S3151002061020000000000000000000000000000000A2
S3151002062000000000000000000000000000000000B2
S3151002063000000000000000000000000000000000A2
S315100206400000000000000000000000000000000092
S315100206500000000000000000000000000000000082
S315100206600000000000000000000000000000000072
S315100206700000000000000000000000000000000062
S315100206800000000000000000000000000000000052
S3151002069000000000202020202020202020202020C2
S315100206A02020202030303030303030303030303072
S315100206B030303030202020202020202020202020E2
S315100206C02020202030303030303030303030303052
S315100206D03030303000000000050000001900000024
S315100206E07D00000000000000000000000000F03F46
S315100206F000000000000024400000000000005940E5
S315100207000000000000408F40000000000088C34037
S3151002071000000000006AF8400000000080842E41AC
S3151002072000000000D01263410000000084D79741F8
S315100207300000000065CDCD41000000205FA00242FE
S31510020740000000E876483742000000A2941A6D4273
S31510020750000040E59C30A2420000901EC4BCD64266
S3151002076000003426F56B0C430080E03779C3414311
S3151002077000A0D8855734764300C84E676DC1AB4387
S31510020780003D9160E458E143408CB5781DAF1544A5
S3151002079050EFE2D6E41A4B4492D54D06CFF0804480
S315100207A0F64AE1C7022DB544B49DD9794378EA4495
S315100207B0BC89D897B2D29C3C33A7A8D523F649391F
S315100207C03DA7F444FD0FA5329D978CCF08BA5B2541
S315100207D0436FAC642806C80A0080E03779C34143E8
S315100207E0176E05B5B5B89346F5F93FE9034F384D7F
S315100207F0321D30F94877825A3CBF737FDD4F15752B
S3151002080020202020202020202020202020202020D0
S3151002081030303030303030303030303030303030C0
S31510020820F8B500BFF8BC08BC9E467047F8B500BFC5
S31510020830F8BC08BC9E4670475FF800F0D10A00204B
S315100208405FF800F0A50B00205FF800F041090020C8
S315100208505FF800F0D1060020100000000000000032
S31510020860017A5200027C0E011B0C0D001C000000C6
S3151002087018000000CC4CFFFFD800000000410E0803
S315100208808501840202490A4AC5C4410B10000000C0
S3151002089000000000017A5200027C0E011B0C0D00B2
S315100208A01400000018000000645CFFFF3401000011
S315100208B00002710A430B0000100000000000000045
S315100208C0017A5200027C0E011B0C0D00380000004A
S315100208D0180000004C7FFFFF9E00000000510E1012
S315100208E084048503860287015BC7C6C5C40E004C05
S315100208F00A420B0A420B0E108404850386028701F4
S3111002090051C7C6C5C40E0000000000005E
S30D10020910304CFF7F01000000CC
S31510020918FFFF00000000014000200440FFFFFFFF18
S315100209280090024000000000200000200000000095
S315100209380000000064240020CC2400203425002066
S315100209480000000000000000000000000000000087
S315100209580000000000000000000000000000000077
S315100209680000000000000000000000000000000067
S315100209780000000000000000000000000000000057
S315100209880000000000000000000000000000000047
S315100209980000000000000000000000000000000037
S315100209A80000000000000000000000000000000027
S315100209B80000000000000000000000000000000017
S315100209C80000000000000000010000000000000006
S315100209D80E33CDAB34126DE6ECDE05000B000000CB
S315100209E800000000000000000000000000000000E7
S315100209F800000000000000000000000000000000D7
S31510020A0800000000000000000000000000000000C6
S31510020A1800000000000000000000000000000000B6
S31510020A2800000000000000000000000000000000A6
S31510020A380000000000000000000000000000000096
S31510020A480000000000000000000000000000000086
S31510020A5800000000030000006424002000000000CB
S31510020A680000000000000000500100205001002084
S31510020A785801002058010020600100206001002062
S31510020A886801002068010020700100207001002012
S31510020A9878010020780100208001002080010020C2
S31510020AA88801002088010020900100209001002072
S31510020AB89801002098010020A0010020A001002022
S31510020AC8A8010020A8010020B0010020B0010020D2
S31510020AD8B8010020B8010020C0010020C001002082
S31510020AE8C8010020C8010020D0010020D001002032
S31510020AF8D8010020D8010020E0010020E0010020E2
S31510020B08E8010020E8010020F0010020F001002091
S31510020B18F8010020F801002000020020000200203F
S31510020B2808020020080200201002002010020020ED
S31510020B38180200201802002020020020200200209D
S31510020B48280200202802002030020020300200204D
S31510020B5838020020380200204002002040020020FD
S31510020B6848020020480200205002002050020020AD
S31510020B78580200205802002060020020600200205D
S31510020B88680200206802002070020020700200200D
S31510020B9878020020780200208002002080020020BD
S31510020BA8880200208802002090020020900200206D
S31510020BB89802002098020020A0020020A00200201D
S31510020BC8A8020020A8020020B0020020B0020020CD
S31510020BD8B8020020B8020020C0020020C00200207D
S31510020BE8C8020020C8020020D0020020D00200202D
S31510020BF8D8020020D8020020E0020020E0020020DD
S31510020C08E8020020E8020020F0020020F00200208C
S31510020C18F8020020F802002000030020000300203A
S31510020C2808030020080300201003002010030020E8
S31510020C381803002018030020200300202003002098
S31510020C482803002028030020300300203003002048
S31510020C5838030020380300204003002040030020F8
S31510020C6848030020480300205003002050030020A8
S31510020C785803002058030020600300206003002058
S31510020C886803002068030020700300207003002008
S31510020C9878030020780300208003002080030020B8
S31510020CA88803002088030020900300209003002068
S31510020CB89803002098030020A0030020A003002018
S31510020CC8A8030020A8030020B0030020B0030020C8
S31510020CD8B8030020B8030020C0030020C003002078
S31510020CE8C8030020C8030020D0030020D003002028
S31510020CF8D8030020D8030020E0030020E0030020D8
S31510020D08E8030020E8030020F0030020F003002087
S31510020D18F8030020F8030020000400200004002035
S31510020D2808040020080400201004002010040020E3
S31510020D381804002018040020200400202004002093
S31510020D482804002028040020300400203004002043
S31510020D5838040020380400204004002040040020F3
S31510020D6848040020480400205004002050040020A3
S31510020D785804002058040020600400206004002053
S31510020D886804002068040020700400207004002003
S31510020D9878040020780400208004002080040020B3
S31510020DA88804002088040020900400209004002063
S31510020DB89804002098040020A0040020A004002013
S31510020DC8A8040020A8040020B0040020B0040020C3
S31510020DD8B8040020B8040020C0040020C004002073
S31510020DE8C8040020C8040020D0040020D004002023
S31510020DF8D8040020D8040020E0040020E0040020D3
S31510020E08E8040020E8040020F0040020F004002082
S31510020E18F8040020F8040020000500200005002030
S31510020E2808050020080500201005002010050020DE
S31510020E38180500201805002020050020200500208E
S31510020E48280500202805002030050020300500203E
S31510020E5838050020380500204005002040050020EE
S31510020E684805002048050020FFFFFFFF000002008A
S31510020E78430000000000000000000000000000000F
S31510020E880000000000000000000000000000000042
S31510020E9843000000000000000000000000000000EF
S31510020EA80000000000000000000000000000000022
S31510020EB843000000000000000000000000000000CF
S31510020EC80000000000000000000000000000000002
S31510020ED843000000000000000000000000000000AF
S31510020EE800000000000000000000000000000000E2
S31510020EF8430000000000000000000000000000008F
S31510020F0800000000000000000000000000000000C1
S31510020F18430000000000000000000000000000006E
S31510020F2800000000000000000000000000000000A1
S31510020F38430000000000000000000000000000004E
S31510020F480000000000000000000000000000000081
S31510020F5885C00110C5BE01100000000090050210E0
S31510020F687CE101109CDD01109CDD01109CDD011055
S31510020F789CDD01109CDD01109CDD01109CDD011029
S31510020F889CDD01109CDD0110FFFFFFFFFFFFFFFF35
S31510020F98FFFFFFFFFFFF00000100415343494900CD
S31510020FA80000000000000000000000000000000021
S31510020FB800000000000000000000415343494900A8
S31510020FC80000000000000000000000000000000001
S31510020FD800000000000000000000000000F064B8E5
S31510020FE800F17043B3F5002F20D3A0F18453B3F563
S31510020FF8804F1ED2C0F30D0000F5002100B50E4831
S3151002100883B000F097F84FF08042136843F040031C
S31510021018136013685B06FCD44FF08052074B1268B4
S3151002102801921B68019303B05DF804FBC0F3120129
S31510021038E4E76FF0020070470090024000200010AB
S31510021048020729D100F17043B3F5002F0A4620D3BF
S31510021058A0F18453B3F5804F1ED2C0F30D0000F5EC
S31510021068002100B50E4883B000F058F94FF08042BF
S31510021078136843F04003136013685B06FCD44FF001
S315100210888052084B126801921B68019303B05DF8EF
S3151002109804FBC0F31201E4E76FF00200704700BFC9
S315100210A80090024000200010024B986800F00700DA
S315100210B8704700BF009002408268034650072AD143
S315100210C81A4A1B491268A1FB0212920C5A605A6AF2
S315100210D891071BD49A6822F0704242F000529A6025
S315100210E89A6822F47F4242F42A429A609A6842F037
S315100210F802029A609A685207FCD19A6822F07042E4
S315100211089A60586A10F0020008D170475A6A22F09B
S3151002111802025A62DEE76FF00500F6E75A6A22F013
S3151002112802026FF006005A62704700BF6C27002051
S3151002113883DE1B438268520703462BD11A4A1B4881
S315100211481268A0FB0202920C5A605A6A90071CD4C3
S315100211589A6822F0704242F000529A609A6822F413
S315100211687F4242F4AA429A6019609A6842F00402CF
S315100211789A609A685207FCD19A6822F070429A606D
S31510021188586A10F0020008D170475A6A22F0020211
S315100211985A62DDE76FF00500F6E75A6A22F0020294
S315100211A86FF006005A6270476C27002083DE1B43D5
S315100211B88B0739D10346086832EA000041D198688C
S315100211C8400721F0030132D11F4810B400681F4CA2
S315100211D8A4FB0040800C5860586A80071FD4986890
S315100211E820F0704040F000509860986840F0100067
S315100211F8986019601A639A6842F001029A609A68AE
S31510021208D101FCD49A685207FCD19A6822F070422E
S315100212189A60586A10F002000CD110BC7047586ACE
S3151002122820F002005862DAE76FF0020070476FF09A
S31510021238050070475A6A22F002025A626FF00600D7
S31510021248EBE76FF0060070476C27002083DE1B431E
S3151002125870B5844684B000208E07CDE90000CDE92A
S31510021268020050D1086832EA000049D1DCF8084079
S31510021278650721F00F0049D1264C274D2468A5FB96
S315100212880454A40CCCF80440DCF82440A40725D452
S31510021298DCF8084024F0704444F00054CCF80840B6
S315100212A800F11004A04286460DD2051DAC4234BF89
S315100212B80124042400EB84046D465EF8046B45F899
S315100212C8046BA645F9D111F00C0FCCF800300CD1ED
S315100212D800926946FFF7B4FE04B070BDDCF82440EC
S315100212E824F00204CCF82440D2E70B0701D4019269
S315100212F8EFE701F00F010B2994BF02920392E8E778
S315100213086FF00600E8E76FF00200E5E76FF00500F8
S31510021318E2E700BF6C27002083DE1B430B073AD196
S3151002132803468068400739D1214810B40068214C19
S31510021338A4FB0040800C5860586A800726D4986827
S3151002134820F0704040F000509860986820F0100025
S31510021358986019601168196351685963916899639D
S31510021368D268DA639A6842F001029A609A68D101E1
S31510021378FCD49A685207FCD19A6822F070429A6095
S31510021388586A10F002000CD110BC7047586A20F047
S3151002139802005862D3E76FF0020070476FF005003B
S315100213A870475A6A22F002026FF006005A62EBE799
S315100213B86C27002083DE1B4300EB810C60450DD29F
S315100213C8043A01E0604509D2016852F8043F99428D
S315100213D800F10400F6D06FF006007047002070473F
S315100213E82DE9F04310F0030787B004460E4615465A
S315100213F80BD012E0230728D029680191204600F065
S315100214085FF8043E0434043520B9032EF2D8002EB0
S3151002141841D1304607B0BDE8F08320F0030901AB8D
S31510021428C7F10408D8192946D9F80030019342465B
S3151002143800F04AF80199484600F042F80028E9D126
S31510021448043E44443E444544DFE70F2E02D815E0D5
S315100214580F2E11D928686968AA68EB680DF1080C6D
S31510021468ACE80F00204602A9FFF7EAFD103E103439
S3151002147810350028ECD0CDE7032EC8D9296801917A
S31510021488204600F01DF8043E043404350028F3D033
S3151002149807B0BDE8F083236801932946324601A8AE
S315100214A800F012F80199204607B0BDE8F04300F0A3
S315100214B807B800BF03460846194600F005B800BF2C
S315100214C85FF800F0054001105FF800F00D65011095
S311100214D8B1B2011071E2001049E20010DE
S309100214E400000000EC
S7051000E20107
